path	size	sha256	release_asset
UploadFiles/xwzx/2021/1/202101271452073454.Jpeg	1855226	8b1e3119e960deb2044e928bd37e0e19356802d3c768690c1df4bf8891b877ad	archive-xwzx-2026-part-001.tar.gz
UploadFiles/xwzx/2021/1/202101271452079942.Jpeg	147065	1325d850e10ed3703eda28bd68d10ec04250c8182f70f52f4147122762183d99	archive-xwzx-2026-part-001.tar.gz
UploadFiles/xwzx/2021/1/202101271452082856.Jpeg	142954	4af44b0e45cc3e2a22452fa1ecb62f824c51d9b21ea4a0ce8fcc23dce0d4c79a	archive-xwzx-2026-part-001.tar.gz
UploadFiles/xwzx/2021/1/202101271452086392.Jpeg	1657903	ba64ec3d47293ddcb96c6d8b01327eca4251f63ef511c84449d8ccf568b7923a	archive-xwzx-2026-part-001.tar.gz
UploadFiles/xwzx/2021/1/202101271452087671.Jpeg	113574	c47c03635461fa78029b8901003f5c48bc27be47acfe1d3923f20cc5bdca0703	archive-xwzx-2026-part-001.tar.gz
UploadFiles/xwzx/2021/1/202101271452089832.Jpeg	94789	0d9a7c5cfe38ae9dae6cb782febe6b68ea2842b9085af6e5ead77a4f49ca18d1	archive-xwzx-2026-part-001.tar.gz
UploadFiles/xwzx/2021/10/202110091520330351.JPG	15193889	a8ffb067d4954ee136711deb30862c1d246303bee344c289674fc0f96b7f8bf3	archive-xwzx-2026-part-001.tar.gz
UploadFiles/xwzx/2021/10/202110091520345272.JPG	15052149	87b10bd6d6065159028f2e9ce61764792b76a40f22aaac2b391dda173b965f8b	archive-xwzx-2026-part-001.tar.gz
UploadFiles/xwzx/2021/10/202110101239220409.xlsx	48614	be194ba6beb069238d79443d7b163fb351194aab33dd770a06a42b8b291f9145	archive-xwzx-2026-part-001.tar.gz
UploadFiles/xwzx/2021/10/202110120849427657.JPG	6709143	f4429921586b56e43b4b4cf74bf16c70cba9187c7ba031d4004fb2849d2b2dc4	archive-xwzx-2026-part-001.tar.gz
UploadFiles/xwzx/2021/10/202110120849473599.JPG	6583942	7cc1956593436b9db0a10bd99eb29ea18c55ae9c46b72f62d30196b4f302e39b	archive-xwzx-2026-part-001.tar.gz
UploadFiles/xwzx/2021/10/202110120849491831.JPG	5073145	10f6699cc79c3330fa0daf161c840dc5d464c854c6fff3d237fc3832eaf6586e	archive-xwzx-2026-part-001.tar.gz
UploadFiles/xwzx/2021/10/202110120849496268.jpg	1141354	2e696a934941424d2e9c159459c4d6d67af97ce71f3d92b3de95f6ce891a19aa	archive-xwzx-2026-part-001.tar.gz
UploadFiles/xwzx/2021/10/202110120849515495.JPG	5223702	f6198fcc5cb86d68e45359e16d00cf7a2f209c0f0652b4c8ef7be45aeba2bdc9	archive-xwzx-2026-part-001.tar.gz
UploadFiles/xwzx/2021/10/202110130832035235.jpg	610329	ff871164d220347ab5446212adeb5c17a12f9830cccabd731b3139b5a7b83133	archive-xwzx-2026-part-001.tar.gz
UploadFiles/xwzx/2021/10/202110130832070740.jpg	601054	45240c4576109d139b059a399b9442f3a270fbd19dcfed7ae15584521429b8ed	archive-xwzx-2026-part-001.tar.gz
UploadFiles/xwzx/2021/10/202110150938032038.gif	996	6a8c34408daee220b364f56261db307a68c0d8732f762bb90ddccb5482683677	archive-xwzx-2026-part-001.tar.gz
UploadFiles/xwzx/2021/10/202110191637220944.jpg	4791253	7591ceb31d1780870d576aa37ffa32dd8bfbf44f6f106e8250b71ff353b2b5ac	archive-xwzx-2026-part-001.tar.gz
UploadFiles/xwzx/2021/10/202110220825167717.xls	34304	83f3b6c1f4fe2191e4796fba30872683799de0c65bd6aa0c3173d798a230e35d	archive-xwzx-2026-part-001.tar.gz
UploadFiles/xwzx/2021/10/202110220825389199.gif	1005	96ae963c64e3bf7edd26f5e8d131f80d1444536dc7c69b6164d23e4db16a20d3	archive-xwzx-2026-part-001.tar.gz
UploadFiles/xwzx/2021/10/202110220848211444.xlsx	48615	dc0106c7b59ec54ca8250f92fcba9e6c514ef5bbd915262a8557a72e40aff098	archive-xwzx-2026-part-001.tar.gz
UploadFiles/xwzx/2021/10/202110220848440288.xls	34304	859e22e04603efe016797fa115c6bf6549d029ccdcbcf893acb64d551f574602	archive-xwzx-2026-part-001.tar.gz
UploadFiles/xwzx/2021/10/202110261656320407.jpg	191356	c3fa3ad979b14fab65fdb3e02560449452289f0f057135147c9c2ba0efa7d102	archive-xwzx-2026-part-001.tar.gz
UploadFiles/xwzx/2021/10/202110291036202684.jpg	3757858	8306ba0f276a2b4a81c657e83fe545b8676ea5c3e886094463c7445351c3cf81	archive-xwzx-2026-part-001.tar.gz
UploadFiles/xwzx/2021/10/202110291036382057.jpg	3084181	0838ecb62fe488bee6141d5626dab5436a12eff6d69da00730b6b6e0e92d3a1b	archive-xwzx-2026-part-001.tar.gz
UploadFiles/xwzx/2021/10/202110291047462043.jpg	339457	d978a6f8a49484ceeb8c4073d345b0ff56dda2c557429f3ce622aaefcc751665	archive-xwzx-2026-part-001.tar.gz
UploadFiles/xwzx/2021/11/202111020825007572.xls	34816	7c2b7f23f8f646e7c3114b4f0ba28f35260efd978fa5672447cc343ded3b9a4b	archive-xwzx-2026-part-001.tar.gz
UploadFiles/xwzx/2021/11/202111020825210022.xlsx	48564	46384c6470b2ac669e2f849058781c7a2e502eede0b37c5951af988ff9cae01c	archive-xwzx-2026-part-001.tar.gz
UploadFiles/xwzx/2021/11/202111032040166022.xls	34304	90837e327b32e4c46c0f1b9eb1d7552043830b1f367007431a244a55db7cfc91	archive-xwzx-2026-part-001.tar.gz
UploadFiles/xwzx/2021/11/202111032040400983.xlsx	48684	1833c54430312b0de4b2481c61b7b493a468361f207fe27dfc2fe4fbf5487e4b	archive-xwzx-2026-part-001.tar.gz
UploadFiles/xwzx/2021/11/202111051628209198.JPG	5376860	e26a4d6169b59c767e96d955c87272a34bf0a380d8b83aa2f5ee05818436b597	archive-xwzx-2026-part-001.tar.gz
UploadFiles/xwzx/2021/11/202111051628209376.JPG	7357233	4025f7835f633be88ac71993f9658ae002e7a3a8b80c84f0a6b1f70129b9f4ea	archive-xwzx-2026-part-001.tar.gz
UploadFiles/xwzx/2021/11/202111100928432091.xls	34304	6e942031c5c2437ff287154ef39aa5800a7f3c2ba504cf3a8895e97dd746bdda	archive-xwzx-2026-part-001.tar.gz
UploadFiles/xwzx/2021/11/202111120825304793.xls	34304	e4ac9862d035fd27e03298358205613aefb0e3d9291e1c442d3f17908fcc5bec	archive-xwzx-2026-part-001.tar.gz
UploadFiles/xwzx/2021/11/202111120825501784.xlsx	48598	313f781c08b1f841bc8f5fd4c625bb1e02f8a7b053b51284d3a55562e8d0e874	archive-xwzx-2026-part-001.tar.gz
UploadFiles/xwzx/2021/11/202111151652071033.JPG	4642440	a86118e98ae9ba5699bfac4038378efc4b0c53a71ace263084546482a30adf10	archive-xwzx-2026-part-001.tar.gz
UploadFiles/xwzx/2021/11/202111151652072908.jpg	9189351	7dfe6d4d679b002edf07852a2c55e18adfc1cf6fded7deb83983160ce11c2445	archive-xwzx-2026-part-001.tar.gz
UploadFiles/xwzx/2021/11/202111151652087275.JPG	5012713	7f2a97954fc1ec0f17289268ef0f4b1817f0da4107ede69199f617b221ff2f85	archive-xwzx-2026-part-001.tar.gz
UploadFiles/xwzx/2021/11/202111220759437298.xlsx	48592	3ce89fe12863071a212f497d2126b1d23267d972c06bcd5d044b79a755a3a930	archive-xwzx-2026-part-001.tar.gz
UploadFiles/xwzx/2021/11/202111220824178767.xls	34304	faea5580000aff23145ae678f61a90a41a5795423a09a9a1653c2fff600eba3f	archive-xwzx-2026-part-001.tar.gz
UploadFiles/xwzx/2021/11/202111250808207668.gif	1005	96ae963c64e3bf7edd26f5e8d131f80d1444536dc7c69b6164d23e4db16a20d3	archive-xwzx-2026-part-001.tar.gz
UploadFiles/xwzx/2021/11/202111261030220298.jpg	59317	eecc2c6c6221641bb8f8e1ed601fa9b949e0bcefada8b78c0aa51ece6317a470	archive-xwzx-2026-part-001.tar.gz
UploadFiles/xwzx/2021/12/202112021207263446.xls	34816	523db0de0b93fa373556165a2cbb94dd5e16c9f265cb31307597d8a0657cf0f0	archive-xwzx-2026-part-001.tar.gz
UploadFiles/xwzx/2021/12/202112031109392951.xls	34304	d73ce6397fdde3f87c093fcd34029e4854d91582ef5539f9a5c6a0d071a36ee1	archive-xwzx-2026-part-001.tar.gz
UploadFiles/xwzx/2021/12/202112031110002520.xlsx	53239	e24d2c3d04c745656b65ac82b2dcf50b8e9c3f00d872279c1aafb622b8d7bbfb	archive-xwzx-2026-part-001.tar.gz
UploadFiles/xwzx/2021/12/202112031501281200.xls	34304	ff26502703d02db3c6db03e85864d71b75fb81d8696f033539f379d3440bfaa7	archive-xwzx-2026-part-001.tar.gz
UploadFiles/xwzx/2021/12/202112031503391699.gif	1005	96ae963c64e3bf7edd26f5e8d131f80d1444536dc7c69b6164d23e4db16a20d3	archive-xwzx-2026-part-001.tar.gz
UploadFiles/xwzx/2021/12/202112031506028773.gif	1005	96ae963c64e3bf7edd26f5e8d131f80d1444536dc7c69b6164d23e4db16a20d3	archive-xwzx-2026-part-001.tar.gz
UploadFiles/xwzx/2021/12/202112031752309947.jpg	128522	23b9ce1c864ba929854f72850bf1121a6c50ae7546efbea712ac0be81707b0ba	archive-xwzx-2026-part-001.tar.gz
UploadFiles/xwzx/2021/12/202112041240346483.xls	34304	a2bf6d974e3d09f56e722cc479d61061330b00e3faed740960f09a439c632132	archive-xwzx-2026-part-001.tar.gz
UploadFiles/xwzx/2021/12/202112041240538368.xlsx	48592	80876bcb706f6d0f5b576ccd9549300749cabd62dd620b7936669582dd86d284	archive-xwzx-2026-part-001.tar.gz
UploadFiles/xwzx/2021/12/202112061010242667.docx	13089	d735172b9606c739a4d4afb0a2de84d37c9dff58ac16aaa8ef6bbdd1db94f9ed	archive-xwzx-2026-part-001.tar.gz
UploadFiles/xwzx/2021/12/202112061010456965.docx	12979	689497969368976fe8271c37523c4ec11b25ca6664517cb3e7a4bf9ede3e90b7	archive-xwzx-2026-part-001.tar.gz
UploadFiles/xwzx/2021/12/202112061347223209.png	30768	1bda44672e6f7f9cc2f9857318f1f4ab58fa19095579435b4315e839fb033650	archive-xwzx-2026-part-001.tar.gz
UploadFiles/xwzx/2021/12/202112070803031737.xls	34304	2b8bdfce94c4502d6588122176a1e5fbc491a3717924c791758e39c715779787	archive-xwzx-2026-part-001.tar.gz
UploadFiles/xwzx/2021/12/202112070803231981.xlsx	48569	01f7b21b84f97fc7a5fa217e8be77c970b9e6098f17554d98906cd7d09640302	archive-xwzx-2026-part-001.tar.gz
UploadFiles/xwzx/2021/12/202112070810474964.xlsx	9029	942c73d52f22079a442a2ccdb644d895a72b8ed30d351442e39210d165c606f2	archive-xwzx-2026-part-001.tar.gz
UploadFiles/xwzx/2021/12/202112070812365193.gif	1005	96ae963c64e3bf7edd26f5e8d131f80d1444536dc7c69b6164d23e4db16a20d3	archive-xwzx-2026-part-001.tar.gz
UploadFiles/xwzx/2021/12/202112070852232910.png	18152	b15dfd3f01037de13c2aef3bae84de64884dc12fdaf90187ef7b0bdd08d02659	archive-xwzx-2026-part-001.tar.gz
UploadFiles/xwzx/2021/12/202112070904089979.jpg	63539	113fe90aeba07e2d94eb2cb538fe84dcb58aed2e19da0d0a430a40ee9585feed	archive-xwzx-2026-part-001.tar.gz
UploadFiles/xwzx/2021/12/202112071006493081.jpg	257020	0be8b1a4215da358c5c0fc516bb64ec066022c8ea26a421d6f5dd561e42f5616	archive-xwzx-2026-part-001.tar.gz
UploadFiles/xwzx/2021/12/202112071006495368.jpg	273522	efbbb4dbcbd490d9aaef212f988ea6c8e3af710b74c9b846eea4da39dc363baf	archive-xwzx-2026-part-001.tar.gz
UploadFiles/xwzx/2021/12/202112071043249665.xlsx	11981	8859d0ed8b286e29b1dce820e83facf0f5004fed33c6de7a484d38d68e7a1f85	archive-xwzx-2026-part-001.tar.gz
UploadFiles/xwzx/2021/12/202112080835435166.pdf	1250812	52070b7a0538c784dfed9de997c3b81ffd9449d7db84c157fecbdb7c1df7edc9	archive-xwzx-2026-part-001.tar.gz
UploadFiles/xwzx/2021/12/202112080837057007.xls	35840	a01b8f71ec520fd7381dc428712bb8ff06792b69404c4e4479ac03641b9f6001	archive-xwzx-2026-part-001.tar.gz
UploadFiles/xwzx/2021/12/202112080838084791.xlsx	48576	62aaa5946df97e3c661b4b91508c8452f4df07151434e403629612b439b5f0c5	archive-xwzx-2026-part-001.tar.gz
UploadFiles/xwzx/2021/12/202112080838237898.xlsx	11999	27349831db148cc6c0fcbe22875f783706a9dc5ff945da1c2d601b9734fe53bd	archive-xwzx-2026-part-001.tar.gz
UploadFiles/xwzx/2021/12/202112080949200897.doc	32256	6df1021d86a6532e8d432aa2e48d98123f4d4331418df9c4256eb74002773f68	archive-xwzx-2026-part-001.tar.gz
UploadFiles/xwzx/2021/12/202112080949581616.gif	1012	62c86a7776611273707faece405890b74a8c521b17a73e339875d8aa4f9ca361	archive-xwzx-2026-part-001.tar.gz
UploadFiles/xwzx/2021/12/202112081210290235.png	56460	4135d8efb3de7196a21a5663f84f9f40d7b2b832de020ca026b30bc28fd1406a	archive-xwzx-2026-part-001.tar.gz
UploadFiles/xwzx/2021/12/202112081415548710.docx	56531	9220ebf1141ab958c3f7e49cd8e3f0c71e87cb7062e0fb4a7cbad841777c1045	archive-xwzx-2026-part-001.tar.gz
UploadFiles/xwzx/2021/12/202112081416023549.gif	1012	62c86a7776611273707faece405890b74a8c521b17a73e339875d8aa4f9ca361	archive-xwzx-2026-part-001.tar.gz
UploadFiles/xwzx/2021/12/202112090842498724.xls	36864	29d6ca6765f8aa8b3ca36678938582b2a71e2a2fa8fb3728701613d9aee6182a	archive-xwzx-2026-part-001.tar.gz
UploadFiles/xwzx/2021/12/202112090843195882.xlsx	12015	219a668d001fcacedfc20bfa69ad5131bc39f438d5631208fa9f46ac4f099993	archive-xwzx-2026-part-001.tar.gz
UploadFiles/xwzx/2021/12/202112090843400494.xlsx	48595	482ca373991dded035fc24ffe92851049b87cfc93971024a89a5a1ba2684428e	archive-xwzx-2026-part-001.tar.gz
UploadFiles/xwzx/2021/12/202112091018326710.JPG	3583862	ea502381f6c3164811c1976ba0231f7a795559be1936c7c900a88ea4a50cd0c0	archive-xwzx-2026-part-001.tar.gz
UploadFiles/xwzx/2021/12/202112091019501873.jpg	280190	c8299a0cc3572b7889aade502931650ff2b5bf96372ac713b26c6b59c2bd8ab4	archive-xwzx-2026-part-001.tar.gz
UploadFiles/xwzx/2021/12/202112091019503350.jpg	295958	e569342324ce51a623cad380b7297b9512143374960787ceee807a8d7622dfbb	archive-xwzx-2026-part-001.tar.gz
UploadFiles/xwzx/2021/12/202112091019506946.jpg	246740	5bd03dc12b572b0b8f0de3a73d9bb95879a9df4fb2ee6a519917c1183e595c20	archive-xwzx-2026-part-001.tar.gz
UploadFiles/xwzx/2021/12/202112091019510676.jpg	211481	289bdfa98739360e660a56989edb9df8f0443a9bc55fe7593065b038cf646142	archive-xwzx-2026-part-001.tar.gz
UploadFiles/xwzx/2021/12/202112091019510980.jpg	320863	df3c8289a45ed05476dc2e8e10a17402fc21544880e6de48d2943b23fc8cbb53	archive-xwzx-2026-part-001.tar.gz
UploadFiles/xwzx/2021/12/202112091019511019.jpg	304287	e79234318080b8a1181e26daa52b80f0db205e2e120bba28d2c8e5abccc8cf44	archive-xwzx-2026-part-001.tar.gz
UploadFiles/xwzx/2021/12/202112091019512334.jpg	194393	673207b297028c9447960a99a2830f15208d8e77e501ebff15d091f2a7d94a8d	archive-xwzx-2026-part-001.tar.gz
UploadFiles/xwzx/2021/12/202112091019514482.jpg	225524	8f0d0e1bcbec755c473e6b05485b191268a85534b86f14ca4655bd68135b299e	archive-xwzx-2026-part-001.tar.gz
UploadFiles/xwzx/2021/12/202112091019517297.jpg	167516	e5e83ab722c3024eb60f40c7526e594d6487a9a09358edfd7c61cc242f91af94	archive-xwzx-2026-part-001.tar.gz
UploadFiles/xwzx/2021/12/202112091019517656.jpg	157085	67761d3c6b434cc78005b6f7ee58287a34678532ca7a78a8ecd7ad1b232713cd	archive-xwzx-2026-part-001.tar.gz
UploadFiles/xwzx/2021/12/202112091019520537.jpg	167786	243e6c013c5173a5aed8de139965ea21512a0eaeb7717ff4d5b2d8839374ef27	archive-xwzx-2026-part-001.tar.gz
UploadFiles/xwzx/2021/12/202112091019520749.jpg	113249	5bd84bd5c1d3b1ffc3af275fbd36969611b97bda0d0d36d5faf2679a89b61afe	archive-xwzx-2026-part-001.tar.gz
UploadFiles/xwzx/2021/12/202112091019520853.jpg	162223	a3af40d12cd50c46622ec10871f3c444ceed92b3efd5f6f6d01b5ba2484ba206	archive-xwzx-2026-part-001.tar.gz
UploadFiles/xwzx/2021/12/202112091019521648.jpg	165360	23917f067318174a08ca1916fedd3c9b32599779abbcede6de2f3f78bd638b83	archive-xwzx-2026-part-001.tar.gz
UploadFiles/xwzx/2021/12/202112091019526891.jpg	164320	ca8f968b367795f9ffa5bebbec10bfa966a33deab432b98cdafd00d2aabb9526	archive-xwzx-2026-part-001.tar.gz
UploadFiles/xwzx/2021/12/202112091019528980.jpg	140643	2fa84602202dcec26d0151c1acf7fa538ef6cc53d44a9f8ae40a18a480ba92d2	archive-xwzx-2026-part-001.tar.gz
UploadFiles/xwzx/2021/12/202112091019530246.jpg	164865	623d24efac0dc3ed8b212650b2625e888c5df3e820d6dbf104e834ef5de55584	archive-xwzx-2026-part-001.tar.gz
UploadFiles/xwzx/2021/12/202112091019531245.jpg	269365	95169cf130c5b053b146a68aa99aae06cb1cde330bd4e99066a5a9173a248a3b	archive-xwzx-2026-part-001.tar.gz
UploadFiles/xwzx/2021/12/202112091019536396.jpg	239131	6fdf4fe7119b609527cf1e84d0e53da04c2994a044e9b2d065e8026307791db0	archive-xwzx-2026-part-001.tar.gz
UploadFiles/xwzx/2021/12/202112091019536438.jpg	651926	84e2ddd231bb1d837cab08d67754a0132cabc66e84c093d35f87c69248ea4be8	archive-xwzx-2026-part-001.tar.gz
UploadFiles/xwzx/2021/12/202112091019536968.jpg	260720	8de60712a1c8bcc51bcf2b94a7652433b8ee6e0db2889acd7d7374833e30f922	archive-xwzx-2026-part-001.tar.gz
UploadFiles/xwzx/2021/12/202112091019540667.jpg	189935	94d20e67061af36fe69fa1b28285e9e8ce4b7a0ead64116bba2002ce0af4575b	archive-xwzx-2026-part-001.tar.gz
UploadFiles/xwzx/2021/12/202112091019540826.jpg	197514	f74d44ad89bd8b90c47bdadf94ddf2de877ba03245260ff9998d7819f538b9e1	archive-xwzx-2026-part-001.tar.gz
UploadFiles/xwzx/2021/12/202112091019593802.jpg	6997314	9a44620bab8ec2b1af855627215ecd4be369482294c1dafe8f7ff965fca82601	archive-xwzx-2026-part-001.tar.gz
UploadFiles/xwzx/2021/12/202112091021271826.jpg	110990	a5f6b65d98086cd18eb5b95d35a81a8c3556fdc9c830280bf256b2d33599127c	archive-xwzx-2026-part-001.tar.gz
UploadFiles/xwzx/2021/12/202112091021274620.jpg	196916	c7503e0f7b5c31b5763c0aa0645fcb0aad0a8571a6df6f1e0e3a801f3937a316	archive-xwzx-2026-part-001.tar.gz
UploadFiles/xwzx/2021/12/202112091021279329.jpg	138530	91f090455a2d43f182c60fba0205de045601a89ec3ef89b968043dd13c2e493e	archive-xwzx-2026-part-001.tar.gz
UploadFiles/xwzx/2021/12/202112091021279455.jpg	128415	b4757c2fa2268c43683b62732972369a039c992849ab8e0cff6d2515ec82c290	archive-xwzx-2026-part-001.tar.gz
UploadFiles/xwzx/2021/12/202112091024410224.jpg	103628	74703cdac62851d415516029ef6ae397468b1b1aab34d31bd12341226cb2a07f	archive-xwzx-2026-part-001.tar.gz
UploadFiles/xwzx/2021/12/202112091024416275.jpg	99707	94505fffda32e21d1ef2f4332a59add8bdcdcb9deeaa0bca5615f77558224665	archive-xwzx-2026-part-001.tar.gz
UploadFiles/xwzx/2021/12/202112091024419547.jpg	105320	099c74a606c5c185e0a6122afcc538198c5a1a20c4197bf09323ba6a23b4bb76	archive-xwzx-2026-part-001.tar.gz
UploadFiles/xwzx/2021/12/202112091024420021.jpg	807169	6c1920d74090f91549ac1858633b9a3422bb66095af6f2b5de5439567157a281	archive-xwzx-2026-part-001.tar.gz
UploadFiles/xwzx/2021/12/202112091024434636.jpg	1540818	d7d85ef26c29c4fa8648fa6163af3c4c7515ec811574e162330cd0061504658d	archive-xwzx-2026-part-001.tar.gz
UploadFiles/xwzx/2021/12/202112091024442093.jpg	2382206	eb7049e3430b97f52a13d2ba62f54c0a038d558a14a5f7e9aa7794814be0d07f	archive-xwzx-2026-part-001.tar.gz
UploadFiles/xwzx/2021/12/202112091027042288.jpg	2253478	eafb97982ed5d3e24a53bfffa8c2af81d8ab9cfe8bd58c53245bc54d22b05895	archive-xwzx-2026-part-001.tar.gz
UploadFiles/xwzx/2021/12/202112091027051405.JPG	3138678	549617516a73f9c9fb6dc9521bcc8db35192394e0edb997fe7a8ab26726caf3b	archive-xwzx-2026-part-001.tar.gz
UploadFiles/xwzx/2021/12/202112091027075859.JPG	2328491	4765d905ef9fd327adfe045f9fa26522f268e6763fa0151a279c90705de291c3	archive-xwzx-2026-part-001.tar.gz
UploadFiles/xwzx/2021/12/202112091027118636.JPG	3012480	094fcc2fcff1dd54aaab1a3dbed74f97900bde623bb6558948f58cd26cf95da2	archive-xwzx-2026-part-001.tar.gz
UploadFiles/xwzx/2021/12/202112091027240757.JPG	15005789	ce3821b9a5d4ab7f02fb636e4a7167b6c00a7e2e95ffa76049e70677862182bd	archive-xwzx-2026-part-001.tar.gz
UploadFiles/xwzx/2021/12/202112091039460997.png	54558	29b52e0d214eaa4c980218814260c1c197dd3c1b9925cd82aa85a7294ce89d6c	archive-xwzx-2026-part-001.tar.gz
UploadFiles/xwzx/2021/12/202112091041492332.docx	42750	34009bdc5df49bfe4b499564e86f1be4bf8ba2ceca6be3867db5dabca2caf107	archive-xwzx-2026-part-001.tar.gz
UploadFiles/xwzx/2021/12/202112091042020259.gif	1012	62c86a7776611273707faece405890b74a8c521b17a73e339875d8aa4f9ca361	archive-xwzx-2026-part-001.tar.gz
UploadFiles/xwzx/2021/12/202112091244220243.png	14189	62ca27524fdead5af2c14824a4e27837fc2887bae878fbe9bc7355bb6591a71f	archive-xwzx-2026-part-001.tar.gz
UploadFiles/xwzx/2021/12/202112151032120561.png	5289	723e541a41ccaa29e20c111467ba20eb8e14ab85a861732d93d23d2597e5d827	archive-xwzx-2026-part-001.tar.gz
UploadFiles/xwzx/2021/12/202112171606012090.JPG	6502596	c014b46c5be70638dcc846ac43ce1ebcc17a819aa5db6201324cdc6d109396d5	archive-xwzx-2026-part-001.tar.gz
UploadFiles/xwzx/2021/12/202112211502206961.pptx	885676	8308f9f295fdcabc152da536ad12f341be92b15a0a2e140deb92a5f22cead54f	archive-xwzx-2026-part-001.tar.gz
UploadFiles/xwzx/2021/12/202112220909138294.xlsx	10961	73e07fd66ac1aa2b9ecff9e9c3c54ec465c7da17d00125fdb355a421df105c27	archive-xwzx-2026-part-001.tar.gz
UploadFiles/xwzx/2021/12/202112220909254992.gif	1005	96ae963c64e3bf7edd26f5e8d131f80d1444536dc7c69b6164d23e4db16a20d3	archive-xwzx-2026-part-001.tar.gz
UploadFiles/xwzx/2021/2/202102041521516429.docx	24257	c9fb1b9b742bbc15f884dac9ce3842a68b37404293c369d8e61184db2d763654	archive-xwzx-2026-part-001.tar.gz
UploadFiles/xwzx/2021/2/202102041522598525.docx	24142	7643ea4301cdebe6c923dd5648afa1909d7a8f026b605a20ae0e0eccf920bbe2	archive-xwzx-2026-part-001.tar.gz
UploadFiles/xwzx/2021/2/202102041529120760.doc	35328	20adcd2f39276ef197145561ef1213205a43cb6273713a48d0c89d4e8834cf45	archive-xwzx-2026-part-001.tar.gz
UploadFiles/xwzx/2021/2/202102051024470728.jpg	2613735	1ee832f916d79e81641e3a4dac572338fc0a4031a0280fc721e45710fbf51c26	archive-xwzx-2026-part-001.tar.gz
UploadFiles/xwzx/2021/2/202102051028034018.jpg	2368410	feaaa4db001f96f1a29742cbdb78e907d1b53d4907e866f9e16b8b3a4214f7f7	archive-xwzx-2026-part-001.tar.gz
UploadFiles/xwzx/2021/2/202102051029497126.JPG	3691134	9a8ab7633dfe4e358128043e8f0599bbfafe725a0f5bc9e3251497c6267388f7	archive-xwzx-2026-part-001.tar.gz
UploadFiles/xwzx/2021/2/202102051030112558.jpg	234942	360240841f805b12e29c908370c828725605b51ab2141f73ea9cf4bb46f7fe0a	archive-xwzx-2026-part-001.tar.gz
UploadFiles/xwzx/2021/2/202102051030115412.jpg	1913959	b1d0b464035312ab3aeabc46e157be39cdd57e595780a26782f88a60b8027397	archive-xwzx-2026-part-001.tar.gz
UploadFiles/xwzx/2021/2/202102051031222924.jpg	1999528	6db8dc1b4e7fa6034c4aeb36133d5434c25b5d672079943c5d59e348ea4bfc88	archive-xwzx-2026-part-001.tar.gz
UploadFiles/xwzx/2021/2/202102051031230981.jpg	3344325	55785ae7878bd202e75318d27c4a7df1c642bae3d0e4039a267b31a5b540e336	archive-xwzx-2026-part-001.tar.gz
UploadFiles/xwzx/2021/2/202102051031234182.jpg	2821662	707aa9e55e454330840e82719dc1948708bec2b200765e221e3175cf61752d5f	archive-xwzx-2026-part-001.tar.gz
UploadFiles/xwzx/2021/2/202102051031234441.jpg	952781	a513500ab0b5e12934b2ffe2a3fb656f7f7aa64ac9e2f5e6b3eadf1983a3e187	archive-xwzx-2026-part-001.tar.gz
UploadFiles/xwzx/2021/2/202102051102402678.jpg	246466	98725efb4bae88f9844aad6d69c0eb74992ecdc59c2f42c7409b0d3f46565804	archive-xwzx-2026-part-001.tar.gz
UploadFiles/xwzx/2021/2/202102051102402684.jpg	250524	ad03f9499d8b5cf85279626158db7787cc553505c372c17d1f38119717825bcd	archive-xwzx-2026-part-001.tar.gz
UploadFiles/xwzx/2021/2/202102051103173283.jpg	200138	3e4e00f6e048fc6bc9e5151d4a5342bc2fd0047a089d645cd04f43b28a573961	archive-xwzx-2026-part-001.tar.gz
UploadFiles/xwzx/2021/2/202102051103174041.jpg	146440	39adec603920bdcdb0b573441928b3b6c6e1b5792d275c6b11c05ae1aa5fb4ee	archive-xwzx-2026-part-001.tar.gz
UploadFiles/xwzx/2021/2/202102051103337319.jpg	399437	9466df046e58748a93ab69e10f39cfac480c718365ddbf95a7fbbce61a3e1ab4	archive-xwzx-2026-part-001.tar.gz
UploadFiles/xwzx/2021/2/202102220841061998.Png	1923558	8177dc52333c05b16d60d4cb0bd3f7e3dc3e1688c19771c3f075966adb84e725	archive-xwzx-2026-part-001.tar.gz
UploadFiles/xwzx/2021/2/202102220841063598.Png	1924695	74c4ee2389d6ca7048db549d43905a8f39c6d3ded5744060255d953cda79b2b7	archive-xwzx-2026-part-001.tar.gz
UploadFiles/xwzx/2021/2/202102220841075847.Png	1843289	c99e8457c13eac3df99a6ab0dedf03afc2f1b0a87ea24fb57bf0ca5ca1ec3a8c	archive-xwzx-2026-part-001.tar.gz
UploadFiles/xwzx/2021/2/202102280920296980.gif	1005	96ae963c64e3bf7edd26f5e8d131f80d1444536dc7c69b6164d23e4db16a20d3	archive-xwzx-2026-part-001.tar.gz
UploadFiles/xwzx/2021/3/202103020846093588.doc	54272	27271e111dbbffb39b07597fb1217d89e3e3955ea2fa361e0ec2703a97c44231	archive-xwzx-2026-part-001.tar.gz
UploadFiles/xwzx/2021/3/202103041632220822.jpg	235495	bf2d937c6d016fea6a207eaa11677a8afdf14e6d7ac71ebe5d9360c216c242d2	archive-xwzx-2026-part-001.tar.gz
UploadFiles/xwzx/2021/3/202103161008202955.jpg	637503	a6e6613d9f04d2ace6f351fc081e0df38617b42b4c912ced962878fe54bb9c80	archive-xwzx-2026-part-001.tar.gz
UploadFiles/xwzx/2021/3/202103161008204132.jpg	494646	5b660fc71c822a9a822aca3557e304e208f799967c9f934a251adb22784794cb	archive-xwzx-2026-part-001.tar.gz
UploadFiles/xwzx/2021/3/202103161008204915.jpg	735119	95668dbf266b991517b581b78fbd994c9bad37293507b112052603f6ed8b5999	archive-xwzx-2026-part-001.tar.gz
UploadFiles/xwzx/2021/3/202103161008205561.jpg	524574	0809954dee588595eda28564e441fde4dde7f69cd578020a4f0233176c4fb5f3	archive-xwzx-2026-part-001.tar.gz
UploadFiles/xwzx/2021/3/202103161620538077.JPG	3780518	18a7665e4d6083dd6c352b8c0ecd559dbb6bdc04b9e6e6534edc1430107a26fe	archive-xwzx-2026-part-001.tar.gz
UploadFiles/xwzx/2021/3/202103220818387957.xlsx	9215	8202b6e636803081b1d1516b63e54705e0693dc9149910bd07e72116f09b4624	archive-xwzx-2026-part-001.tar.gz
UploadFiles/xwzx/2021/3/202103220859212719.doc	14336	21d28369da0eeeb6f5d0eb1a89eb11371eb7a9d2fc936bb4eeb4b039653e5772	archive-xwzx-2026-part-001.tar.gz
UploadFiles/xwzx/2021/3/202103220859368069.docx	15724	49cc2796862be90389132c1cffb0823f08a14953b03b0fe90d97abbbe4e5a7bf	archive-xwzx-2026-part-001.tar.gz
UploadFiles/xwzx/2021/3/202103220859524954.gif	1012	62c86a7776611273707faece405890b74a8c521b17a73e339875d8aa4f9ca361	archive-xwzx-2026-part-001.tar.gz
UploadFiles/xwzx/2021/3/202103220926389747.jpg	60315	b0e533cc1284a216f1adb943b3af05d7c98926df419a58c76e59d44b8e9b8586	archive-xwzx-2026-part-001.tar.gz
UploadFiles/xwzx/2021/3/202103262034071244.jpg	22605	f6736b7ae69d41359dc9a9ebb5b86b075177abcc239418b36ef9e8d21d8c11d3	archive-xwzx-2026-part-001.tar.gz
UploadFiles/xwzx/2021/3/202103262036194403.jpg	247548	e9efee328067690e3239cbe914a5197b9eac88012192388724730593f5afdc9b	archive-xwzx-2026-part-001.tar.gz
UploadFiles/xwzx/2021/3/202103262038157173.jpg	180989	162c5736d137e0148aca52da25073c55d794f999fef56e31735fb4b076d81216	archive-xwzx-2026-part-001.tar.gz
UploadFiles/xwzx/2021/3/202103262116520523.JPG	5840136	aa274affa27a4d4f42460861311569a3e3489d44386ff535daf6845abdd17dba	archive-xwzx-2026-part-001.tar.gz
UploadFiles/xwzx/2021/4/202104020833425543.doc	32256	0fae0deb56113929747acd5f77b8cae997ef24265902a64019b99914a1e5587a	archive-xwzx-2026-part-001.tar.gz
UploadFiles/xwzx/2021/4/202104020834179077.gif	1012	62c86a7776611273707faece405890b74a8c521b17a73e339875d8aa4f9ca361	archive-xwzx-2026-part-001.tar.gz
UploadFiles/xwzx/2021/4/202104020839243393.xlsx	9620	d0b8c4a1927f0668660e63b6f55fb46cd85f114e11a2093b8803745b5471d777	archive-xwzx-2026-part-001.tar.gz
UploadFiles/xwzx/2021/4/202104100730032080.jpg	7371114	df086223ea45b889f2add79173cd6678c80a494bd6f948f8f3d42325b8aa45c9	archive-xwzx-2026-part-001.tar.gz
UploadFiles/xwzx/2021/4/202104120927025987.jpg	372425	7f1449a22fb7745a7fcbf17dcbaa115f931ac89068f38b477186b3bd0334ce33	archive-xwzx-2026-part-001.tar.gz
UploadFiles/xwzx/2021/4/202104120928279321.rar	6774404	251575c8266587a15f76a930e70cd7e680239ffe5509b74cc04903633ff02dfc	archive-xwzx-2026-part-001.tar.gz
UploadFiles/xwzx/2021/4/202104120928324073.gif	1007	163cc66ea50ed88a0477749b55dbe6b10fd3d1d183af23c0081b1e74f0b4df48	archive-xwzx-2026-part-001.tar.gz
UploadFiles/xwzx/2021/4/202104131106206928.docx	13128	65101c5ce6e952f962683b65281d8e750c76baf10de57c33a7d9ea879cabe80b	archive-xwzx-2026-part-001.tar.gz
UploadFiles/xwzx/2021/4/202104131106209340.docx	13200	db1e5d49c166987cde783ed188646e36aa7c3f4b246cf37bdcdaeb7afa5df1f3	archive-xwzx-2026-part-001.tar.gz
UploadFiles/xwzx/2021/4/202104161422038938.jpg	43035	1e0f67d96270bfcdf0066c182cc7d17ba7d6611069311eabe5620b3e8b06a483	archive-xwzx-2026-part-001.tar.gz
UploadFiles/xwzx/2021/4/202104230819402097.jpg	828811	6b0be7a06d361e81efa8549370db626d4adf8ec490d47b5a0f74b1d3a571648e	archive-xwzx-2026-part-001.tar.gz
UploadFiles/xwzx/2021/4/202104270852050179.jpg	343902	06b01e48e3f39416da3addd9ad49a7419b676f6a73f4063af34c52a00bf6f58e	archive-xwzx-2026-part-001.tar.gz
UploadFiles/xwzx/2021/5/202105121428522074.jpg	259522	e076a3fbb867c0b471152f71188ed40c43f08bdd0c622166174233359bf3699e	archive-xwzx-2026-part-001.tar.gz
UploadFiles/xwzx/2021/5/202105240840206402.doc	449536	42051d5e69473f1e67dfa9ea6ff2523fd4a1e6fdf08bb67a2b46d376ca570175	archive-xwzx-2026-part-001.tar.gz
UploadFiles/xwzx/2021/5/202105240901420542.png	5606761	f45ff3e8a4608d820178305f66f3a8923f6745a7d7e7f995032b501ea6e2a7bc	archive-xwzx-2026-part-001.tar.gz
UploadFiles/xwzx/2021/5/202105240952090263.jpg	42512	298e6935175da102c35d446918b13032c811b1cac6f1191655ffb89f97d91848	archive-xwzx-2026-part-001.tar.gz
UploadFiles/xwzx/2021/5/202105240952091282.JPG	9826641	908b3dfd68d02a275440a43e0859b6c5fef05cec2b61f974b57e311a7488efde	archive-xwzx-2026-part-001.tar.gz
UploadFiles/xwzx/2021/5/202105281120523055.jpg	529404	af236c4720fd4e995362d356740930cbf6eb71079108b4da717e157e3f2b31d8	archive-xwzx-2026-part-001.tar.gz
UploadFiles/xwzx/2021/5/202105310850207685.JPG	4868043	cf4bf4db9e7f65069460959e3a498f5f2c1ec2f486ba39a1dde3475fed54ab50	archive-xwzx-2026-part-001.tar.gz
UploadFiles/xwzx/2021/5/202105310850209438.jpg	8397338	a7da162fcbc4e0d6bf974004a1284247d593296cd765008de9800c6f1b3af5b7	archive-xwzx-2026-part-001.tar.gz
UploadFiles/xwzx/2021/6/202106011000302063.jpg	88752	5488af6367d7ee938bcfd888b9649ae658eb63fa755f6b97dbf7bd1a9d194d56	archive-xwzx-2026-part-001.tar.gz
UploadFiles/xwzx/2021/6/202106020804304913.jpg	539568	e65c53f1095ebd9f2b95fb20ef4268321fc496bd972297571919c567706e65d4	archive-xwzx-2026-part-001.tar.gz
UploadFiles/xwzx/2021/6/202106020805181294.jpg	6427657	a45729cef3da69cacf83bd83a361e43a913377608943d75a9964446db1faa5bf	archive-xwzx-2026-part-001.tar.gz
UploadFiles/xwzx/2021/6/202106020805186007.jpg	1973819	9d6b680406690a61408ea5c37b8156e2968eb0392429bbaa38bf2258e8e18932	archive-xwzx-2026-part-001.tar.gz
UploadFiles/xwzx/2021/6/202106020805188882.jpg	2486445	5a918aa3ded996be0a3613e248a443eb042ffe6ae5ca29552810cfed14e3ebd6	archive-xwzx-2026-part-001.tar.gz
UploadFiles/xwzx/2021/6/202106020806088281.jpg	1853842	a608caa8876105f1ab4f342318755b51e44fa8facf4b130ef364578a1dc1d785	archive-xwzx-2026-part-001.tar.gz
UploadFiles/xwzx/2021/6/202106020806528292.JPG	6626222	d5d4a0f00b3e3f2d9296ae9704381dedd6ebd2bba12e6f418fb9ddbc40800cd1	archive-xwzx-2026-part-001.tar.gz
UploadFiles/xwzx/2021/6/202106020807369027.jpg	2149080	870d85fdc4387b8907a64e87122b407178d3ded1e0a0500b320ccd74e49d8cc2	archive-xwzx-2026-part-001.tar.gz
UploadFiles/xwzx/2021/6/202106020808350747.JPG	1867411	e2ddd1fc154f12f68779f45870bd1078b7148928ebfc73af958f7f5bb6495a14	archive-xwzx-2026-part-001.tar.gz
UploadFiles/xwzx/2021/6/202106020809068686.JPG	5628209	75a7daa37b8dfada0dd3045ffc03864bfa64d22836b4c56a80f84e8441c17beb	archive-xwzx-2026-part-001.tar.gz
UploadFiles/xwzx/2021/6/202106020813093092.JPG	6561280	4eb7d0d867afcebc02d3a334ddbfc69ff0b1c117586a6a68aad21db2a250a240	archive-xwzx-2026-part-001.tar.gz
UploadFiles/xwzx/2021/6/202106020813094019.jpg	5933056	3845fdce4095750357d7ce0082a5a2db89673f1f2829a2204493249c083a8368	archive-xwzx-2026-part-001.tar.gz
UploadFiles/xwzx/2021/6/202106020813309652.jpg	2319684	d4afde6b9d0ca2b42bfd284159fde27d4c4e288dda031ff4b6e002ba68566b70	archive-xwzx-2026-part-001.tar.gz
UploadFiles/xwzx/2021/6/202106020813544893.png	2111759	93825652dca2ed1ab319aec6e30e6a7bd9badefa55a4448ed85789ae8e937910	archive-xwzx-2026-part-001.tar.gz
UploadFiles/xwzx/2021/6/202106020813545499.png	2100238	e75bcb7fde3d972bdcaf22e65f35861ec15db24ee044634d9b17a613c43dd13a	archive-xwzx-2026-part-001.tar.gz
UploadFiles/xwzx/2021/6/202106051204556262.xlsx	9910	b04abd38244cbc45d94a5852b95922a9fb4bae078a7eb75ccf26890bfa79e4bc	archive-xwzx-2026-part-001.tar.gz
UploadFiles/xwzx/2021/6/202106120920070486.xls	139264	35657cf8daa70f6ca0ea39f552cb093ce4511f37c315a0b55c8cec3caebf6f07	archive-xwzx-2026-part-001.tar.gz
UploadFiles/xwzx/2021/6/202106120927530003.doc	593920	1c64db18683f893bf4d4c5989ebb00cc2b1de946681784569d3ca91794ec7d24	archive-xwzx-2026-part-001.tar.gz
UploadFiles/xwzx/2021/6/202106120939012528.jpg	216278	e536d322e021745dca05fddd2a773a40e6a4aab23bfd9b4a56f50d92e87c1f0e	archive-xwzx-2026-part-001.tar.gz
UploadFiles/xwzx/2021/6/202106120939046540.jpg	315104	a4bcf1a52859be50dcdd82588e358ea77776f8871d26c92b2af569707915bed7	archive-xwzx-2026-part-001.tar.gz
UploadFiles/xwzx/2021/6/202106120939076178.jpg	332066	1b4b0d55c64be5fa50e2fa099550bc88cc0d7ee2f7bc847f12020e3b740c76de	archive-xwzx-2026-part-001.tar.gz
UploadFiles/xwzx/2021/6/202106120939119063.jpg	334286	02722ae90b934c2c6534abcc2e73e1eb94a34ca8d327685164bc029305d70042	archive-xwzx-2026-part-001.tar.gz
UploadFiles/xwzx/2021/6/202106120939160687.jpg	338486	04724f095f4ec344f7c63a08cc108c385c85f72569fd7cfd8e7811d02610544a	archive-xwzx-2026-part-001.tar.gz
UploadFiles/xwzx/2021/6/202106120939236644.jpg	274132	920303b75423c8cfcf8cca0c7db1b2b50aacfc2f76f675d10f217e24e3034547	archive-xwzx-2026-part-001.tar.gz
UploadFiles/xwzx/2021/6/202106120939279112.jpg	265161	0a02aab6d4cd18ab3154f3b0688fcbc0ceadc01705f98bcfb7166c71dd87a7c6	archive-xwzx-2026-part-001.tar.gz
UploadFiles/xwzx/2021/6/202106120939317933.jpg	77920	53f26cbfc0e6247c9927db7bf200368ea6df7eebd48938dab24589ea0be80f15	archive-xwzx-2026-part-001.tar.gz
UploadFiles/xwzx/2021/6/202106120944264874.jpg	79930	9b7ac6ace1e9e7368553a306c92d55a8787671a723e5e989dee86c051617be17	archive-xwzx-2026-part-001.tar.gz
UploadFiles/xwzx/2021/6/202106120944296278.jpg	46747	95c516ae1674407c80ff586ca1647bcb4d5998173350d907482cf0f754cd6ed6	archive-xwzx-2026-part-001.tar.gz
UploadFiles/xwzx/2021/6/202106120945106808.rar	840040	480491a7698d74962763d1b058642e1bf5d5bbe81bfc76287c9b1855f3e3aebe	archive-xwzx-2026-part-001.tar.gz
UploadFiles/xwzx/2021/6/202106120945141239.gif	1007	163cc66ea50ed88a0477749b55dbe6b10fd3d1d183af23c0081b1e74f0b4df48	archive-xwzx-2026-part-001.tar.gz
UploadFiles/xwzx/2021/6/202106120946580884.jpg	1279743	3a0c47cd33fa4423ede1cca813cb6f2395b8b48b895c700e27fef15df6842ac6	archive-xwzx-2026-part-001.tar.gz
UploadFiles/xwzx/2021/6/202106120947014137.jpg	1855703	b9e65080ecdf3ab2d6257c71c3821310922f98a1dcde4989afa848d1e266f0cd	archive-xwzx-2026-part-001.tar.gz
UploadFiles/xwzx/2021/6/202106120951217386.jpg	85658	cb5109d4ec5b2a09330fd112533927699d05d5d94de8e9fb9cb52fe5d57c2098	archive-xwzx-2026-part-001.tar.gz
UploadFiles/xwzx/2021/6/202106120951290891.jpg	285643	7162dc5c3dea3f1889433580fe8d51b2a70401f2998177163a449415b9cd528e	archive-xwzx-2026-part-001.tar.gz
UploadFiles/xwzx/2021/6/202106120951328404.jpg	134160	9d1439742ed6fd3d2b87d0d6c6b3e9ad7c2de10de41d7b348116e53a6b7084d7	archive-xwzx-2026-part-001.tar.gz
UploadFiles/xwzx/2021/6/202106120951358571.jpg	122795	aa72cec63901cb2f858cd934c581c9dea07e3c2ae15aa291205dc456bab39441	archive-xwzx-2026-part-001.tar.gz
UploadFiles/xwzx/2021/6/202106120953160215.jpg	237401	645abe1b65a820d69ca1c59ccf3cd9bcb0f6028131f5d401520cff54ece3a92e	archive-xwzx-2026-part-001.tar.gz
UploadFiles/xwzx/2021/6/202106120953195479.jpg	303487	a8ad694bbcb914a6ed428ff26c2e370eaf4ef2121fa5419851afae19fb128727	archive-xwzx-2026-part-001.tar.gz
UploadFiles/xwzx/2021/6/202106120953229275.jpg	321465	33c5128fae374a9e08bdf4dd63d7e5c2ea4f48477e688d69dce01b457a8abdad	archive-xwzx-2026-part-001.tar.gz
UploadFiles/xwzx/2021/6/202106120953259205.jpg	274645	0ae57e746813c7a5fa8622380f3437ceb8d4bd09a0474ab3a1143e5f8e8c10b6	archive-xwzx-2026-part-001.tar.gz
UploadFiles/xwzx/2021/6/202106120953289913.jpg	290028	45e8c4df6f9e16d29fe58c685da644dce5a59523640ef122fd449c9d80b30237	archive-xwzx-2026-part-001.tar.gz
UploadFiles/xwzx/2021/6/202106120953319472.jpg	308983	d8a60a99bdc74d4ccc3393f3c5f6bb213e3b10258ae6c7a13d74330ec8b44775	archive-xwzx-2026-part-001.tar.gz
UploadFiles/xwzx/2021/6/202106120953342201.jpg	319934	1ca01a465fc58df20876bcfdc99bfa028a5e195d563616c79732315b7bbc8853	archive-xwzx-2026-part-001.tar.gz
UploadFiles/xwzx/2021/6/202106120953409985.jpg	311403	72604e1528c3aa976d277e6f7ce3e85d6d8cd9126dda8b5428cad1baf5b67944	archive-xwzx-2026-part-001.tar.gz
UploadFiles/xwzx/2021/6/202106120953481741.jpg	172710	2dad8596e4605036fe4b38f1a7e782657a480acf44ad8ce56389f19ebde23eb3	archive-xwzx-2026-part-001.tar.gz
UploadFiles/xwzx/2021/6/202106120953529723.jpg	84381	67f05d892059b3d456fd2bd3e934804439065a91adb73ac10607f4113c82c11a	archive-xwzx-2026-part-001.tar.gz
UploadFiles/xwzx/2021/6/202106120955515877.jpg	259321	00364d83e47ab2c4bcd88842d228a47377a259b5a74d3c8880c82387a9306ec2	archive-xwzx-2026-part-001.tar.gz
UploadFiles/xwzx/2021/6/202106120955540316.jpg	341919	79b1289ba3e10d9f9c89a7f0575725cfd656739060b1add8d5abfb543db9b17b	archive-xwzx-2026-part-001.tar.gz
UploadFiles/xwzx/2021/6/202106120955573558.jpg	287147	860e46c72429cb7dd83417b3531e7b72e406418169fec20bcdddb5b780e9d766	archive-xwzx-2026-part-001.tar.gz
UploadFiles/xwzx/2021/6/202106120956004316.jpg	84623	b71dc6afe7fbd9f9c7917b7c51cf1643427b7aae1765ad01c57a0d5bed8e3668	archive-xwzx-2026-part-001.tar.gz
UploadFiles/xwzx/2021/6/202106130920347188.jpg	207349	0030e2319c4c1bda4e5bcbb28a0c83d515c1c83322a54ef27ca465b7fce6c8b6	archive-xwzx-2026-part-001.tar.gz
UploadFiles/xwzx/2021/6/202106130920387914.jpg	292546	538086b30e0f969966ccae60ed40f686a0f003fbcd667eab9f84cb988db21203	archive-xwzx-2026-part-001.tar.gz
UploadFiles/xwzx/2021/6/202106130920414712.jpg	332328	dde887d66559b499c428f42fb24bd0e477d4776803e324f7c0aff4d0ab897de9	archive-xwzx-2026-part-001.tar.gz
UploadFiles/xwzx/2021/6/202106130920465774.jpg	323891	1c233a331a45c56f61efbb46fd8919ea756be6a2855fddca3c46421a8c34acfa	archive-xwzx-2026-part-001.tar.gz
UploadFiles/xwzx/2021/6/202106130920504217.jpg	312317	b88238d9ada10142d987b0060100b2370e5d02d085496ffc88385360c6e3a828	archive-xwzx-2026-part-001.tar.gz
UploadFiles/xwzx/2021/6/202106130920532368.jpg	207225	bacaa1a1c550f70ca873d956ac5f8f9b99552787ee9aa9208ab6aa0c61145114	archive-xwzx-2026-part-001.tar.gz
UploadFiles/xwzx/2021/6/202106202020289135.gif	1005	96ae963c64e3bf7edd26f5e8d131f80d1444536dc7c69b6164d23e4db16a20d3	archive-xwzx-2026-part-001.tar.gz
UploadFiles/xwzx/2021/6/202106210832054996.xls	41472	3979715e2f4128efbce7cc79ce34cfff429bf4ae8142625dfb67fa73e0561a11	archive-xwzx-2026-part-001.tar.gz
UploadFiles/xwzx/2021/6/202106210832059187.xlsx	53413	1518cc88afb6b01d398b92d29468f842ab48cc0ea22b59e14a2abe61f7c9f1d8	archive-xwzx-2026-part-001.tar.gz
UploadFiles/xwzx/2021/6/202106220830424581.JPG	15329547	abe44a03f09996f26832e4681d7c218391af3cd021cfbbcf556c9a118175adce	archive-xwzx-2026-part-001.tar.gz
UploadFiles/xwzx/2021/6/202106220831262739.png	27212910	15658a8bbd13fd773a3202df2f21333270eea82189ff6f0e2bb6e261c89e7d58	archive-xwzx-2026-part-001.tar.gz
UploadFiles/xwzx/2021/6/202106220831291330.png	31358816	b021f29fc129079a0778c0b8ee4a862de2977746db6c87bce864a978410e9ad6	archive-xwzx-2026-part-001.tar.gz
UploadFiles/xwzx/2021/6/202106220831325548.png	19442587	a9dbc4a1f422cf2bb248731abfc7a43e50db04dd085c5ca1f0c5b88413a7ae84	archive-xwzx-2026-part-001.tar.gz
UploadFiles/xwzx/2021/6/202106220831328223.png	43358401	9004b3560dfae9693d1b84f1cfa4854be2973f8265b6e11cfb5aae7d248f6d91	archive-xwzx-2026-part-001.tar.gz
UploadFiles/xwzx/2021/6/202106281146120993.xls	16254	b9975d15352af3025042a205ddfdd0a68bf80e61fa92cffe4fa822ae9bd011eb	archive-xwzx-2026-part-001.tar.gz
UploadFiles/xwzx/2021/7/202107011450072058.jpg	33369	a97343735521fdf171c9ccc49bfbb2efeb07cafbfff0f9e6e9beb6c10529b750	archive-xwzx-2026-part-001.tar.gz
UploadFiles/xwzx/2021/7/202107051054142049.jpg	335815	1c65010ccf8619a15e02002d4ef8d496ef8e54e5facadbbd7f39dc5533a23769	archive-xwzx-2026-part-001.tar.gz
UploadFiles/xwzx/2021/7/202107051059120556.JPG	7013842	fb3dd4bf8a82e79a61591652c296d7250133d3f01356af5180bc59e1e28dc2b5	archive-xwzx-2026-part-001.tar.gz
UploadFiles/xwzx/2021/7/202107062028081793.jpg	519147	1d34cc0100c1f7a08971a9bc1ac67df4ffedcf91778e6e4c922d0646b50accdb	archive-xwzx-2026-part-001.tar.gz
UploadFiles/xwzx/2021/7/202107062028113453.jpg	517503	d387727fe9bf8029528f141efb0d08a08306e494ccdce5957493725b59d0ac0b	archive-xwzx-2026-part-001.tar.gz
UploadFiles/xwzx/2021/7/202107062028153240.jpg	577157	5d0e6e9218f9da705bc74d51842372a701b48a07d12eb348736c968a63fb6f7b	archive-xwzx-2026-part-001.tar.gz
UploadFiles/xwzx/2021/7/202107062028188094.jpg	598033	2c55f541237e3029fe4e574580794c6980a07c8ddbc5209d9b84d6e8417e3248	archive-xwzx-2026-part-001.tar.gz
UploadFiles/xwzx/2021/7/202107062028233623.jpg	666980	c096a7fc257abb9534655ca232fff75aa114833dba0ec5959761c121544d9948	archive-xwzx-2026-part-001.tar.gz
UploadFiles/xwzx/2021/7/202107062028316378.jpg	507010	9cbc776605a55027ab78d071682014f0bda9c2a9dbbb71646ac26976128d2fad	archive-xwzx-2026-part-001.tar.gz
UploadFiles/xwzx/2021/7/202107062028346140.jpg	662306	8ff306673c4983bee7a896d311f5beb38ada85d8e9115ec26d324f3ed9a0b75d	archive-xwzx-2026-part-001.tar.gz
UploadFiles/xwzx/2021/7/202107062028386941.jpg	621552	864875fc5075cc549ecf68f6632cebfdef40a563c88c9a39d7e622e59f5b2c4a	archive-xwzx-2026-part-001.tar.gz
UploadFiles/xwzx/2021/7/202107062028411399.jpg	613857	381abecb3bd734d9bdcc4d668f7047f3ed2796f9fb1f4a51af9e4b311a135554	archive-xwzx-2026-part-001.tar.gz
UploadFiles/xwzx/2021/7/202107062028514518.jpg	320047	79d462712377f0bebc34f7bfcf0f8ce1f413ca72b6932863a8d86b663cb892b2	archive-xwzx-2026-part-001.tar.gz
UploadFiles/xwzx/2021/7/202107062029408732.rar	6657059	04e3eb8b07422ecf9b88c97b64230675d2f24b91ac834b5a7c8830448a68ced5	archive-xwzx-2026-part-001.tar.gz
UploadFiles/xwzx/2021/7/202107062029446460.gif	1007	163cc66ea50ed88a0477749b55dbe6b10fd3d1d183af23c0081b1e74f0b4df48	archive-xwzx-2026-part-001.tar.gz
UploadFiles/xwzx/2021/7/202107091432208347.jpg	7412864	788aa87b585a36ae4dae42dea60af441109f4849ef9b20dc13cc9d3f7479a6df	archive-xwzx-2026-part-001.tar.gz
UploadFiles/xwzx/2021/7/202107201742204598.jpg	526369	0c8ea72bcb87b56191d3abcfdd0eb228e8a76ded30e83c67bd8b29cc231b0f5f	archive-xwzx-2026-part-001.tar.gz
UploadFiles/xwzx/2021/8/202108251102041633.jpg	260452	f4822cfaec79ea4279fa1ba83bc8e3c4e7cde4a836f2c349cd472935e9d29c28	archive-xwzx-2026-part-001.tar.gz
UploadFiles/xwzx/2021/8/202108251102078490.jpg	349569	970548a4aba45e6a288ce71340401cfece39d708db512cc7782f96cbed560cbd	archive-xwzx-2026-part-001.tar.gz
UploadFiles/xwzx/2021/8/202108301044092070.doc	44032	61857cad9c5ad4bbfc958786aa391cfd1c121367d05570afeea007a6787e1b50	archive-xwzx-2026-part-001.tar.gz
UploadFiles/xwzx/2021/9/202109020829355595.png	97214	c98b3491759113ace6dfa3713262a1d288d284e0153b51e22756d5046174239b	archive-xwzx-2026-part-001.tar.gz
UploadFiles/xwzx/2021/9/202109020906236366.png	2426662	fe730810b53f1b5b522bc29187ea2e6de6d34b9f19121548662d063b86f6e0d5	archive-xwzx-2026-part-001.tar.gz
UploadFiles/xwzx/2021/9/202109020909347701.png	2381294	a8395fd46fe3dff851d2b543504591cb9f7c5a7477f9bc0c4980871db64a1a02	archive-xwzx-2026-part-001.tar.gz
UploadFiles/xwzx/2021/9/202109020909566933.png	2326953	907e3ae4d085be5ce6e659f0715654c6a192c818bc246c2ac079c949f2b0fc45	archive-xwzx-2026-part-001.tar.gz
UploadFiles/xwzx/2021/9/202109020910434071.png	1691347	189ad5f41a8e3e29d963780645dc4c319b76fbb9f3b917f67ed615fc5382e586	archive-xwzx-2026-part-001.tar.gz
UploadFiles/xwzx/2021/9/202109020910525392.png	2692563	db6d9e2f403c3d938697aaf34fe658a1353f2ec254f85e1dce5eb98b910f991e	archive-xwzx-2026-part-001.tar.gz
UploadFiles/xwzx/2021/9/202109020910529361.png	2417325	d896cf0651151005d8d9879b5c65f6737eb6522b77210d909fddb1a9a6ad891a	archive-xwzx-2026-part-001.tar.gz
UploadFiles/xwzx/2021/9/202109020911065698.png	2690617	6d5e3c6ba3555572c989c6069ba2b45aabb142f34ad38527056a5d334f29ac4c	archive-xwzx-2026-part-001.tar.gz
UploadFiles/xwzx/2021/9/202109020911095150.png	2012789	7798bc755522f0538d0f2fd373f12fc5fbac8e0566ed9782bee6289a56080632	archive-xwzx-2026-part-001.tar.gz
UploadFiles/xwzx/2021/9/202109020911140783.png	2101502	82edb5a19e234928ecc2ada49f5473cb55623fc809e9f79a7b73620b15ea24f4	archive-xwzx-2026-part-001.tar.gz
UploadFiles/xwzx/2021/9/202109020911143986.png	2034862	00266883986bb1eeb3ca2f5167670210b859a74bc12b04572c9922701dd88df6	archive-xwzx-2026-part-001.tar.gz
UploadFiles/xwzx/2021/9/202109020911277505.png	2029367	83f2f149b6834400f52556405d64c3577e44c41f6b915270c5c6d2e22969d68e	archive-xwzx-2026-part-001.tar.gz
UploadFiles/xwzx/2021/9/202109020911304213.png	1854664	77066b18898791f0400b5fba85724d9413fd37c5f7429a659b2a4f5da449e4ec	archive-xwzx-2026-part-001.tar.gz
UploadFiles/xwzx/2021/9/202109020911457972.png	1813856	b638529bd4e5ba3b4c5d75f72be29f4f859c98915c1e8abdd9c4258f80803000	archive-xwzx-2026-part-001.tar.gz
UploadFiles/xwzx/2021/9/202109020912298893.png	2226107	c3c1e7fa572bdcaf661fddf6026091d435475219d3c09134514d18214bfe7ca7	archive-xwzx-2026-part-001.tar.gz
UploadFiles/xwzx/2021/9/202109020915133300.png	2390926	68ba51e6b06c11b7119abfbca24b5b02dca904936ebed7b77e9825275e814777	archive-xwzx-2026-part-001.tar.gz
UploadFiles/xwzx/2021/9/202109020915133395.png	2387838	ab5157b9c1f48c06c2b40f6d7c979bcec605120276bdec0e6d36d8688f78afd9	archive-xwzx-2026-part-001.tar.gz
UploadFiles/xwzx/2021/9/202109020915137164.png	2410244	22b0390cfaf0432c7f3c4ba7ed07f43ac4b6b33ab8b5c932bb2a5194b11aa2fc	archive-xwzx-2026-part-001.tar.gz
UploadFiles/xwzx/2021/9/202109020915151011.png	2341732	e0358cbdcb6b9595aa193107f22303a8ca7a62d6d8fcb86038cef6555e57d4f3	archive-xwzx-2026-part-001.tar.gz
UploadFiles/xwzx/2021/9/202109020926344249.jpg	7015968	0d4486b2dee2ecad9142667924c723049c57498ff081f583c0615cca5e0a33a0	archive-xwzx-2026-part-001.tar.gz
UploadFiles/xwzx/2021/9/202109020926373482.jpg	4943341	a8ff41caccb278b848b56ab03a8eb63fc9c45c185b7c632e4f0b2d0713179ec9	archive-xwzx-2026-part-001.tar.gz
UploadFiles/xwzx/2021/9/202109020926415606.jpg	7143936	aaa809cf1ca8bd239dd45d28c6c6054179f9485478827d7d413993e79463f05a	archive-xwzx-2026-part-001.tar.gz
UploadFiles/xwzx/2021/9/202109020926484315.jpg	8946638	f250c8692a5967c159e81b4ca23112253b35b3b8c507e9105dbe7fa39601b73a	archive-xwzx-2026-part-001.tar.gz
UploadFiles/xwzx/2021/9/202109020926559537.jpg	7137417	a432faa0cda9f09307dea788b684eea1537e2b5df832cdc3a5c7fd457d952ab9	archive-xwzx-2026-part-001.tar.gz
UploadFiles/xwzx/2021/9/202109020926566755.jpg	72742	a08d011ce1ce6b3256e46799e91447103a6179036176bd0a1f86a4046901ad7d	archive-xwzx-2026-part-001.tar.gz
UploadFiles/xwzx/2021/9/202109020926570909.jpg	134844	8cd6e6416a59e3a623f6c6e5b105eefe9d08969069a54e8059151bc765cffb7a	archive-xwzx-2026-part-001.tar.gz
UploadFiles/xwzx/2021/9/202109020926571356.jpg	148896	f44b59f0a60c383c4692ff9649bab1b0a674dbc5a933747dacfb23782f465709	archive-xwzx-2026-part-001.tar.gz
UploadFiles/xwzx/2021/9/202109020926572689.jpg	69578	8ca5ef5d8acca186e1a7dcc394dd6b475865e51130b0ca45ef072f30aabbf30b	archive-xwzx-2026-part-001.tar.gz
UploadFiles/xwzx/2021/9/202109020926573009.jpg	165073	0a212f8b05f8a761d0dd78758005f9680130556698b14ca85dff710bf94dcf2f	archive-xwzx-2026-part-001.tar.gz
UploadFiles/xwzx/2021/9/202109020926573517.jpg	108135	00dac1d5ce2ba6d353eb9608552a0a03d52281e9196e22efd18fd29924af598f	archive-xwzx-2026-part-001.tar.gz
UploadFiles/xwzx/2021/9/202109020926575851.jpg	118816	9fcdf71a3346985e1fec5afe8d38bf500973b08f2afa17ce82c3b7ed553f5f09	archive-xwzx-2026-part-001.tar.gz
UploadFiles/xwzx/2021/9/202109020926577347.jpg	69578	8ca5ef5d8acca186e1a7dcc394dd6b475865e51130b0ca45ef072f30aabbf30b	archive-xwzx-2026-part-001.tar.gz
UploadFiles/xwzx/2021/9/202109020926577575.jpg	4240603	c58ccb519c39287e17daf6cf353cf27c5406501f9c49eb0be532db6ea5da255a	archive-xwzx-2026-part-001.tar.gz
UploadFiles/xwzx/2021/9/202109020926577807.jpg	99320	8fe8e9b9d83cbd1a9d378b99d63522bdcbba474dc112d85a0a93920644cc1cdf	archive-xwzx-2026-part-001.tar.gz
UploadFiles/xwzx/2021/9/202109020926579511.jpg	126464	eaee7903fe340734dd23503eca268c477cf86a977230974b73f8825c19a1568e	archive-xwzx-2026-part-001.tar.gz
UploadFiles/xwzx/2021/9/202109020926581449.jpg	179305	9801da6cd1036698222801479aecf11f9018b419ad39a26f3af736a88dd58974	archive-xwzx-2026-part-001.tar.gz
UploadFiles/xwzx/2021/9/202109020926585388.jpg	64987	99338e21fb5b0efac5a83a695a3ff44b4e74de79a4c4f4b3efa25ba1db601cbd	archive-xwzx-2026-part-001.tar.gz
UploadFiles/xwzx/2021/9/202109020926585428.jpg	71985	6483b026150f3c7bab54d51d72b049e032dd1fca5d0286d1a5b7ccb197e720de	archive-xwzx-2026-part-001.tar.gz
UploadFiles/xwzx/2021/9/202109020926586629.jpg	72341	a30c2098db39e2ddc9de4e8c289c3c74583b921380f85dab05f88c2e25b75719	archive-xwzx-2026-part-001.tar.gz
UploadFiles/xwzx/2021/9/202109020927004200.jpg	8090946	603e6540f6b14b70fe52ed2ef9c8238548d5125f5657adc673a610c031a9e739	archive-xwzx-2026-part-001.tar.gz
UploadFiles/xwzx/2021/9/202109020933399503.jpg	20429	605d0cf63e6f841d9a4fb56cf4be0ab5e1ef4595740529355555f29ef78247b7	archive-xwzx-2026-part-001.tar.gz
UploadFiles/xwzx/2021/9/202109020938370984.png	2046798	7a52d3586c698411ce9463c71070a2c11b3821c00f9c738b8f9544df46eb910a	archive-xwzx-2026-part-001.tar.gz
UploadFiles/xwzx/2021/9/202109020938559278.JPG	835126	a0e1207610cfc04d448e0a72c31dccab6712ebdb410512d1d4a98adbdb8b1e19	archive-xwzx-2026-part-001.tar.gz
UploadFiles/xwzx/2021/9/202109020938589657.JPG	7375215	a22b42190fe2e19d2ec15f93b6c1434f344da4647f9bd67ee71d12cc41568eab	archive-xwzx-2026-part-001.tar.gz
UploadFiles/xwzx/2021/9/202109071034032083.doc	110592	1698a76445c110dc6614f79f24af85468274e32a3cf4df8d0d4bbf546220657b	archive-xwzx-2026-part-001.tar.gz
UploadFiles/xwzx/2021/9/202109100842037976.jpg	444199	5fe35a3ac7d055c351780267a955d543fe8ac8d9f35b335ce18f2c5ec0bdd774	archive-xwzx-2026-part-001.tar.gz
UploadFiles/xwzx/2021/9/202109100842053565.jpg	614149	171afd60618f548bbe3df2d0bca7d63c4d051866e42531857869256ee4e1be39	archive-xwzx-2026-part-001.tar.gz
UploadFiles/xwzx/2021/9/202109180809520751.xlsx	51135	cb06642738a0063af8f655d5c00983df077e147d7e5c4b387873f43207633efe	archive-xwzx-2026-part-001.tar.gz
UploadFiles/xwzx/2021/9/202109190811206654.jpg	78790	b25be520fecc36bb0cd3a556c619a1f7ff3b8a6a7038ba66289feae197670c0b	archive-xwzx-2026-part-001.tar.gz
UploadFiles/xwzx/2021/9/202109190811207270.jpg	78071	3d8a5d02ba28a6d61fb57411d91a45104c534b5102d035973b47dc840a9a5962	archive-xwzx-2026-part-001.tar.gz
UploadFiles/xwzx/2021/9/202109190820457239.JPG	4779980	bba50aaa320d2ee77f6f651241827c6439de2a03871459542d3d3ee16a24f0e0	archive-xwzx-2026-part-001.tar.gz
UploadFiles/xwzx/2021/9/202109190820501493.JPG	6484674	a3e664b5bb07948d591e87b5ff17592efd44e9c718edf42866bb4d8f1bf37de5	archive-xwzx-2026-part-001.tar.gz
UploadFiles/xwzx/2021/9/202109190820518793.JPG	6768342	ef5c108222bd2b59b3fa3dc0a02f5a581da3f3e0775fd417706699dee9854a4d	archive-xwzx-2026-part-001.tar.gz
UploadFiles/xwzx/2021/9/202109190902035982.png	238585	303771587e07ebe81e3e056d4d7fbcd75f9531c79885d9b9a12231814c329a4b	archive-xwzx-2026-part-001.tar.gz
UploadFiles/xwzx/2021/9/202109220947469082.xls	34816	e85f6a955d78564f17a0a03cdcdbe59d4cefc6634209f85c5aabc38fe3c233df	archive-xwzx-2026-part-001.tar.gz
UploadFiles/xwzx/2021/9/202109220948313878.xlsx	51147	8dfe87ea6a6b77ffd86b3dd967cc590b7f519e87abd1b1c7bc875dc2cad163f1	archive-xwzx-2026-part-001.tar.gz
UploadFiles/xwzx/2021/9/202109220951306750.docx	22062	362b830fa1385b3e8c4927a5cd1e99079c2911c25db017421e44f588d45b0b34	archive-xwzx-2026-part-001.tar.gz
UploadFiles/xwzx/2021/9/202109220952194397.docx	12236	22105faf433e490e0820d52d74070af5d6a1686047eeacb6672b9d974998874f	archive-xwzx-2026-part-001.tar.gz
UploadFiles/xwzx/2021/9/202109220953531348.gif	1012	62c86a7776611273707faece405890b74a8c521b17a73e339875d8aa4f9ca361	archive-xwzx-2026-part-001.tar.gz
UploadFiles/xwzx/2021/9/202109270842052845.xls	34304	067bf7f1af42067d9b66a354a93ce0cda887e3ac3c0571e5a2324653fc479179	archive-xwzx-2026-part-001.tar.gz
UploadFiles/xwzx/2021/9/202109271640332077.jpg	199992	1324aeee9134ba5b411554a6c48197ead1eb69b4a7422ec2ab559e9e1ac68fa9	archive-xwzx-2026-part-001.tar.gz
UploadFiles/xwzx/2021/9/202109290940220429.JPG	18469305	cfc90886b0862f6be365d157652ff645fb33bf67d173a5246590f68ac24314a3	archive-xwzx-2026-part-001.tar.gz
UploadFiles/xwzx/2022/1/202201020852353684.xls	33280	73837b6217a626f31f671cabb44842ff54fa6477ec33b8575b926cee1c46be6e	archive-xwzx-2026-part-001.tar.gz
UploadFiles/xwzx/2022/1/202201020853005477.xlsx	48669	36fadcc1be18f40e791f296805eae15f9246aa517ca32c263495040a95647f45	archive-xwzx-2026-part-001.tar.gz
UploadFiles/xwzx/2022/1/202201031101320654.JPG	15721328	39168b3d1efdbed0d58bf25fc39b9fed507dfa8191ab1ed3d3c2da4d6152ae95	archive-xwzx-2026-part-001.tar.gz
UploadFiles/xwzx/2022/1/202201031102070105.jpg	9661015	dfb7252e20d0d3b0c95fe52f89721620c30e06da9a56b34fbc83e20107cff006	archive-xwzx-2026-part-001.tar.gz
UploadFiles/xwzx/2022/1/202201031102087776.JPG	2614707	e9cfd023c7bba330719d2e3b71a53e94551f28ce5739ff714df04ae16d47530b	archive-xwzx-2026-part-001.tar.gz
UploadFiles/xwzx/2022/1/202201031104420654.jpg	3856525	90db7747d7292be73719cfb6a166839f5fcca5ccab28b3f99e15f1e185640ed9	archive-xwzx-2026-part-001.tar.gz
UploadFiles/xwzx/2022/1/202201120838485398.xls	33280	985076a7fc669e82c9df842e2324f7c604f9e5890a4a12f39c0ac9b69dc9d82b	archive-xwzx-2026-part-001.tar.gz
UploadFiles/xwzx/2022/1/202201120839044383.xlsx	48581	78f72d3b5c233745efb759687234cd28a253e81ce4ea9d60ab6dfe66e2b92a15	archive-xwzx-2026-part-001.tar.gz
UploadFiles/xwzx/2022/1/202201131206368850.png	58411	cc2414485d12d66aa98ad9db312dca11a400c1396ffa9e1883ee609ee9569477	archive-xwzx-2026-part-001.tar.gz
UploadFiles/xwzx/2022/1/202201190738202662.jpg	20003	95fb1488dcda654244890444160387059de09efa531e3dbf31d347290448b94e	archive-xwzx-2026-part-001.tar.gz
UploadFiles/xwzx/2022/1/202201201235020980.jpg	57166	7889a8dcf4716ad0abbcfc21798fe3b7bed362494b6a2e1d9c4770f966b9c858	archive-xwzx-2026-part-001.tar.gz
UploadFiles/xwzx/2022/1/202201211422420730.jpg	302201	df34a918e4224a2818f479f31f9de830cbfc145984e47e9c462eac98a0eb1961	archive-xwzx-2026-part-001.tar.gz
UploadFiles/xwzx/2022/1/202201220850127224.xls	391680	cdd50ad6a2ad1edca3a72d90bc268085963b30e7bb68a1d1efcd40eb72039180	archive-xwzx-2026-part-001.tar.gz
UploadFiles/xwzx/2022/10/202210081034209077.jpg	229139	b989fb0ea029cdaa407e92e870645d1d2dcd715b41b91c6157795c9f9494d98d	archive-xwzx-2026-part-001.tar.gz
UploadFiles/xwzx/2022/10/202210081034220375.jpg	273799	7c8b8b6756f40622a1e60e590e48fd1399627b52e91788a41dcd8e8fbefa77ae	archive-xwzx-2026-part-001.tar.gz
UploadFiles/xwzx/2022/10/202210081034220744.JPG	4773914	b827e57a9a77355eb70c673ab2a3c75e81b13347bb70166577f10439001fb13a	archive-xwzx-2026-part-001.tar.gz
UploadFiles/xwzx/2022/10/202210101204380232.docx	2435725	ad14ffe638b7799a874815c3ca659ff9a9f8aa5e0bec0dcb3c8e2362a8f7ffc0	archive-xwzx-2026-part-001.tar.gz
UploadFiles/xwzx/2022/10/202210110756320523.jpg	382080	85219608ade32e7d1dfb5679f09fff99728965d930c152349a072a5023976234	archive-xwzx-2026-part-001.tar.gz
UploadFiles/xwzx/2022/10/202210121520543894.png	146947	a024466d3dce626e08dcfa16f766a1ab6d9a52b77389a5a8c71d4317e24feabc	archive-xwzx-2026-part-001.tar.gz
UploadFiles/xwzx/2022/10/202210131612372036.png	70570	fced89b892028bb828dfd0258fa83cc093d898345d4304aea8eb3cd95a7b5fc8	archive-xwzx-2026-part-001.tar.gz
UploadFiles/xwzx/2022/10/202210131614292066.pdf	157695	f01cdf6a516f6f0063c7166c4a512c00f718bace34d14eaaf1af7931ecf891c4	archive-xwzx-2026-part-001.tar.gz
UploadFiles/xwzx/2022/10/202210171103202732.jpg	245701	a7a4d9e475ecb621dd5fd41a89687f7bc97ccc722f045c918fbef39f80321400	archive-xwzx-2026-part-001.tar.gz
UploadFiles/xwzx/2022/10/202210171103203615.jpg	240830	a550ae37150d45a6e2053bcef44015234605bd12283ed84d0f29a1f808080689	archive-xwzx-2026-part-001.tar.gz
UploadFiles/xwzx/2022/10/202210270833202615.jpg	255352	3e9aadeb6a6171c742020f3f59527175f6166f18d2cb3dd19302f637d8b39f54	archive-xwzx-2026-part-001.tar.gz
UploadFiles/xwzx/2022/10/202210270833205718.jpg	228819	a2d76ee583fc0a2573b945ae3840ca0fafd408205fc6c709146af00ac17d8b63	archive-xwzx-2026-part-001.tar.gz
UploadFiles/xwzx/2022/10/202210270833209586.jpg	256529	8bcfbba3adc2c365eae69c4231fa0fe3810fc822ef6e6d9bd86bd972ca5962ca	archive-xwzx-2026-part-001.tar.gz
UploadFiles/xwzx/2022/11/202211020800111138.docx	16297	e61383271d6611f93786a3dd5254a84393236350ad333d6fda3a482607683ff4	archive-xwzx-2026-part-001.tar.gz
UploadFiles/xwzx/2022/11/202211020800112121.pdf	344878	b96192dcdbf1de2be775dd072af98f6b4a2f912e3264cb9140d88000925ad0bb	archive-xwzx-2026-part-001.tar.gz
UploadFiles/xwzx/2022/11/202211020800114169.pdf	428428	3c4173f8aafe2b19e9f13ffe2ea06a52126eefd5bae82ac5be9b0a701e103b0d	archive-xwzx-2026-part-001.tar.gz
UploadFiles/xwzx/2022/11/202211020827027021.jpg	2176629	be0689aa2090b56d0505c68c8f9552f8ebb2c4dab9dd56d98ea73bab0759de15	archive-xwzx-2026-part-001.tar.gz
UploadFiles/xwzx/2022/11/202211041712036680.JPG	14884790	e44d06d6322bcf476f862e5bca57ed7ea35bdc3deecd0dcfb1917ec287bca6e4	archive-xwzx-2026-part-001.tar.gz
UploadFiles/xwzx/2022/11/202211041712054547.JPG	15487197	b97a70791de54e45566e4064c76cb0ef282ba4e35cda63e944d1a287dc4f15e6	archive-xwzx-2026-part-001.tar.gz
UploadFiles/xwzx/2022/11/202211101203261742.docx	30831	fd606de9e90c8a0f4e2ba00bc29b6b2b5a00494ef1222d618e7434bcde1d4a65	archive-xwzx-2026-part-001.tar.gz
UploadFiles/xwzx/2022/11/202211140821205717.JPG	3299999	0b4ee21945b3009de1be0c2b191b15ecd1dfbfce036d131e1eaa12d14bdb722e	archive-xwzx-2026-part-001.tar.gz
UploadFiles/xwzx/2022/11/202211140822094078.jpg	251154	5f06bbfa8f5c1e486197987ecc0853878026fae0b4f1cd912003a1d4d1828b4e	archive-xwzx-2026-part-001.tar.gz
UploadFiles/xwzx/2022/11/202211140822096261.jpg	199911	7842bcf6178876b06dd98c4f84b71bf9f00f3d3e6f1e3bcb5f506eaf77a4bb08	archive-xwzx-2026-part-001.tar.gz
UploadFiles/xwzx/2022/11/202211140822097310.jpg	233942	c6e7170bd0bb2c4f3977cef7b06d28f9276f4591ef219755b186a515a9762198	archive-xwzx-2026-part-001.tar.gz
UploadFiles/xwzx/2022/11/202211140822102091.jpg	215355	15dddfd80aa6a25fb77dc33989012d154d0df25b2ae37d97d6fd188169a0a74b	archive-xwzx-2026-part-001.tar.gz
UploadFiles/xwzx/2022/11/202211181816204854.JPG	4006275	a87a9a1de700ebfacdb7669366b03bfa0804a1656956dca8441e132ff26a0e43	archive-xwzx-2026-part-001.tar.gz
UploadFiles/xwzx/2022/11/202211181816209295.JPG	3748875	322c94bcb4cf89c4556fb5cbe9f0ccdb00bf93ea86537c21ab64525b3a115ace	archive-xwzx-2026-part-001.tar.gz
UploadFiles/xwzx/2022/11/202211220919277572.xls	563200	8503e7ea1dc3d0b870ec65f3d9c8ccd91b71c05b07cd3e4bc0b9ef6e219f4fb5	archive-xwzx-2026-part-001.tar.gz
UploadFiles/xwzx/2022/11/202211230820404323.JPG	15078290	4bf5a8f2250f7ac7b8e6dfda3b5525438f5284fbcdc0bebafef6764f7774d9ba	archive-xwzx-2026-part-001.tar.gz
UploadFiles/xwzx/2022/11/202211230820458614.jpg	13535885	3490d214de368737dab5ac36e50ee0f07a7f49e130e37202da96cd99e51feb77	archive-xwzx-2026-part-001.tar.gz
UploadFiles/xwzx/2022/11/202211230820473041.jpg	14209288	8ff1bf16484185560e60643256b82ffe4d23981b154a2dfc509928fcc570a014	archive-xwzx-2026-part-001.tar.gz
UploadFiles/xwzx/2022/11/202211230821102059.jpg	13917862	fc0cf47d429916eb61fc20226fe2ca516f69b1a7e00e13e670fe330a70fc2f85	archive-xwzx-2026-part-001.tar.gz
UploadFiles/xwzx/2022/11/202211232036078729.jpg	2111609	1edcc191b0fb8610c878795576f19a7da553de3ec0f5b256b3b24e29d0b60ec1	archive-xwzx-2026-part-001.tar.gz
UploadFiles/xwzx/2022/11/202211232037020758.jpg	250176	ffd04d41f44de0404fd81c47c09662515091c9d878fbd1ae2a4490a920c4b5b6	archive-xwzx-2026-part-001.tar.gz
UploadFiles/xwzx/2022/11/202211232037024503.jpg	241254	8057f3f4e53f60c16360994824d1f1b5e33831d81981f9f536b91bf0607cf53b	archive-xwzx-2026-part-001.tar.gz
UploadFiles/xwzx/2022/11/202211232037028580.jpg	299499	922bab6bafa6a6b77f807ed86f450f8a0d3b50d9d46003eb50d8fa29d6908e5e	archive-xwzx-2026-part-001.tar.gz
UploadFiles/xwzx/2022/11/202211232037029274.jpg	259842	cf84e47309bafddc3db0dbf1f7781c749ba7bf5ef828b5f29018ee8fad1c25d3	archive-xwzx-2026-part-001.tar.gz
UploadFiles/xwzx/2022/11/202211232037033139.jpg	151278	5aacffbb3ae46aa606db402102a178b3525c99c494e83e27c6fdfcfe5686b8a4	archive-xwzx-2026-part-001.tar.gz
UploadFiles/xwzx/2022/11/202211232037033562.jpg	277250	8de16d39c5946ab053bce4d29ad7a689a7f41c7ef66893ee1c47c7583a9faaad	archive-xwzx-2026-part-001.tar.gz
UploadFiles/xwzx/2022/11/202211232037033587.jpg	219592	24a290b1f308d3ae4e784a88f6cde5ccbd04925c98239db3ad2be0b0fedeb228	archive-xwzx-2026-part-001.tar.gz
UploadFiles/xwzx/2022/11/202211232037034514.jpg	211520	9d1b708868af67059cc1cf33f77e3148d88d835ee81f2ca281e3f48bf7b2f3b5	archive-xwzx-2026-part-001.tar.gz
UploadFiles/xwzx/2022/11/202211240125209808.xlsx	48350	7c45ae5d5915fc4b27043bb2d5dec0b3e3a2788db0840e1d76157e1bd8f4d32f	archive-xwzx-2026-part-001.tar.gz
UploadFiles/xwzx/2022/11/202211281002203550.jpg	353112	c0650c8dea2fc7548adeaf4e267e1454826c9ac642c85d8fe6f9455150e0270a	archive-xwzx-2026-part-001.tar.gz
UploadFiles/xwzx/2022/11/202211281002203823.jpg	473196	b7afa006d6667281fb747da34aead655bc07211a0b8c2df3b65f9beacb9230fd	archive-xwzx-2026-part-001.tar.gz
UploadFiles/xwzx/2022/11/202211281002203939.jpg	411414	b635ce5613d8b314e10355baff16202b4f489f0e340e003f92966e531876b288	archive-xwzx-2026-part-001.tar.gz
UploadFiles/xwzx/2022/11/202211281002209145.jpg	196103	156b9b2caade3c78f13cb9ba69f167f1735b19a23db80400e06bf38791753fa4	archive-xwzx-2026-part-001.tar.gz
UploadFiles/xwzx/2022/11/202211281002209470.jpg	332478	66bb2af8a1d6254c562e2cd89f45b106b99de0584a7cef50677df508cbb86410	archive-xwzx-2026-part-001.tar.gz
UploadFiles/xwzx/2022/11/202211281002220678.jpg	399514	2fd221c0a62c443326f5292c73c5c61649225d554fa06b30f1e205b155b710d8	archive-xwzx-2026-part-001.tar.gz
UploadFiles/xwzx/2022/12/202212031046392664.xlsx	13118	6f11a7bcf63d99dcfba8bb363f2d73a5cec4bf12f50446bf3267df11677c056e	archive-xwzx-2026-part-001.tar.gz
UploadFiles/xwzx/2022/12/202212031447386746.png	147417	b80bc772e3134be3e40530dfc91926a1c9a9815e74ed4d837d76757ea0ec8a03	archive-xwzx-2026-part-001.tar.gz
UploadFiles/xwzx/2022/12/202212031447546348.xlsx	48359	b5a869004584ae8a14a8261a41e9d019742c1a67a7158a5d17eb4568abfa3144	archive-xwzx-2026-part-001.tar.gz
UploadFiles/xwzx/2022/12/202212031448335911.png	148353	df36f4dd0a6a80fb85ab63377fd0cec0ed2a8923f434a45fb053e9e57e435cd5	archive-xwzx-2026-part-001.tar.gz
UploadFiles/xwzx/2022/12/202212031448529166.xlsx	48412	2c2061c3dce2da38e404237cdb60cceb193bb01e9598d74a1bc588d216925047	archive-xwzx-2026-part-001.tar.gz
UploadFiles/xwzx/2022/12/202212051412097995.png	731228	11dc6548b39e2e563a4187c6c866c8ea62b3d90180ce1dfeb599921f3c255fa7	archive-xwzx-2026-part-001.tar.gz
UploadFiles/xwzx/2022/12/202212070911226166.rar	8807345	f29ef4b65363e3b45b4b73ee183a5a2326e21168ef18669a066b97fcaa24a3de	archive-xwzx-2026-part-001.tar.gz
UploadFiles/xwzx/2022/12/202212070953191557.jpeg	2056486	5189d81759be19153e38ed9144d734011d68960f702764acf96a7078f6256206	archive-xwzx-2026-part-001.tar.gz
UploadFiles/xwzx/2022/12/202212070953495182.JPG	5329162	b4a4ef11a4c2b316037b901967349ffe4fe55c88200ce518f4497caf2fa5a5eb	archive-xwzx-2026-part-001.tar.gz
UploadFiles/xwzx/2022/12/202212070956012098.JPG	5383298	00b587aa6906bfebce866f1b1cb1f2460791fa926c6230b0261a4ef0b066a565	archive-xwzx-2026-part-001.tar.gz
UploadFiles/xwzx/2022/12/202212070956254640.JPG	3132443	55940f5d5eb1982008d54c66f6814ae58565c085728ba382b538d40c09b94486	archive-xwzx-2026-part-001.tar.gz
UploadFiles/xwzx/2022/12/202212070956316889.JPG	6867327	0b596fc882083e221821456c444f0e35b8c06b3a33745d922107634b5ed1270b	archive-xwzx-2026-part-001.tar.gz
UploadFiles/xwzx/2022/12/202212070956323444.JPG	3816459	28fdb8d11de00cc32be83b14e3aa0a075b961341938e32b7bd33e268c8e30080	archive-xwzx-2026-part-001.tar.gz
UploadFiles/xwzx/2022/12/202212070956324837.JPG	3496910	8f61a642db77177272feb487cb40f676e8750605d99c481159e21f1c8cf07b6e	archive-xwzx-2026-part-001.tar.gz
UploadFiles/xwzx/2022/12/202212070957060416.JPG	385628	df8ef7833e7dae572f213aaa4abc80a7ea4e4fb823e3cee5e63966855e7880a3	archive-xwzx-2026-part-001.tar.gz
UploadFiles/xwzx/2022/12/202212070957095666.JPG	4020209	521e0b52f36aa50bb80de5fa4eadca1c513071c5edbbaf1c7b45d9c4eb6300d4	archive-xwzx-2026-part-001.tar.gz
UploadFiles/xwzx/2022/12/202212070957325395.JPG	229915	c2b22cdce4eeab91bff13273a5dedeced19a5aaab9bb1080a04c5118bdc8cb7a	archive-xwzx-2026-part-001.tar.gz
UploadFiles/xwzx/2022/12/202212070957360556.JPG	7293369	5a8acf7f21d1bd23fb891d27ede649e4cbe6ac329706793c133c6586605b700b	archive-xwzx-2026-part-001.tar.gz
UploadFiles/xwzx/2022/12/202212070958020596.JPG	445925	b1084da83d55497b2fe932b83a124bd31d3673e01453684459be6261e16c469e	archive-xwzx-2026-part-001.tar.gz
UploadFiles/xwzx/2022/12/202212070958067143.JPG	7390047	16ac97d1aea6d4364840a70f99b63f88f9f2bb36a6a2c99b8c697e0cb851a7a3	archive-xwzx-2026-part-001.tar.gz
UploadFiles/xwzx/2022/12/202212070958337637.JPG	4829944	13e1d548ad76aa8cc2a5fa66d4f3d1c0e0d5de9069abcbe892df6b250e234a5f	archive-xwzx-2026-part-001.tar.gz
UploadFiles/xwzx/2022/12/202212070959267191.jpg	5322834	4b6d32e69e7f5a717b80e246dfb455f5547403d8b0eb62aa39841cf2680bbbf0	archive-xwzx-2026-part-001.tar.gz
UploadFiles/xwzx/2022/12/202212070959293647.JPG	7991937	83120f332b2d25768ba6e66ddec6e0c289cecdb50a6fd0ecfa4512a1b0a9a779	archive-xwzx-2026-part-001.tar.gz
UploadFiles/xwzx/2022/12/202212071004560752.png	18054	9c944b1d6cfb02374e278cff52abd093a649d2d7a8a2d8d2b5ddfed81feddd25	archive-xwzx-2026-part-001.tar.gz
UploadFiles/xwzx/2022/12/202212071004569237.png	5127	65d4477fb71d3d7d7530fedf3e22bf3c148e51ca8f20ad51d94ebb4fe271dbdc	archive-xwzx-2026-part-001.tar.gz
UploadFiles/xwzx/2022/12/202212071014319574.doc	16896	a3dd5adc6a0bdb1a1c958c46697ff2a89a36a54970c8d6b3d663d3dccc2216fb	archive-xwzx-2026-part-001.tar.gz
UploadFiles/xwzx/2022/12/202212071600040307.png	149306	76f405d1815e9da210dc4e1bd3410154ac48e80a9c3ab035f9225dd7a57d27e2	archive-xwzx-2026-part-001.tar.gz
UploadFiles/xwzx/2022/12/202212071600194506.xlsx	48319	64a133a6a84f7ec15400ef396fe5c754482f9c5a59f477960c9bd902033f6526	archive-xwzx-2026-part-001.tar.gz
UploadFiles/xwzx/2022/12/202212071612354764.png	147738	7b862fb11a9acf816b385942f71e4fe6c31448f6064c4d1439e1ec650a2e3bfb	archive-xwzx-2026-part-001.tar.gz
UploadFiles/xwzx/2022/12/202212071612521453.xlsx	48369	f18bf9b50b6bc8465d0e325b96861f4be3faee49c182997caf537f53db96ced3	archive-xwzx-2026-part-001.tar.gz
UploadFiles/xwzx/2022/12/202212090932598918.png	27878	54b020844493f73baccb05f8aa19292a394134c47729c3577d9f3dd5fc984ebd	archive-xwzx-2026-part-001.tar.gz
UploadFiles/xwzx/2022/12/202212090933170572.png	28106	4b93e45a9f9aabcd8e0eea6fb7bf00854780dd64beac3a8fd18ae1d090f7b997	archive-xwzx-2026-part-001.tar.gz
UploadFiles/xwzx/2022/12/202212090933351183.png	183395	d545f37696c6ace4125d9f24e0b06eaf9df9ac7f8065b05b4555bdf520424d2b	archive-xwzx-2026-part-001.tar.gz
UploadFiles/xwzx/2022/12/202212090933510145.png	1551360	69cad637d187125554526ebf664aa84bcec903161da50f10e7540538cd96d087	archive-xwzx-2026-part-001.tar.gz
UploadFiles/xwzx/2022/12/202212092252070381.png	147113	b3ffd7b6410a1f0247b96caad4c28c86b7a9bc22b2b38d8fbf636e593e24cca5	archive-xwzx-2026-part-001.tar.gz
UploadFiles/xwzx/2022/12/202212092252460470.png	146832	cd7f420a581a2fb370d5781e7b884529d6bc09cf79e69629483523552f8e1305	archive-xwzx-2026-part-001.tar.gz
UploadFiles/xwzx/2022/12/202212092253014453.xlsx	48444	b7c923c65787f5dda321fdd09a28056fea584ea55168ea5b61cb12234983b866	archive-xwzx-2026-part-001.tar.gz
UploadFiles/xwzx/2022/12/202212120953462146.png	17021	94c58ab8f9ed4bd1255b8c0d9148ccc06fa5399cdc5304c2e85c46a22d440e35	archive-xwzx-2026-part-001.tar.gz
UploadFiles/xwzx/2022/12/202212121502095043.jpg	179473	9ff8401e40ea17904bcdbcf4de6a64793d8cd10cf36f43491ec6d3a831cc2d0e	archive-xwzx-2026-part-001.tar.gz
UploadFiles/xwzx/2022/12/202212121542094216.doc	110592	92fcbf0d60405ff2dfd0f7921809b26e017f3b800b860c12bdd37a84af891ff9	archive-xwzx-2026-part-001.tar.gz
UploadFiles/xwzx/2022/12/202212131104202964.Jpeg	243742	fcf50ce404fa279e3243f0aea5e4865116097251333096c5221149167823db85	archive-xwzx-2026-part-001.tar.gz
UploadFiles/xwzx/2022/12/202212131104203881.Jpeg	310541	7353ba7e4adfb28ac2740732a83f0b4c95357352eeba8807d27d9050fb7ec18d	archive-xwzx-2026-part-001.tar.gz
UploadFiles/xwzx/2022/12/202212141752041300.jpg	1919145	efbc054807f962cfacf9f3642e6b36038d2d5477f067612e09eac6e95aa9e77f	archive-xwzx-2026-part-001.tar.gz
UploadFiles/xwzx/2022/12/202212141752050901.jpg	2298213	b3437a860c80b4d0c3bb0aad74403c17bda57749eb96f6c3b6c0b6b7dd6a6ca2	archive-xwzx-2026-part-001.tar.gz
UploadFiles/xwzx/2022/2/202202111515206844.jpg	274015	28292d2438e4fc0193080a9998bdace5ac4ade1d3d90c2083bc6ffb929b35306	archive-xwzx-2026-part-001.tar.gz
UploadFiles/xwzx/2022/2/202202111520358932.jpg	511779	5a61171205b9775ae0eb199bac44ceb9877afd41da9101bf0e81ac6927668985	archive-xwzx-2026-part-001.tar.gz
UploadFiles/xwzx/2022/2/202202111520376242.jpg	213956	f8b0c9197dcd71d51bd36f91a6bb6cfda6207d1427e813d07211791172f6796d	archive-xwzx-2026-part-001.tar.gz
UploadFiles/xwzx/2022/2/202202180838582071.jpg	176492	0f30d12041a701a5786682417f9d9794a78b339e5f028046d2ca334ab63f4fa9	archive-xwzx-2026-part-001.tar.gz
UploadFiles/xwzx/2022/2/202202220807057047.png	26350	11ff6ea3161181edc25ae5a750117b11c210b802f1c1748648c0190759684eb7	archive-xwzx-2026-part-001.tar.gz
UploadFiles/xwzx/2022/2/202202220807130344.png	23604	955eb05cd7312c655f41231140f30b52c05e422d4504dada1a6a2815971cb424	archive-xwzx-2026-part-001.tar.gz
UploadFiles/xwzx/2022/2/202202220842167723.xls	32256	a1de7bfbb3309ae61a6f4244914e66bf6ca22b1f09cfb7e7cb8b49f70ba77887	archive-xwzx-2026-part-001.tar.gz
UploadFiles/xwzx/2022/2/202202220842391094.xlsx	55526	e36726377e489373ee6afdd6b657d5540df665a68c63d4035b7b3ae296034aa5	archive-xwzx-2026-part-001.tar.gz
UploadFiles/xwzx/2022/2/202202220851032242.png	19236	6b57dcb687911bb48395c678f81fc7b6edad78b5690a6e8d860acf011b082b9d	archive-xwzx-2026-part-001.tar.gz
UploadFiles/xwzx/2022/2/202202220937582791.docx	13089	d735172b9606c739a4d4afb0a2de84d37c9dff58ac16aaa8ef6bbdd1db94f9ed	archive-xwzx-2026-part-001.tar.gz
UploadFiles/xwzx/2022/2/202202220938167551.docx	12979	689497969368976fe8271c37523c4ec11b25ca6664517cb3e7a4bf9ede3e90b7	archive-xwzx-2026-part-001.tar.gz
UploadFiles/xwzx/2022/2/202202251011209888.png	58102	0ce7fa5e49be9d6ba6686a371ac34af312b9f7b137fbfedc8acf5bd41a981375	archive-xwzx-2026-part-001.tar.gz
UploadFiles/xwzx/2022/2/202202251612520564.jpg	68365	4d9e4e02f1324ead6d5f3eee1e6d5c5ae48486f0e2f57c93ba52a59bd07d44d1	archive-xwzx-2026-part-001.tar.gz
UploadFiles/xwzx/2022/2/202202280824152050.xlsx	12255	4d32637eff9441d27c41dcde60ce1e5f7ea463721007fb1d66ebdc6e6d11cae3	archive-xwzx-2026-part-001.tar.gz
UploadFiles/xwzx/2022/3/202203020935145038.jpg	194033	97fbaea97082fe4463c53a84df10d1365669c76f1623ed060e36316562b117ce	archive-xwzx-2026-part-001.tar.gz
UploadFiles/xwzx/2022/3/202203070815205788.xls	33280	54e7402ee06237c59b2d8ceba797ff89ed7b456b72aa00b3a45665eb9916e602	archive-xwzx-2026-part-001.tar.gz
UploadFiles/xwzx/2022/3/202203120817277581.png	58246	0a960c6b43fd32b92d4ad8032357a4fdff610ea57048414ef2d5ab27d514f583	archive-xwzx-2026-part-001.tar.gz
UploadFiles/xwzx/2022/3/202203120823179139.xls	31744	25a4fef59f2c8f8e3ab99dde017a3ed88a6ebe65095953e22f56c6c9e218781a	archive-xwzx-2026-part-001.tar.gz
UploadFiles/xwzx/2022/3/202203120823363300.xlsx	55680	ea37fae8f27b529ce3a91af83e7d7f15dca89c6dadcdd72d06e7bfae8fb6e67f	archive-xwzx-2026-part-001.tar.gz
UploadFiles/xwzx/2022/3/202203120906302352.doc	34304	8acfe120a4ba71f1f3ca847aded405c3b44827c3a44eed22963681d3f30b0f59	archive-xwzx-2026-part-001.tar.gz
UploadFiles/xwzx/2022/3/202203120907244783.gif	1012	62c86a7776611273707faece405890b74a8c521b17a73e339875d8aa4f9ca361	archive-xwzx-2026-part-001.tar.gz
UploadFiles/xwzx/2022/3/202203120944111348.jpg	42725	32b3b9f62790c4df7d98bf7e104e8b126f5415f59588941523670028c2c71aa9	archive-xwzx-2026-part-001.tar.gz
UploadFiles/xwzx/2022/3/202203141120092084.gif	1012	62c86a7776611273707faece405890b74a8c521b17a73e339875d8aa4f9ca361	archive-xwzx-2026-part-001.tar.gz
UploadFiles/xwzx/2022/3/202203180805520352.xlsx	55696	b981498720cee276ffa65aec8ead6ccf48a297f29d687d9f31c41ef3847a9c26	archive-xwzx-2026-part-001.tar.gz
UploadFiles/xwzx/2022/3/202203181320583734.png	58018	f46623a0ea30cf621f831b2d30a85d45f151e71e3fd8f7bb18f60e7973cffa7e	archive-xwzx-2026-part-001.tar.gz
UploadFiles/xwzx/2022/3/202203210853208135.xlsx	10444	dcf91b1236c16a69e2ea5dca1d0b819b3bed4b5cfd239d9fd11bfa9b8d4de2e6	archive-xwzx-2026-part-001.tar.gz
UploadFiles/xwzx/2022/3/202203220822349746.xlsx	55753	c5bc04e1405791ff02d3ce255637918f7f71181fc52eb44e7a77992ab2413572	archive-xwzx-2026-part-001.tar.gz
UploadFiles/xwzx/2022/3/202203290927206161.jpg	1185725	f1e60ef2e8e11c19f5a0ba20d071e877a9579643eff7da0a3b4b34780f797af7	archive-xwzx-2026-part-001.tar.gz
UploadFiles/xwzx/2022/3/202203311612040858.jpg	1921810	18ddf6d5f045dc68dddd9f78f219a8ae899d743fd8c8a0a76df4987875519610	archive-xwzx-2026-part-001.tar.gz
UploadFiles/xwzx/2022/3/202203311612079876.jpg	1538889	0131c1cee9d1edfb5a559197cd95ac4383d17f9f8df212447113f0b65deaf57c	archive-xwzx-2026-part-001.tar.gz
UploadFiles/xwzx/2022/4/202204011646204324.jpg	297160	abad8d48752a3b6b1743d682295f39c65c31d626174345e82518391fcc0b2c84	archive-xwzx-2026-part-001.tar.gz
UploadFiles/xwzx/2022/4/202204020854519774.xlsx	33280	fb310181e83579b14060cccef5fe1a019a3d5efcb4d34f54faf9446815404f7e	archive-xwzx-2026-part-001.tar.gz
UploadFiles/xwzx/2022/4/202204020855140932.xlsx	55680	49f14d2f18830d5255f290a3b172b04e6ab5ddb834107dc9cdf6848d8f569cc3	archive-xwzx-2026-part-001.tar.gz
UploadFiles/xwzx/2022/4/202204021456320808.jpg	90241	de73dcfd19ff3e4ca4b741eeab85c0bfc5502547fd288c76b92794c1fa38fa08	archive-xwzx-2026-part-001.tar.gz
UploadFiles/xwzx/2022/4/202204060822066962.xlsx	33280	bc69d03b59cbf245d4ce0d2c884a507dfdc69d1b348fecb22aaeccfa86f53f35	archive-xwzx-2026-part-001.tar.gz
UploadFiles/xwzx/2022/4/202204070902035038.xlsx	55657	131567499e371e7d6c0eba90168f58da8ad134a81fbc78f45c991ccf58d9219c	archive-xwzx-2026-part-001.tar.gz
UploadFiles/xwzx/2022/4/202204081442208156.jpg	185105	64f8ce652dd378855446b49063d0952b5a465d9a89b89179f17bd91b4d255a55	archive-xwzx-2026-part-001.tar.gz
UploadFiles/xwzx/2022/4/202204120850249750.xlsx	19076	8986b7b781dd82f8a4c4a486a33e0937b140f812567281b9909b9249ede90e5e	archive-xwzx-2026-part-001.tar.gz
UploadFiles/xwzx/2022/4/202204120851389604.xlsx	55747	7e929b7255db2a2cff5806783e4bbf5f4224c6ae9233e02c112f2b6ff42093e9	archive-xwzx-2026-part-001.tar.gz
UploadFiles/xwzx/2022/4/202204130810482027.jpg	3738517	f91bedc4e3117e133eb3e5e7dc2909c22ea16345e375b94ea53e79b0fbdf6568	archive-xwzx-2026-part-001.tar.gz
UploadFiles/xwzx/2022/4/202204190919092056.jpg	203471	df767a98bfbf4cd5c87f9d4768f2b357b9c7237dbb55d2fd7ddaaa239dd2510a	archive-xwzx-2026-part-001.tar.gz
UploadFiles/xwzx/2022/4/202204190920276150.gif	1007	163cc66ea50ed88a0477749b55dbe6b10fd3d1d183af23c0081b1e74f0b4df48	archive-xwzx-2026-part-001.tar.gz
UploadFiles/xwzx/2022/4/202204201354120758.jpg	269160	8cb6c5d306eddde0d98141db4411f5a7d2acd361bd34bad4347d4f6b9c01021b	archive-xwzx-2026-part-001.tar.gz
UploadFiles/xwzx/2022/4/202204220803081861.xlsx	55682	85cfc750054b4882b2de943383344b1b4b515e7a59d378eff7d8369dcac9203b	archive-xwzx-2026-part-001.tar.gz
UploadFiles/xwzx/2022/4/202204220941027435.xlsx	19004	ad293645d3990139f6aacee1a0df0933fedf9c228f81a2d72da118a85e7e1cf1	archive-xwzx-2026-part-001.tar.gz
UploadFiles/xwzx/2022/4/202204261107207831.png	712639	27310fe63af73c1042d894554a8ed575e735faafa8d727f016e0dbe29fed7bf3	archive-xwzx-2026-part-001.tar.gz
UploadFiles/xwzx/2022/5/202205020910001670.JPG	146992	69bbd14e1a9f34aa0d0d6e951c31f3a4f886b30331fb4d3bb316ea7c60eb10bc	archive-xwzx-2026-part-001.tar.gz
UploadFiles/xwzx/2022/5/202205020910192370.jpg	4562785	084b8c48757a4e09865d040607b87507fba682d8a9d80a569a42784ea6b9058a	archive-xwzx-2026-part-001.tar.gz
UploadFiles/xwzx/2022/5/202205041052059357.png	27061	237109aefbc63c38ff1685b7723316ed8521eb434afc199d01051c54adfb321b	archive-xwzx-2026-part-001.tar.gz
UploadFiles/xwzx/2022/5/202205050812066626.jpg	3401075	cfc9d10adf2cefaf58f8acc5e2766c95dfbb2d459c996e610b295a01ea693492	archive-xwzx-2026-part-001.tar.gz
UploadFiles/xwzx/2022/5/202205071206198168.jpg	13812	b16699d25d63b61b4f421405959c735eb73811a8de967f879c517b684637a8e3	archive-xwzx-2026-part-001.tar.gz
UploadFiles/xwzx/2022/5/202205090806552085.jpg	4239490	0d3bea403b0e40e2b056443cdd3049a91ba5cf1e7890af52f5b0d1269c77d7c0	archive-xwzx-2026-part-001.tar.gz
UploadFiles/xwzx/2022/5/202205101402492074.png	45583	83ee6f49a780973ae2de216a5b2668c54e83a387db845aedf7e5c318b3a97209	archive-xwzx-2026-part-001.tar.gz
UploadFiles/xwzx/2022/5/202205120813408432.xlsx	19292	bc98962749316352cde309a745810f9f6aed209d228b2d2153c2ae91c304f14f	archive-xwzx-2026-part-001.tar.gz
UploadFiles/xwzx/2022/5/202205120813587374.xlsx	55766	8605dcdb4e1c5c774a7a98037426055661012d9beca953e80be6b209f969b373	archive-xwzx-2026-part-001.tar.gz
UploadFiles/xwzx/2022/5/202205120852569494.gif	1005	96ae963c64e3bf7edd26f5e8d131f80d1444536dc7c69b6164d23e4db16a20d3	archive-xwzx-2026-part-001.tar.gz
UploadFiles/xwzx/2022/5/202205120918273247.xls	635392	14ca980f4e67a255366217295ea2c57879f35bf8d077f927fec0bf9ac1260eaf	archive-xwzx-2026-part-001.tar.gz
UploadFiles/xwzx/2022/5/202205130850203929.xlsx	55576	57a39a03053487b23caf188c17f7a515b9571d66621eef34957a6b8503ce7049	archive-xwzx-2026-part-001.tar.gz
UploadFiles/xwzx/2022/5/202205160820554080.jpg	8256300	ed0feb45ccb47a90594d0550968aea9cda794963f4a456860b0383e024211c40	archive-xwzx-2026-part-001.tar.gz
UploadFiles/xwzx/2022/5/202205190920360374.jpg	204928	ea654bee1654c63683a22f4b09b1637b7f1f6978cb2d5e22e854b25a83cd30d7	archive-xwzx-2026-part-001.tar.gz
UploadFiles/xwzx/2022/5/202205190920390949.jpg	233545	f12126b2ad9acea395ce68cecee944bfd675ddb3ca7a055c78f2122d5da2c1d8	archive-xwzx-2026-part-001.tar.gz
UploadFiles/xwzx/2022/5/202205190920415350.jpg	153200	cd9f43b9cce99eaacf28d5a2ce2df118466bedbde0377b557c35f05e75f90ddb	archive-xwzx-2026-part-001.tar.gz
UploadFiles/xwzx/2022/6/202206020819091011.xlsx	19077	549b76f08d7636192b937f112f1de3c372b377f52f055923bb5857b18c01a69e	archive-xwzx-2026-part-001.tar.gz
UploadFiles/xwzx/2022/6/202206020819317064.xlsx	55901	11cd5856b113c3f0af73835738fe329ec6b702b11e521cb7f86302c06edebdda	archive-xwzx-2026-part-001.tar.gz
UploadFiles/xwzx/2022/6/202206181209052282.xlsx	18201	c4c52f97c1825eb35e4c444f6b73142c3c0e68e1927ec959cedd6753ccab817a	archive-xwzx-2026-part-001.tar.gz
UploadFiles/xwzx/2022/6/202206181209273361.xlsx	55600	229fc1542ef19587625b3ad22e8649bdc40f26afd70efeddbc47c53d2bb0d7b0	archive-xwzx-2026-part-001.tar.gz
UploadFiles/xwzx/2022/6/202206202042070083.JPG	81518	32772dc00c859d77cc49f2327c45dfcbce96f42dd468ab55a7484e65b9aedd65	archive-xwzx-2026-part-001.tar.gz
UploadFiles/xwzx/2022/6/202206220828076308.xlsx	18150	511d5efda1a24837be60bae59b4970a1cccfe585511019753cd537c4fc7a5b4b	archive-xwzx-2026-part-001.tar.gz
UploadFiles/xwzx/2022/6/202206220828260138.xlsx	55623	99c1f5869700c77ae03f90b73578ddbf10c91b4c11f3d924ab489d8d50024ec0	archive-xwzx-2026-part-001.tar.gz
UploadFiles/xwzx/2022/6/202206271635203345.JPG	2940700	37fc1b8b1ddf2fc08a390eae6674d611e26c69f2c554130b85a993fe22314ea6	archive-xwzx-2026-part-001.tar.gz
UploadFiles/xwzx/2022/6/202206271635205095.JPG	2050495	8c0550be356c535ffe0c9f689c05816a60d8f6fb21be3d5894cf43ddb18304cb	archive-xwzx-2026-part-001.tar.gz
UploadFiles/xwzx/2022/6/202206280855209266.JPG	15793436	c3697c41dbc43761f70969d95b5dc1c8c9dcbf0f8a7ecb35ebae389bde630347	archive-xwzx-2026-part-001.tar.gz
UploadFiles/xwzx/2022/7/202207071632026172.JPG	15129048	6fd1b204208eee926589451f43a620ea4fa7be7a00ce7a9672869b1898e88e73	archive-xwzx-2026-part-001.tar.gz
UploadFiles/xwzx/2022/7/202207071632049123.JPG	16486665	0ca44ffc4d3c77782a5326ca0432c20eab48497849a505f33abaccd483c2a928	archive-xwzx-2026-part-001.tar.gz
UploadFiles/xwzx/2022/7/202207071632088726.jpg	3116744	8b514d9c640d4985e2dcf1fee920a1bd5da896130ce76b475f7b634e5360a3ea	archive-xwzx-2026-part-001.tar.gz
UploadFiles/xwzx/2022/8/202208240912072218.JPG	15137386	7c8f2c3c7688a5ed55a5a725081dc278bd4b40fa75968261e58ebcd0cff75d49	archive-xwzx-2026-part-001.tar.gz
UploadFiles/xwzx/2022/8/202208240912082587.JPG	13544767	0cac6549f4a7537799035981ea10995986eb78f006f24859ac086da268b9557a	archive-xwzx-2026-part-001.tar.gz
UploadFiles/xwzx/2022/8/202208240920347227.jpg	395440	a504ea1381403c23699e0032f523266078e142bc4f6950653155e4453f65c591	archive-xwzx-2026-part-001.tar.gz
UploadFiles/xwzx/2022/8/202208271442080055.docx	187172	3c0e7f1e0e55e6088206a312373bc7ab0e399a96e19f13182f3b2169f2b6a5bb	archive-xwzx-2026-part-001.tar.gz
UploadFiles/xwzx/2022/8/202208310944022047.xlsx	18251	af64b6bc4b0a5ff5a3acfb7ad2fa2b281cc7b4a4bc091737e115021f54fa6180	archive-xwzx-2026-part-001.tar.gz
UploadFiles/xwzx/2022/9/202209020901012311.JPG	16222867	ec03a7211fb6696f415637ebe03a01a95d7d2cff7fe6aa104f7a1c321756d794	archive-xwzx-2026-part-001.tar.gz
UploadFiles/xwzx/2022/9/202209020901012370.JPG	14125072	807d6ebcdda26d234468b911f4d5a3a67e574bfb0db286b364db5c6ea0df9320	archive-xwzx-2026-part-001.tar.gz
UploadFiles/xwzx/2022/9/202209020901073003.JPG	14600180	75fd4637d9d913d16920bdca9b57b64a5f926fcf19a93ac1f998638a2d6577ab	archive-xwzx-2026-part-001.tar.gz
UploadFiles/xwzx/2022/9/202209020901100629.JPG	14410980	f9ed47e2418ce994c81e222254c3d3eb8da08cae727c6291016dc17403062a48	archive-xwzx-2026-part-001.tar.gz
UploadFiles/xwzx/2022/9/202209020901129876.JPG	15777921	1869de933897c05c8415fb25bb724f8a41dce7b341ffaf311a87400840c07521	archive-xwzx-2026-part-001.tar.gz
UploadFiles/xwzx/2022/9/202209020901173744.JPG	14520412	0b1268a2f4c4663455d7cbc4563078c2cf971deb5f9077e96b2f3f6f2d560787	archive-xwzx-2026-part-001.tar.gz
UploadFiles/xwzx/2022/9/202209020901222510.JPG	14992506	797421df6d9a63a4d4cee523ee1b19473d001d565a923e73d034135ee6fae5ea	archive-xwzx-2026-part-001.tar.gz
UploadFiles/xwzx/2022/9/202209020901256174.JPG	15921039	d8c1e290b3bd20aed6e8fd97aefd364cb7f921de09b5624b3695f8547758a83e	archive-xwzx-2026-part-001.tar.gz
UploadFiles/xwzx/2022/9/202209020901267516.JPG	14218393	07af9dec16da9e1004ae9cf9edac690bc43b2df27bec2d599eefe3ccebe5c786	archive-xwzx-2026-part-001.tar.gz
UploadFiles/xwzx/2022/9/202209020901341353.JPG	14114837	eef61f5f77236509164abd7e4838e142a00fae201b1e95d04e3f8422075debb1	archive-xwzx-2026-part-001.tar.gz
UploadFiles/xwzx/2022/9/202209020901394636.JPG	16508638	78cf40f8a714c110e51e0a4bcd734e13eb542dca16af929bc82a59fefdadda29	archive-xwzx-2026-part-001.tar.gz
UploadFiles/xwzx/2022/9/202209020901437014.JPG	16182978	1c91836bdace87e7ebbf6fcac9b8b1a00d02b36c314db537e52f628379732cdb	archive-xwzx-2026-part-001.tar.gz
UploadFiles/xwzx/2022/9/202209020901476240.JPG	16302971	57c3f1b3e0dd53ecf6ac664f19f3392de0b3819bfba9f56eb304bc290fc3864d	archive-xwzx-2026-part-001.tar.gz
UploadFiles/xwzx/2022/9/202209020901506194.JPG	16300293	f899a05b4ae9fa4a621fbc913c5743bf6d79530c7b538b921d5047a4a4a12a3a	archive-xwzx-2026-part-001.tar.gz
UploadFiles/xwzx/2022/9/202209020901548276.JPG	16313930	04eb284d36f11b450ae6e191ae27beb1f55ada905a8525c4306c14f483c387d2	archive-xwzx-2026-part-001.tar.gz
UploadFiles/xwzx/2022/9/202209020901551052.JPG	14224782	27f78ebf8e82b39de239fb49d29c7a6d21b303e6f8b20366c0933d8a06028206	archive-xwzx-2026-part-001.tar.gz
UploadFiles/xwzx/2022/9/202209020902003564.JPG	16191376	8f7d0e5f1e9d2741c78ce331ba4bdfcbeb69a9b30adc1771bae2aec98ee7a2f5	archive-xwzx-2026-part-001.tar.gz
UploadFiles/xwzx/2022/9/202209020902015585.JPG	16210223	25cec9cd767c60eeca3998741ef4066e61f16e9e066956506080a850ecd1aae8	archive-xwzx-2026-part-001.tar.gz
UploadFiles/xwzx/2022/9/202209020902052316.JPG	16005088	f34c6065a57cd3ec6a29c66717edee4d1f699be95681a252a86f6bd7c77898fc	archive-xwzx-2026-part-001.tar.gz
UploadFiles/xwzx/2022/9/202209020902103872.JPG	15586376	8a4882e38522152d85a064bb9bf612eb3d13ba404dfe9eed007e3cc3b6581a61	archive-xwzx-2026-part-001.tar.gz
UploadFiles/xwzx/2022/9/202209020902114744.JPG	16338091	06d78288216d3b415440a6e02d60c3277ba32b8ab0f72cb01746139c1fbf4108	archive-xwzx-2026-part-001.tar.gz
UploadFiles/xwzx/2022/9/202209020902136785.JPG	15736580	10e5d65e3a68b2b3e54d74e771d78a10ff0296da721920ac7a456cb546c60624	archive-xwzx-2026-part-001.tar.gz
UploadFiles/xwzx/2022/9/202209020907466688.JPG	8316652	5995078b44fcf116a7315dbf53e120376b73259f11a4b85b32abd0c1bfc8b5d8	archive-xwzx-2026-part-001.tar.gz
UploadFiles/xwzx/2022/9/202209020907470309.jpg	376864	67d01a976d339b26c51d406f1c8163f265d27fc7572a96c4b4944ce25aa7ca18	archive-xwzx-2026-part-001.tar.gz
UploadFiles/xwzx/2022/9/202209020907471121.jpg	329230	64046112b45f6a16c3dfede73a352ad21ba408acb1d37e2b24061a843f2caa64	archive-xwzx-2026-part-001.tar.gz
UploadFiles/xwzx/2022/9/202209020907473872.jpg	423920	09580da7771eda019191b2fbeeac63e818c0ab61df3017916939fa1666122193	archive-xwzx-2026-part-001.tar.gz
UploadFiles/xwzx/2022/9/202209020907474690.jpg	234994	60a522044dc4e1cc20a2fd99381515e10e0069c703ee283659e29354ea9345dd	archive-xwzx-2026-part-001.tar.gz
UploadFiles/xwzx/2022/9/202209020907475055.jpg	319930	47909c15e6ff71e4442286ff5ab431bc0d0187a12e71982ec61ca61b38d24450	archive-xwzx-2026-part-001.tar.gz
UploadFiles/xwzx/2022/9/202209020907475523.jpg	409623	8f8f70376f94107441f4f2ab0cc1092239f4dcf090a9a9e98a57cbd5b35291c8	archive-xwzx-2026-part-001.tar.gz
UploadFiles/xwzx/2022/9/202209020907475824.JPG	11175161	d4ce43c3cedbae084b44f9ae7e1e72d61d1f35f5116c18e336cae8b8db806895	archive-xwzx-2026-part-001.tar.gz
UploadFiles/xwzx/2022/9/202209020907481642.jpg	430891	d7dac8ca0d2c3f2d606143b65a2cd6b45133c19089f96242ba546b812fb65dc3	archive-xwzx-2026-part-001.tar.gz
UploadFiles/xwzx/2022/9/202209020907485578.jpg	395685	e07173eb618ef05c1672c0953274fdc49c70b22895403aeeb573f09795e9f07b	archive-xwzx-2026-part-001.tar.gz
UploadFiles/xwzx/2022/9/202209020907485930.jpg	362883	0092ab744fed8be4124434fd2eb4d4e862ec07fa0e612812aadee174dcd125b7	archive-xwzx-2026-part-001.tar.gz
UploadFiles/xwzx/2022/9/202209020907486881.jpg	429927	2bed4c7f19d319101ade69ce658e0ded5708a250532272be76ed0a11fcd9531b	archive-xwzx-2026-part-001.tar.gz
UploadFiles/xwzx/2022/9/202209020907487088.jpg	371906	463f1cdcebba9d2503933e1848d06997de0c642f46b2d9f47982b6c37a1bd860	archive-xwzx-2026-part-001.tar.gz
UploadFiles/xwzx/2022/9/202209020907487903.jpg	342609	79bc96976ae72694da1510fc509bcdd088d273c1b2c7e36e33995c0f3b8207f0	archive-xwzx-2026-part-001.tar.gz
UploadFiles/xwzx/2022/9/202209020907488408.jpg	379796	aa618ea0fdb2d07ebd8886e66389d018cc4d84f219285ce07b139658d32e32dc	archive-xwzx-2026-part-001.tar.gz
UploadFiles/xwzx/2022/9/202209020907489552.jpg	535335	7e69ca190d779181c8522388df9ba11656d21df146b4dd0ac2250e5b27626263	archive-xwzx-2026-part-001.tar.gz
UploadFiles/xwzx/2022/9/202209020907496744.jpg	383628	4779683d707a5b45914f16b56484de1778d6c2f7a39b3ad95d65af300c50e878	archive-xwzx-2026-part-001.tar.gz
UploadFiles/xwzx/2022/9/202209020907497034.jpg	334437	dabd4283e7be8fda0745700079e4efbad6eb13b998d9f54608b3a83bb6dd493b	archive-xwzx-2026-part-001.tar.gz
UploadFiles/xwzx/2022/9/202209020907498313.jpg	350614	8cfed7bc5f25c662c54dadd42b63af31d89257f9cd97522d4a3938cf992a76cc	archive-xwzx-2026-part-001.tar.gz
UploadFiles/xwzx/2022/9/202209020907519839.jpg	6496366	cabfcabf13ed990c547b781d60a2aee5472f3b8fa7e952776fc9a56baf18fa14	archive-xwzx-2026-part-001.tar.gz
UploadFiles/xwzx/2022/9/202209020907537341.jpg	9739410	fc16672528458998365650ee1258981a2e0cff7eb245f4429e12e1142d430844	archive-xwzx-2026-part-001.tar.gz
UploadFiles/xwzx/2022/9/202209020907549661.JPG	9181454	9aa7c1bfdbc0f2d4a68e15fb3031735493a95f01fe67615518f2858ce2a22ead	archive-xwzx-2026-part-001.tar.gz
UploadFiles/xwzx/2022/9/202209020910235628.jpg	2343369	cce901ae198526741d22cb254a64f49fa0f43d783296ed16fc2faf928ef61f1e	archive-xwzx-2026-part-001.tar.gz
UploadFiles/xwzx/2022/9/202209020910256962.JPG	6177467	77ef467069314f14550eb5d11468404acecd76ceed294789bd783544090ceb89	archive-xwzx-2026-part-001.tar.gz
UploadFiles/xwzx/2022/9/202209020910258258.JPG	6939779	354e32f3dce7461f96a069eb7f4efabd12ac8736a0016a88325c60f2c231b677	archive-xwzx-2026-part-001.tar.gz
UploadFiles/xwzx/2022/9/202209020910261307.jpg	5481037	22b80556da9949f76c79eb86c25031648ed52abe5829d0e65519b235dea7196e	archive-xwzx-2026-part-001.tar.gz
UploadFiles/xwzx/2022/9/202209020910291695.jpg	159653	6bd87899162d7db8e53dba5337430928646735ffa84d7fa160c31ad68edf634c	archive-xwzx-2026-part-001.tar.gz
UploadFiles/xwzx/2022/9/202209020910294127.jpg	8030057	281d628e206bf00456101bd025057a3e2ed337ef9b54f430236ff94887449472	archive-xwzx-2026-part-001.tar.gz
UploadFiles/xwzx/2022/9/202209020910305332.jpg	2330460	e19f6103634a68d5c3934b0661359aa6386e5ec299ad07d48e48e29ddf25312a	archive-xwzx-2026-part-001.tar.gz
UploadFiles/xwzx/2022/9/202209020910393729.JPG	19999593	e0050bef4a72f019cf23564acf44e7e4f080330ad10c6b83f5c590da0f602bdd	archive-xwzx-2026-part-001.tar.gz
UploadFiles/xwzx/2022/9/202209020910460291.JPG	19720741	6732a8ba17faefce5a500223c0725f1e7770bf5862ae7e80cd7be50e8665dbd6	archive-xwzx-2026-part-001.tar.gz
UploadFiles/xwzx/2022/9/202209020910478479.JPG	20718389	12a8d633cc9906a3ce94cd32b35a1d04ae491d72ce6a371a417c6e2c844182bc	archive-xwzx-2026-part-001.tar.gz
UploadFiles/xwzx/2022/9/202209020910497856.JPG	18859064	7f1a93b2916ffd8d15f6326785da800d8865d58cda8e64aa68f2637a25410bcf	archive-xwzx-2026-part-001.tar.gz
UploadFiles/xwzx/2022/9/202209020910553483.JPG	15533129	55c0a2daf351c8c82f64c5240b1cea0720151c57266ea2157f6f8453c00220e5	archive-xwzx-2026-part-001.tar.gz
UploadFiles/xwzx/2022/9/202209020911003692.JPG	19298003	a758571eb69cc164f8a756ea59ca395216d9ea0f81142b362340251c74d22e4c	archive-xwzx-2026-part-001.tar.gz
UploadFiles/xwzx/2022/9/202209020911027073.JPG	13938139	a704b83054777b1e0a5374f0019332ec87cef5534782dca420d009f195ae8da8	archive-xwzx-2026-part-001.tar.gz
UploadFiles/xwzx/2022/9/202209020911063522.JPG	13951078	355ba820a87a96cf972dfadd5dc5c59e183daca569b8ec6b8bf5ae8e7f8856da	archive-xwzx-2026-part-001.tar.gz
UploadFiles/xwzx/2022/9/202209020911095490.JPG	15331771	e7a126dcf3fb93562fba964e9c1cdef41c7b0ffe8177ba9749934e620e8b47ee	archive-xwzx-2026-part-001.tar.gz
UploadFiles/xwzx/2022/9/202209020911120588.JPG	15015591	d80bbad99970beea72adf10be5b4271669ad7ed5566f65a43b891f95fbae50ba	archive-xwzx-2026-part-001.tar.gz
UploadFiles/xwzx/2022/9/202209020911204996.JPG	15161013	b4c9b3eed0789cfe364508d4918c08651d3c293a376295780c3890f6365c1ee3	archive-xwzx-2026-part-001.tar.gz
UploadFiles/xwzx/2022/9/202209020911208085.JPG	17957937	b20359f3a2e9f9e709a685f46eada0a989143fbffcefe4ee87f5791932e195fc	archive-xwzx-2026-part-001.tar.gz
UploadFiles/xwzx/2022/9/202209020911215641.JPG	17738756	d8030a32d8e5c7029e41a5edc369719e38804fc64bf914f9de7f72dfce35c74d	archive-xwzx-2026-part-001.tar.gz
UploadFiles/xwzx/2022/9/202209020911274096.JPG	16823348	cd0f79752d423f14493c068dbd5c67c60470e39c15e5bf0f579e9d9943b69a28	archive-xwzx-2026-part-001.tar.gz
UploadFiles/xwzx/2022/9/202209020911317920.JPG	17534833	d52954d4b42a16de4d23b7246ad140195cd091a68559eee08d14e1795693e8b4	archive-xwzx-2026-part-001.tar.gz
UploadFiles/xwzx/2022/9/202209020911335582.jpg	293644	b6248d52f478cda49f2ec2b92032438542cbc0b99b165f71e4546ed51624596e	archive-xwzx-2026-part-001.tar.gz
UploadFiles/xwzx/2022/9/202209020911342433.JPG	13332706	1c5dc03b3eaf78ac9f0b6c6acc17ad8b94eb987cbc16627360e5c71139279cc8	archive-xwzx-2026-part-001.tar.gz
UploadFiles/xwzx/2022/9/202209020911386084.JPG	13092069	b8cb6423474500bc28373b87e9aeffaccafe86e6da18361fe388a4bc52edcb98	archive-xwzx-2026-part-001.tar.gz
UploadFiles/xwzx/2022/9/202209020911389467.JPG	14367548	1d8a9c05c27c6ffdaa650f493701cb1acd5f5b16dd678ad2ada571b522c28e5b	archive-xwzx-2026-part-001.tar.gz
UploadFiles/xwzx/2022/9/202209020911441187.JPG	15326882	1d52eafae60f2ca6b9886ce8fa4623b139b79bc2cde8a55eacced9f94b25689a	archive-xwzx-2026-part-001.tar.gz
UploadFiles/xwzx/2022/9/202209020911447337.JPG	15295324	dd74beb1e99532e8f8f671b0e57432d8674677e5c7613d92e7785169ba488614	archive-xwzx-2026-part-001.tar.gz
UploadFiles/xwzx/2022/9/202209020911491175.JPG	16127847	33b3c7e5a35716a7af2188f59b336ee0ba8adfe3e093a6b67ee2019f2ea03881	archive-xwzx-2026-part-001.tar.gz
UploadFiles/xwzx/2022/9/202209020911553729.JPG	15799658	be21bb42f7616e3a1a55113eb16ce9203ad41c275307326954dcd75e2fbf6661	archive-xwzx-2026-part-001.tar.gz
UploadFiles/xwzx/2022/9/202209020911554231.JPG	16130401	f4058133bd12aa53af49cf6c92ffddf7a32783dd9c0db6ece6011e62731d6aef	archive-xwzx-2026-part-001.tar.gz
UploadFiles/xwzx/2022/9/202209020911571644.JPG	14571836	9f61b06ab25db964991fded10d7fc8418a572f4d6cca1e35ded6078b479179a4	archive-xwzx-2026-part-001.tar.gz
UploadFiles/xwzx/2022/9/202209020912036560.JPG	14084212	330da04496efcf2468d9d12022b3241cf0be9ebc0140b590a100fbac8f6109f0	archive-xwzx-2026-part-001.tar.gz
UploadFiles/xwzx/2022/9/202209020912039644.JPG	14488271	55151d555e38113e3e45f7eed727d0ac610e7d01ebe9a32418dd0c98a04fdf7f	archive-xwzx-2026-part-002.tar.gz
UploadFiles/xwzx/2022/9/202209020912091594.JPG	13634120	da5f0e97be9b73b3994a21f0bf3164c80280064d92e044efb9ad7e575ce3fe02	archive-xwzx-2026-part-002.tar.gz
UploadFiles/xwzx/2022/9/202209020912115484.JPG	16178768	92b74f507b645e82b73858cffa5ebad524f4e3dc6560a5d3c6848f89aab44d42	archive-xwzx-2026-part-002.tar.gz
UploadFiles/xwzx/2022/9/202209020912116010.JPG	13795511	a0053c541679137af3237420968dcba49f536ac36bbbaca5defd40c03d0bf9c9	archive-xwzx-2026-part-002.tar.gz
UploadFiles/xwzx/2022/9/202209020912171439.JPG	15627975	f457524e8bdcfc4f84438aa6298de8dafcbea2e86e1a9b2311d914dee6a32aa4	archive-xwzx-2026-part-002.tar.gz
UploadFiles/xwzx/2022/9/202209020912176786.JPG	13282059	01f66772d735cc08a70047f25d14b3cef666d961d3c8f916ab73c05202bcd74a	archive-xwzx-2026-part-002.tar.gz
UploadFiles/xwzx/2022/9/202209020912207930.JPG	12822778	3d498896ca3331774c7e70774aec0cce4f48171553e3cea3a2e2f808c1898e98	archive-xwzx-2026-part-002.tar.gz
UploadFiles/xwzx/2022/9/202209020912238905.JPG	13826461	daff71180a7910235d3c02c86419e113c87eb86586adfecd1f39f2d2931a4b90	archive-xwzx-2026-part-002.tar.gz
UploadFiles/xwzx/2022/9/202209020912295774.JPG	13220312	43801420fce05e0c18f161e47b57bdaf723344290fafa28e44e256e4c748be25	archive-xwzx-2026-part-002.tar.gz
UploadFiles/xwzx/2022/9/202209020912307249.JPG	13174821	458df1fdfb0f8c9deb70de08902413a6dfeaf458bd7ec24e3bfdb4988a629a35	archive-xwzx-2026-part-002.tar.gz
UploadFiles/xwzx/2022/9/202209020912343868.JPG	13596617	d0f38218e0ce6dcb2b1297ecc442251efe0242649fd6a45278f7966b3fa9bd8f	archive-xwzx-2026-part-002.tar.gz
UploadFiles/xwzx/2022/9/202209020912348820.JPG	12524038	4fbdc771bc5c0c472e9850971e3ef521bafb22594b4116a17d9629008713fbaa	archive-xwzx-2026-part-002.tar.gz
UploadFiles/xwzx/2022/9/202209020912425379.JPG	14685200	1a41bc6c663e04855131c39ec9d0d96f02f70ff05730860fb77a6e1ed7e643f9	archive-xwzx-2026-part-002.tar.gz
UploadFiles/xwzx/2022/9/202209020912427995.JPG	13561508	d1c4f69cb786138caa29aff990577d3fa948b178c626b00c232309af8d47dbd1	archive-xwzx-2026-part-002.tar.gz
UploadFiles/xwzx/2022/9/202209020912433572.JPG	12539829	fd329a018221163d6139a6068382a9064a4eac1d99a859427ad2860175910230	archive-xwzx-2026-part-002.tar.gz
UploadFiles/xwzx/2022/9/202209020912471965.JPG	13113091	0de5330b4b39cf4a17ae4176915708e2fd37cd17962b74e480ead557edccc239	archive-xwzx-2026-part-002.tar.gz
UploadFiles/xwzx/2022/9/202209020912534289.JPG	11463054	4e63a4583545e8bbcbf52efcee8ab218194d9a228d4a7fe22a91cbebc7ded34a	archive-xwzx-2026-part-002.tar.gz
UploadFiles/xwzx/2022/9/202209020912543733.JPG	12761063	a3a28d38a23ca367ca7bbfd89c452a25f01c3796d3f477f611d4f4f3d9fe9bc4	archive-xwzx-2026-part-002.tar.gz
UploadFiles/xwzx/2022/9/202209020912553833.JPG	15465403	2175bced5227fd82e1d7c62675d83889e718bc7345a65589168720e414767fc2	archive-xwzx-2026-part-002.tar.gz
UploadFiles/xwzx/2022/9/202209020913008408.JPG	14206032	5058a560f972828bb91f690012c90e1b7a4d0c63c1cc11c7ea81c56ebf1fdcdc	archive-xwzx-2026-part-002.tar.gz
UploadFiles/xwzx/2022/9/202209020913062185.JPG	15527293	847f1fe641707a7e20af15f4f64a6adaa645c9c06d229af1d2f881d65a34b489	archive-xwzx-2026-part-002.tar.gz
UploadFiles/xwzx/2022/9/202209020913066254.JPG	13808141	367045beacaa5e48e261391da3687ae8d14fff45c6ef086acbcd480ec40f0f5c	archive-xwzx-2026-part-002.tar.gz
UploadFiles/xwzx/2022/9/202209020913087111.JPG	15690963	72a8891d6c50e9097eff65f2ce2cfa64d22514c63dd75ff66d42ae529647ca2f	archive-xwzx-2026-part-002.tar.gz
UploadFiles/xwzx/2022/9/202209020913155173.JPG	12891908	d4c633a66e14d5a2255f4707af35d97d05d6898661a94158c611030a61ada0e9	archive-xwzx-2026-part-002.tar.gz
UploadFiles/xwzx/2022/9/202209020913162045.JPG	14431534	fa9b1eecc08c926ca9dc3b4ee186e14856e757360a0e1e073dfd1f83a4bae2a5	archive-xwzx-2026-part-002.tar.gz
UploadFiles/xwzx/2022/9/202209020913170267.JPG	14635257	07e8e23aa84fe8fde1490c6e6c2ff93eff8f298793725a0f347ffe54a8492071	archive-xwzx-2026-part-002.tar.gz
UploadFiles/xwzx/2022/9/202209020913200368.JPG	13001624	550555f5e9cc8e187bff15a16bd7e792e849670fbd2c247a6af36a0c2752f553	archive-xwzx-2026-part-002.tar.gz
UploadFiles/xwzx/2022/9/202209020913245668.JPG	12453104	3bd38e7d809dce89acffbdc2855cbc4054ed3aa9ac5715ba85b5ac0ee01d0d45	archive-xwzx-2026-part-002.tar.gz
UploadFiles/xwzx/2022/9/202209020913265969.JPG	12642962	b66cf0336a85d614f0d2062d5cfd77b17aee20ae3624912d1d0b6281d8e98df4	archive-xwzx-2026-part-002.tar.gz
UploadFiles/xwzx/2022/9/202209020913294122.JPG	15108468	ef228c55c2a5676662096343097eccc0a7c0e2c10ddc3e3066743c316e338a4a	archive-xwzx-2026-part-002.tar.gz
UploadFiles/xwzx/2022/9/202209020913304311.jpg	2284897	0c69d6ef8272d560554a3426ea505d7c730694709ac2ac0e8ee28363bfc6bc1a	archive-xwzx-2026-part-002.tar.gz
UploadFiles/xwzx/2022/9/202209020913331907.JPG	14668525	185c3ddbbb3522c453d20b7a10f3b8cf1c85b9cc4c52799d18afb4af7e2e1fb0	archive-xwzx-2026-part-002.tar.gz
UploadFiles/xwzx/2022/9/202209020913336181.JPG	2935136	53a041c7f36f0a861823c97cb1ea2eb404d3d0bacead09a874debc865fce587f	archive-xwzx-2026-part-002.tar.gz
UploadFiles/xwzx/2022/9/202209020913340483.JPG	1852400	9d44c5927ab6b18541ff9da922e7cde06ff458d6a5d4c831fb4d3f12201e5665	archive-xwzx-2026-part-002.tar.gz
UploadFiles/xwzx/2022/9/202209020913355749.JPG	3375255	69dfebd3271d6ca916f087629f2e9d2cb3149a09c08a0ea9d9425d7cd4dfb96e	archive-xwzx-2026-part-002.tar.gz
UploadFiles/xwzx/2022/9/202209020913355991.JPG	3246335	f172de611f2c71e4c9a15d46b687519d0bed70c417a4ecf32f77cf808a23ebef	archive-xwzx-2026-part-002.tar.gz
UploadFiles/xwzx/2022/9/202209020913395265.JPG	13274447	b3bcba3805259f3e117e856b24485fdc5d63d62aebc8ce67de2c24f73472e0bc	archive-xwzx-2026-part-002.tar.gz
UploadFiles/xwzx/2022/9/202209020913395890.jpg	9383485	cd63d96ff71a302ce5cb775b9c1bb90c1c96c42ae7e6bde4d3d522fa0cabe5a5	archive-xwzx-2026-part-002.tar.gz
UploadFiles/xwzx/2022/9/202209020913417116.jpg	9677235	9e3b2300798955e17a961754f3c222411c30cc6266838bc6c1019361f79c271b	archive-xwzx-2026-part-002.tar.gz
UploadFiles/xwzx/2022/9/202209020913421508.jpg	6823426	da63728357d4f6aafb04fe59512ca364ddcbee2dd97f719a1d436f54340cdea3	archive-xwzx-2026-part-002.tar.gz
UploadFiles/xwzx/2022/9/202209020913434476.jpg	4801916	78076a27e46d0fb62c7a525000fb0f13417a56f6e067f1f3ce4f0cd20ef93ffa	archive-xwzx-2026-part-002.tar.gz
UploadFiles/xwzx/2022/9/202209020913445880.jpg	4707601	864f33e6b81c27617015bfcee7d463a50f11e2af7648f5be9f1dfe2bc5bb34a0	archive-xwzx-2026-part-002.tar.gz
UploadFiles/xwzx/2022/9/202209020913471236.jpg	17798484	d48abfbf8daf6483b718db09d46bb85c9ea37a2de80d42a07f0941cf922ad40b	archive-xwzx-2026-part-002.tar.gz
UploadFiles/xwzx/2022/9/202209020920137274.JPG	16875702	fa4229969ff136a940b334a7da5151877cbad9ceb9fac4c226aac25d728a9318	archive-xwzx-2026-part-002.tar.gz
UploadFiles/xwzx/2022/9/202209020920193963.JPG	15324244	edb151c851e41062aa399b5dfb8a820b9377762aa329d5d4251b7e94dab50b64	archive-xwzx-2026-part-002.tar.gz
UploadFiles/xwzx/2022/9/202209020920235352.JPG	14923651	1f8d22e9a80797800e85a5da08145afb624011bd6f5ac5b21d8bfb697be084ed	archive-xwzx-2026-part-002.tar.gz
UploadFiles/xwzx/2022/9/202209020920239008.JPG	15403537	e9629aa915a6f6f072c7a0666fd305398027cf7ef22935501afee87c3582c857	archive-xwzx-2026-part-002.tar.gz
UploadFiles/xwzx/2022/9/202209020920273120.JPG	13108806	b4a917c9eecb2ecfbe8d35c1beac7cf54a36210a4d33178e1171e6e99d48af15	archive-xwzx-2026-part-002.tar.gz
UploadFiles/xwzx/2022/9/202209020920286550.JPG	13953186	7af4346d068da131d4894293740f0e7f8e052dc98995331966de6f830ce2381b	archive-xwzx-2026-part-002.tar.gz
UploadFiles/xwzx/2022/9/202209020923052366.JPG	15487923	e4b541ab9f92ef56ea0601ab2d40ac75bd97bf072c3ece4dccfc15b8f434535b	archive-xwzx-2026-part-002.tar.gz
UploadFiles/xwzx/2022/9/202209020923094633.jpg	13788945	03ed86a60be8f9248de18903d1640fa618a0184d90c9483b8c48bb15b7c487f5	archive-xwzx-2026-part-002.tar.gz
UploadFiles/xwzx/2022/9/202209020923135334.JPG	15422381	b9480f194e5ad6b31946c6e31d32aa43ff49d1ef25fda43de938bc1ee63985d8	archive-xwzx-2026-part-002.tar.gz
UploadFiles/xwzx/2022/9/202209020923174631.jpg	14215308	bcf72e066834ccf72904b1d5715ce93337ab2f682c9352919ff4fb8e0418eb57	archive-xwzx-2026-part-002.tar.gz
UploadFiles/xwzx/2022/9/202209020923219730.JPG	15188463	f27f5b3511cee3753c5fa76e129a0a9c2ffa31a599b6b525caa8b974d2694b43	archive-xwzx-2026-part-002.tar.gz
UploadFiles/xwzx/2022/9/202209020923248465.jpg	13364741	5cc2dffd8d062fea162677010b74b9a31403e3e5e560d503a0c86ccf3e7e7c1b	archive-xwzx-2026-part-002.tar.gz
UploadFiles/xwzx/2022/9/202209020923288060.JPG	14916489	5d12992c3184fb7e5b37f29604b4e5e7071aaecece819227e4308df9ccbfcfe3	archive-xwzx-2026-part-002.tar.gz
UploadFiles/xwzx/2022/9/202209020923330292.JPG	16185390	4ac29a8d38df2f0ae49b6b844290f8f41de78f8c38f763e850e97148cdb6f984	archive-xwzx-2026-part-002.tar.gz
UploadFiles/xwzx/2022/9/202209020923337619.jpg	2234132	46e25043c09a63d2eadffb5712eb8bdfe678bd522670130adf5fae55f43f742e	archive-xwzx-2026-part-002.tar.gz
UploadFiles/xwzx/2022/9/202209020923342998.JPG	18063596	dc13d9032614d2cee4d356eb0911b47ea321bb46a429b1dcb72a4c8662062d9d	archive-xwzx-2026-part-002.tar.gz
UploadFiles/xwzx/2022/9/202209020923349276.JPG	18243229	aed46b3edbba92220d3582428662d3f867cc215735f3c86cf8bd70a4235dadf4	archive-xwzx-2026-part-002.tar.gz
UploadFiles/xwzx/2022/9/202209021131206929.xlsx	18165	f155c2642baed8639bc016ecc718b4c622b3772ae0846692a28d9bf08af0a2da	archive-xwzx-2026-part-002.tar.gz
UploadFiles/xwzx/2022/9/202209050821552056.xlsx	9039	e84f47715140900606f724b49fee6b987f9e264f56dfa9ec6572fc0840590328	archive-xwzx-2026-part-002.tar.gz
UploadFiles/xwzx/2022/9/202209060755020898.jpg	6941285	a8734333b37eff0bf19534350b7616e39c8315a7bce827faf29212010e13bf14	archive-xwzx-2026-part-002.tar.gz
UploadFiles/xwzx/2022/9/202209071325542036.pdf	154839	14b4d34098ac7597e224aa9a6397567d3e1ab0a07adafe6a389bdeeadb91eb88	archive-xwzx-2026-part-002.tar.gz
UploadFiles/xwzx/2022/9/202209071658208022.xls	37376	3c62734acb5a2d296e5fc2b8362d5bdb2a93bbc64791d51168227fb773199e0d	archive-xwzx-2026-part-002.tar.gz
UploadFiles/xwzx/2022/9/202209081421205579.xlsx	55703	32725730d993c8daef299095b607b4ad546de00a14ba98adcace6c83ff381a53	archive-xwzx-2026-part-002.tar.gz
UploadFiles/xwzx/2022/9/202209120833009079.png	97510	2ecb407dfcd7b84d74f2b248f4d6297d84a344dbc27bf4a33488f9ea7802a3cf	archive-xwzx-2026-part-002.tar.gz
UploadFiles/xwzx/2022/9/202209120833157443.xlsx	55753	8240682355749aebbd1381438c8164b81d661edd7397081678a5ed74c647ea45	archive-xwzx-2026-part-002.tar.gz
UploadFiles/xwzx/2022/9/202209120840169049.png	98702	d7d7c1f5718f034cc9d66d0847cda3c33fff9892cc08add7ce831793749e8f7b	archive-xwzx-2026-part-002.tar.gz
UploadFiles/xwzx/2022/9/202209131002049936.JPG	4256200	5039ea50172d03d5debe13a32b3836dcb537ab96888d74e3293408b14f0ea6df	archive-xwzx-2026-part-002.tar.gz
UploadFiles/xwzx/2022/9/202209131002078380.JPG	3971712	0859b5fec79d007f08aa86ffbf69a5af8a3381c47d21d21aaa69af2410ff20f3	archive-xwzx-2026-part-002.tar.gz
UploadFiles/xwzx/2022/9/202209131002092178.JPG	3717409	443c54daa04cc889743bc59e68bb42e573cf178ffa8686aecd50a0bf5d9c64e6	archive-xwzx-2026-part-002.tar.gz
UploadFiles/xwzx/2022/9/202209131002207903.JPG	3261161	05ecf9271a3adf84cb32ad479be8d87037d62a4820f18d055832c8365879c769	archive-xwzx-2026-part-002.tar.gz
UploadFiles/xwzx/2022/9/202209201452027138.jpg	77641	58bfd33d723b414a4e5ac15e4eb7aa2058f23dd768408b003bff90d3e7645071	archive-xwzx-2026-part-002.tar.gz
UploadFiles/xwzx/2022/9/202209211120322050.zip	859167	0d9bdc6308663a315995468d07b1a9781b25a1c18cfd4ecda7d4c19ebdf90a5e	archive-xwzx-2026-part-002.tar.gz
UploadFiles/xwzx/2022/9/202209220813290540.xlsx	55639	a41bb73698a924d324ea912c7926c9fb71f390c81c605d61a4fedd638a5b5f6e	archive-xwzx-2026-part-002.tar.gz
UploadFiles/xwzx/2022/9/202209220852217926.png	146355	a8e6c88a941819adedfb9729f2fe5e5939b5b61b63824126c48e6bdbee560725	archive-xwzx-2026-part-002.tar.gz
UploadFiles/xwzx/2022/9/202209270944206147.jpg	1257039	fedd80db0db23fdc5be0a5e3755a210613160b66b60d3aa0a0164a537e8c9855	archive-xwzx-2026-part-002.tar.gz
UploadFiles/xwzx/2022/9/202209270944206451.jpg	516708	2a0666f2afc41d459217556d21d6c03770ea9aa6507898c00d4558b615d48926	archive-xwzx-2026-part-002.tar.gz
UploadFiles/xwzx/2022/9/202209270944209059.jpg	1114758	6e92aab9d4fddbb7b92f4af129c8f023e5e5c2c160131774bc948dc948dbb8ea	archive-xwzx-2026-part-002.tar.gz
UploadFiles/xwzx/2022/9/202209300820328338.xls	712192	2e29f9c912db121ed6937c8f43dfa7dd86fb757f6367961088fe38fc55d5a793	archive-xwzx-2026-part-002.tar.gz
UploadFiles/xwzx/2022/9/202209300953120964.jpg	333880	8bf2f60da70f6fbe7c8b6b5beed23c50dff7a008501d223e6eef25e78c3624b5	archive-xwzx-2026-part-002.tar.gz
UploadFiles/xwzx/2022/9/202209301040320348.jpg	160361	57e1e458c4b04b61324e666bfc388f110c8dd814761925d025e28af3a9f1bda5	archive-xwzx-2026-part-002.tar.gz
UploadFiles/xwzx/2023/1/202301031457520677.png	117273	b221f23711894c2bc6ee856dcf70b2e1bd5c3fa66d37e249a436a05a8d5a94c9	archive-xwzx-2026-part-002.tar.gz
UploadFiles/xwzx/2023/1/202301051320510141.png	271113	9c6626ee49b37a2237f4b43a9f13dbfc5f93de8699bcaf99ba626bcf95323f8d	archive-xwzx-2026-part-002.tar.gz
UploadFiles/xwzx/2023/1/202301100927020738.png	104132	8edf674d3816fff3df21f1a19de4c47ed8bd3bab930fd709c8cf3c3f3d41b955	archive-xwzx-2026-part-002.tar.gz
UploadFiles/xwzx/2023/1/202301101206428352.png	16558	1ed48ad8732d7e9fc579a3d243ddf66bdbc266bfbb02cf7f4141af9a90725986	archive-xwzx-2026-part-002.tar.gz
UploadFiles/xwzx/2023/1/202301101640432074.png	201506	4fb05cbe7cc2569074a4a112f769c1b035bc3d5736a27b4767b87c30005897bc	archive-xwzx-2026-part-002.tar.gz
UploadFiles/xwzx/2023/1/202301120827255367.png	97491	70ac5768393a0da76b677a72cf8eca7c423e8e0e77e6f82c280e8a2007b5ef29	archive-xwzx-2026-part-002.tar.gz
UploadFiles/xwzx/2023/1/202301120904566276.png	334514	4f4e76af265d17328876ca39c5aae9f1fded3139d8686fad218db32978128e94	archive-xwzx-2026-part-002.tar.gz
UploadFiles/xwzx/2023/10/202310101430320891.doc	21504	fb1eff32548af90fe8f04caa8c1996f4d9d0c1f3905d62045681b82e191f47a6	archive-xwzx-2026-part-002.tar.gz
UploadFiles/xwzx/2023/10/202310161145220713.jpg	1446166	66704d047dda38b1ad8dd3727721fd9ff2ee67ed9028d14cf645fb7194062ba2	archive-xwzx-2026-part-002.tar.gz
UploadFiles/xwzx/2023/10/202310230822079246.JPG	8106340	ca588b70763f221e4bfd52d8037dff1197280fe5a733bdd609cb328b7d6760e2	archive-xwzx-2026-part-002.tar.gz
UploadFiles/xwzx/2023/10/202310231420377381.png	93742	ec37aca5f89414402065eb0162723bfce6a6c5f3ef414b4ba9d266988ef4c92f	archive-xwzx-2026-part-002.tar.gz
UploadFiles/xwzx/2023/10/202310241053312033.JPG	13450990	98d99579ab29c0eaaebaf75c3877fe05de86d147469753949412d67f7035fd46	archive-xwzx-2026-part-002.tar.gz
UploadFiles/xwzx/2023/11/202311010942036194.JPG	628259	f7941c52a1c5e37fe1c1cb4874878da72a1718176dcfa1eb1669c7b766e28bd4	archive-xwzx-2026-part-002.tar.gz
UploadFiles/xwzx/2023/11/202311020817294001.PNG	149445	8d38f67cb1688e300682f3e491fee1f57a3772721325c32f65457368cc5e01a4	archive-xwzx-2026-part-002.tar.gz
UploadFiles/xwzx/2023/11/202311020817299382.PNG	136747	c8f31846bcba227c5eee7da9f0c8edfa4c799ffa7abb9db870a1b7f818055e25	archive-xwzx-2026-part-002.tar.gz
UploadFiles/xwzx/2023/11/202311061551520386.jpg	297406	0110a87005dc090ae5d469138255753546e8e9945bc580c1814f19091593a19a	archive-xwzx-2026-part-002.tar.gz
UploadFiles/xwzx/2023/11/202311150817420692.jpg	3270728	7e25a15452379a98d02632a5dbd8574595c889b07c04e798efec70308bff62b4	archive-xwzx-2026-part-002.tar.gz
UploadFiles/xwzx/2023/11/202311160901042095.jpg	10992682	2714f1e94d57f97d0a033d102828dc005a325e969d7b870275cb0dc787ff2ed9	archive-xwzx-2026-part-002.tar.gz
UploadFiles/xwzx/2023/11/202311200902097843.png	101333	2339cc636f4ded6dc8b9c28164fdb581ab58395d23f7f5f92998aa03b07c1fa2	archive-xwzx-2026-part-002.tar.gz
UploadFiles/xwzx/2023/11/202311211449203277.JPG	2426564	dfc45e9178baebe4e92579342c511630179f39fee3d6833a01f45444e650132d	archive-xwzx-2026-part-002.tar.gz
UploadFiles/xwzx/2023/11/202311220839489495.png	93883	3fbc8720c434d54d06c3eef7962af96365fc972f454723f58b9533055270a583	archive-xwzx-2026-part-002.tar.gz
UploadFiles/xwzx/2023/12/202312011712066155.jpg	223241	cda2c1caeb8dccda46fd8a8be7e647a81a7e480d135fe1f7f702c51432355f08	archive-xwzx-2026-part-002.tar.gz
UploadFiles/xwzx/2023/12/202312011712068134.jpg	25957	6ab8ad7ff6d22933513b7f000ae94eafc7f0112f043a3ac9471ca18fef5cf7a3	archive-xwzx-2026-part-002.tar.gz
UploadFiles/xwzx/2023/12/202312011712074475.jpg	95414	b74dac937fe76b72083ae407190630d40322dfe957535c9f0d45c56395763db3	archive-xwzx-2026-part-002.tar.gz
UploadFiles/xwzx/2023/12/202312041034484671.png	78269	3155910e1a61486d68ef00d0959275215098feba3802cfb6ca86c1e8941bb302	archive-xwzx-2026-part-002.tar.gz
UploadFiles/xwzx/2023/12/202312041555063318.png	93053	4a5505e58c37812c5465d190636a7f8cebd38ac1f607cb0dc9f2f3b31dee6059	archive-xwzx-2026-part-002.tar.gz
UploadFiles/xwzx/2023/12/202312041600017852.png	103403	2b193668575aae4ee4f4657289152ec7738d029ddea257f8c90146ee5a92ddfa	archive-xwzx-2026-part-002.tar.gz
UploadFiles/xwzx/2023/12/202312041600274101.png	91409	13af406ed66969539bb438a59ea1dc03c3b07a74f9949475505892f9b3ad25ae	archive-xwzx-2026-part-002.tar.gz
UploadFiles/xwzx/2023/12/202312041600530866.png	103980	ac538a049c554e7a1bbc776e9a5f97ed843fbe6c089a070387c30bf253b1e839	archive-xwzx-2026-part-002.tar.gz
UploadFiles/xwzx/2023/12/202312041636437570.png	92292	b98335b08e0ce8b59fba1d5b72e03bfcd77b571157ea2adddba93d34e9688342	archive-xwzx-2026-part-002.tar.gz
UploadFiles/xwzx/2023/12/202312050904270892.png	316065	a20716797b92fb5fe97fd1356483f7d92d02ed17244e36b2ce30379569e3b559	archive-xwzx-2026-part-002.tar.gz
UploadFiles/xwzx/2023/12/202312050904271026.png	336319	704c7376a6ab37080cdafeaa321ceba92f0a19682c619e0a26b53b7f133bdc46	archive-xwzx-2026-part-002.tar.gz
UploadFiles/xwzx/2023/12/202312050904272104.png	388192	a56d8c5d41482349255d0f4230d5e1bf21498507ce4b38a26e11a0e8576ade5b	archive-xwzx-2026-part-002.tar.gz
UploadFiles/xwzx/2023/12/202312050904272206.png	319505	e4457efd08e04d543c49e0d594a9694fe66f2d4bddd4f90d61ae12cd64644b80	archive-xwzx-2026-part-002.tar.gz
UploadFiles/xwzx/2023/12/202312050904274570.png	594863	b8d3fb058258ff8049204054342881517fda4b4a93376b057b9d0f3402f27401	archive-xwzx-2026-part-002.tar.gz
UploadFiles/xwzx/2023/12/202312050904278587.png	1148714	0a991797c03e4225f2880c86d39e1170e3abdb83479de625c16616813d52975e	archive-xwzx-2026-part-002.tar.gz
UploadFiles/xwzx/2023/12/202312051519336998.png	77042	6e0343c4133f89890cfb6391ace6914319942019fcbe15f586893646ce355dad	archive-xwzx-2026-part-002.tar.gz
UploadFiles/xwzx/2023/12/202312051524306881.png	91702	41f2a0fbdd38f09a2b76d0da354be8b9df4831dfecb963c721fbd8baa609b519	archive-xwzx-2026-part-002.tar.gz
UploadFiles/xwzx/2023/12/202312061507003198.png	77841	b963111441b93a4e5328ccb1c88e1722f31ed813c5a2ff16266eb9335b78a713	archive-xwzx-2026-part-002.tar.gz
UploadFiles/xwzx/2023/12/202312061507310876.png	104505	49bfda9c77ec6f0b48d9433d61d8d677c39722a76ee1e8e7f4a31548c2090d05	archive-xwzx-2026-part-002.tar.gz
UploadFiles/xwzx/2023/12/202312061518290060.png	1251005	4bdc63aae87fa6689abfad15397acfc20d837acb075d19f8efb01fcd1878542b	archive-xwzx-2026-part-002.tar.gz
UploadFiles/xwzx/2023/12/202312061518294652.png	1399365	c15282d3331177e99bbecde4ff8dd7730d5940d2426a1b68f5c0eca6cdc1e306	archive-xwzx-2026-part-002.tar.gz
UploadFiles/xwzx/2023/12/202312061518297297.png	1162508	799de6afba078d44b61dfefe9a0741abdcee8e11e1ba936192cbc6237ba5d40e	archive-xwzx-2026-part-002.tar.gz
UploadFiles/xwzx/2023/12/202312061518302800.png	1156651	da2fcc5152065c622ecb1eccbe813c27ae5b2f0d3f028b09f76e4dc8fce448df	archive-xwzx-2026-part-002.tar.gz
UploadFiles/xwzx/2023/12/202312061617073227.doc	27136	3ae99d0285e1ed663010cd983603a735f6e0efe7138f7d72dbe2425a4c9a589e	archive-xwzx-2026-part-002.tar.gz
UploadFiles/xwzx/2023/12/202312061633026978.png	76751	0c9cc1517b3c7baf7f216241894c564bb88f093a867c0dafd97abfadfc8aa9d8	archive-xwzx-2026-part-002.tar.gz
UploadFiles/xwzx/2023/12/202312070852252047.png	91619	49dc2055b16592195bc2c1040d76e33427276e4eb094d8895856053ae603146b	archive-xwzx-2026-part-002.tar.gz
UploadFiles/xwzx/2023/12/202312070854206071.png	29870	a30859a307ae7b5c2540d62c06fbdcf6a6cced5c844b35feffb82f9458f862dd	archive-xwzx-2026-part-002.tar.gz
UploadFiles/xwzx/2023/12/202312071414009676.png	77344	1f4b4d361d9da1c9bab9b4fafb8150eda21a3db3206c9a78cb452f9ab5f21123	archive-xwzx-2026-part-002.tar.gz
UploadFiles/xwzx/2023/12/202312080956329447.png	34139	3dbb5ec4245d6479262e78949fcd4df3f8dc1703c20978be95cd5c8b0343a306	archive-xwzx-2026-part-002.tar.gz
UploadFiles/xwzx/2023/12/202312080956472302.png	54895	6ccf73e16aa7199b032204a206a76fe82b10c71ecad335dc9e228618fc2747c4	archive-xwzx-2026-part-002.tar.gz
UploadFiles/xwzx/2023/12/202312081001116777.rar	8807345	f29ef4b65363e3b45b4b73ee183a5a2326e21168ef18669a066b97fcaa24a3de	archive-xwzx-2026-part-002.tar.gz
UploadFiles/xwzx/2023/12/202312081104021113.png	25871	a7301e655e7143d5dae8b53c54aef65e686b587155a0d71c355395a97a647027	archive-xwzx-2026-part-002.tar.gz
UploadFiles/xwzx/2023/12/202312081704035876.png	77360	c9e98ac9e3018b21e1103bbccf5f0c00ad7f7d90d27b833f3d22c22482200452	archive-xwzx-2026-part-002.tar.gz
UploadFiles/xwzx/2023/12/202312121051207172.jpg	194715	9cff21237cb0553f417eabdf48cc92e70e07d5b748ad9871b1f146bb38f3651d	archive-xwzx-2026-part-002.tar.gz
UploadFiles/xwzx/2023/12/202312121505322030.JPG	3550295	19af5b460dd85e0da86cc14f3d971653b792e52d0cf430d2e703bc3b25c799c5	archive-xwzx-2026-part-002.tar.gz
UploadFiles/xwzx/2023/12/202312131417362073.png	35626	e779a31cbe3686c6a25d783cb67908db4df7a797d5483d985c47a409683b6e7b	archive-xwzx-2026-part-002.tar.gz
UploadFiles/xwzx/2023/12/202312141343422058.doc	27136	df785657fb8acea3ca57e658e436e6e808c11e2bb34ccb1c839d8517ad4857d2	archive-xwzx-2026-part-002.tar.gz
UploadFiles/xwzx/2023/12/202312231233204160.JPG	10059776	06a84285d16e292a5c6ee96a28917efc7673d8ae6f535b9795b5899ba48cb62c	archive-xwzx-2026-part-002.tar.gz
UploadFiles/xwzx/2023/12/202312261520439766.png	91301	8bd52a93e2402125bcc665d3daaefb1bc599308a4906386e91a8f930363ffd71	archive-xwzx-2026-part-002.tar.gz
UploadFiles/xwzx/2023/2/202302050940304737.xls	646656	7d6ff3d70847368b3dc32dd4c8347a3ffe682bdd60dfdb1a7fc2cd5e69d699c4	archive-xwzx-2026-part-002.tar.gz
UploadFiles/xwzx/2023/2/202302050953102372.xls	791040	519de7ec2d92e2093ebca29d0c22ed4cf8bbae4d81bfc86c473bf5efef1f3ba4	archive-xwzx-2026-part-002.tar.gz
UploadFiles/xwzx/2023/2/202302051124036612.png	60458	009c7c441043675d9e245e478ef4f659ea48d1dc903d67fdddea091d36d0df1f	archive-xwzx-2026-part-002.tar.gz
UploadFiles/xwzx/2023/2/202302051134451062.png	68077	05f0d77d7231d8775a39561d727d2f26ebf46af259a3fbeeb132d40d823d21b7	archive-xwzx-2026-part-002.tar.gz
UploadFiles/xwzx/2023/2/202302051134451479.png	53469	1f6b4d750bb6b25fc9a8177b623f5a21e13a1e1508345a93aa65c2adef7af8bc	archive-xwzx-2026-part-002.tar.gz
UploadFiles/xwzx/2023/2/202302051141204577.PNG	42624	ea0164a084239269f061572119e75716da8c6aa5137d6cf9ce4ffdc1ff948884	archive-xwzx-2026-part-002.tar.gz
UploadFiles/xwzx/2023/2/202302051141211198.PNG	49162	c71ef456c657e2b09aeb6b609bbe775c118310955f932c1c303a63f9c13c1f15	archive-xwzx-2026-part-002.tar.gz
UploadFiles/xwzx/2023/2/202302051942361912.png	29368	53836dfda085e668d5a62b4ef4a9ea69fa32ed613e09014eb34d05f1ee026287	archive-xwzx-2026-part-002.tar.gz
UploadFiles/xwzx/2023/2/202302070829525732.png	27886	3badd40c9a62257c6cfc4c9fe05a5dc5500b4f72a9d90b91a28c7d4b0ad63eec	archive-xwzx-2026-part-002.tar.gz
UploadFiles/xwzx/2023/2/202302070832096234.png	90193	58b94962703c3c6ebc7537378b86f6f629b3931578957635499823265b45a8a0	archive-xwzx-2026-part-002.tar.gz
UploadFiles/xwzx/2023/2/202302070832223798.png	31605	3c1d41eeb303eef14661aa80548fafe1168b5441e2ccdbc8be5058742430ca89	archive-xwzx-2026-part-002.tar.gz
UploadFiles/xwzx/2023/2/202302070953535438.png	90355	5d68f39af8f5759cbb09b069604c8da68f7a1b1c90665c5d8d1a415c5efd6615	archive-xwzx-2026-part-002.tar.gz
UploadFiles/xwzx/2023/2/202302081504447641.xls	936448	8fe9dc1c4a48a06a188995ee2c4f83eac4d85a7ea7c06b1e41302cf9841121ed	archive-xwzx-2026-part-002.tar.gz
UploadFiles/xwzx/2023/2/202302081725255694.docx	19036	ce18bcfcc1f6ab7ddd4cd39b1fa62cc89aa4fa0532040e687cae47ab8fb3a914	archive-xwzx-2026-part-002.tar.gz
UploadFiles/xwzx/2023/2/202302081725258821.docx	17364	480b576af2dd80733e3f0563d7648ecf29bec89b052d4b9c173823fa1c36fde0	archive-xwzx-2026-part-002.tar.gz
UploadFiles/xwzx/2023/2/202302090805278647.docx	38055	18f312fb64ba7d3739189d9fafab3156626300a83e5bd6829f7714eeb465e8ea	archive-xwzx-2026-part-002.tar.gz
UploadFiles/xwzx/2023/2/202302090913344363.png	283947	0bf74bf822070cb2ab9c2239a095418151056ebdc0c00ba67bd29df94ebb9494	archive-xwzx-2026-part-002.tar.gz
UploadFiles/xwzx/2023/2/202302090913382719.png	266593	8ba75ddf5b05a68e59a8ab429761e92fc77e3d2cf8db5e22626bf6dd09794c5e	archive-xwzx-2026-part-002.tar.gz
UploadFiles/xwzx/2023/2/202302090913418388.png	251093	32ce816eb3af4a100e330ccc88aba7f73f400f1b77c76c346277a1f2de975277	archive-xwzx-2026-part-002.tar.gz
UploadFiles/xwzx/2023/2/202302090913458955.png	265817	2a9938dac648394c1adffd1017f92ed70b161f3b3cbccf483abea9e418a7358f	archive-xwzx-2026-part-002.tar.gz
UploadFiles/xwzx/2023/2/202302090913488566.png	130050	356a118350c2b6fcb949aa2192924646375b67f27018b58721938343bf16573f	archive-xwzx-2026-part-002.tar.gz
UploadFiles/xwzx/2023/2/202302091232383738.png	15750	7d452fb0e9f336e6c980432342b3a0c3481e56d98df57fac7aa8a31660761a1a	archive-xwzx-2026-part-002.tar.gz
UploadFiles/xwzx/2023/2/202302111020597292.png	148228	9719bf40764f6cadd98777aa6537809d4b6c7e1fe8821cebacd64fd6756474e7	archive-xwzx-2026-part-002.tar.gz
UploadFiles/xwzx/2023/2/202302140945522045.jpg	1696492	4d684b63d8df084ad907774526332420b1731c320771e93e2982393edb5928e6	archive-xwzx-2026-part-002.tar.gz
UploadFiles/xwzx/2023/2/202302220819487434.jpg	4692555	2cb29219c84b4c9c15bfc69982e6aab8cb01b2c86d4c4a7be5d7f18d610b05c8	archive-xwzx-2026-part-002.tar.gz
UploadFiles/xwzx/2023/2/202302220819507544.jpg	4890997	0d14a46976aa9fcd7ad8904c413c1950f212934b3e76ba7f5e1a64cb4a363449	archive-xwzx-2026-part-002.tar.gz
UploadFiles/xwzx/2023/2/202302220819507615.jpg	4681847	c327068f2931e77f5dedf5796744eac8fd7ff83763d57ab2fe8e894cd39a846b	archive-xwzx-2026-part-002.tar.gz
UploadFiles/xwzx/2023/2/202302220820578510.png	1284488	a185e27bdd8f25fef1cb629f05eac03fc6a9013727a979cdbdd058d2c8ab776c	archive-xwzx-2026-part-002.tar.gz
UploadFiles/xwzx/2023/2/202302220821553168.jpg	185394	fd7941055f9962e61ea15442c4ed0a97c8b45b7acb3779d02790ceabb273edd2	archive-xwzx-2026-part-002.tar.gz
UploadFiles/xwzx/2023/2/202302220821554681.jpg	296348	e118c17575256358575aca8b873a33c6f6b77d9a99a0de720d48061604412776	archive-xwzx-2026-part-002.tar.gz
UploadFiles/xwzx/2023/2/202302220821557970.jpg	218790	3eea98804a53ead289b57c47dbdecfca64c6f3a2a43e0ba2c1d37bc62d6733c9	archive-xwzx-2026-part-002.tar.gz
UploadFiles/xwzx/2023/2/202302220821558599.jpg	242375	20beb3d682525d31bf7cf7ba7ed5f42fdcbc3cd7179c0fa54a3cd994cc59b4b0	archive-xwzx-2026-part-002.tar.gz
UploadFiles/xwzx/2023/2/202302220821558870.jpg	183794	447ac1cae393b195e25d75c027b1805bf76f154c56f7e7617e7f3ec77f0e97d9	archive-xwzx-2026-part-002.tar.gz
UploadFiles/xwzx/2023/2/202302220821568965.jpg	542302	f3c637f24df3e448c213be942686ec8b37a4ab1fd61e05075e2c2845be6a0a28	archive-xwzx-2026-part-002.tar.gz
UploadFiles/xwzx/2023/2/202302221203510529.png	34606	e1de1f9f2b109a15745f88abeb56023a1ad1e9802ee8b4af7e3b96fb5b5493c0	archive-xwzx-2026-part-002.tar.gz
UploadFiles/xwzx/2023/2/202302231242094668.png	146505	43b3fe892528c065731b891b4fbc990f097e1f5c6c0900a0004b9f7da25d89d3	archive-xwzx-2026-part-002.tar.gz
UploadFiles/xwzx/2023/3/202303010802068935.xlsx	49105	0b5345d47211d2f9be584e36b5cf92855cfc46ce635a9245d6e33b2eabb187ca	archive-xwzx-2026-part-002.tar.gz
UploadFiles/xwzx/2023/3/202303201057207737.png	146304	322a8b74c3e6da34d7b09e7bee51f839018d3eddb0464fa4b57462bcd45da4b7	archive-xwzx-2026-part-002.tar.gz
UploadFiles/xwzx/2023/3/202303211511205674.docx	14540	b4d15af4b344ea0318f5e5aa0fe77bbf18c89459b95abe54db9bc2b8834ab7d9	archive-xwzx-2026-part-002.tar.gz
UploadFiles/xwzx/2023/3/202303220847039374.jpg	2916364	d34dd9db80369db6b1fda98155b95e5c7caa3e6928d217d0396a2b5cca80cef5	archive-xwzx-2026-part-002.tar.gz
UploadFiles/xwzx/2023/3/202303220847063493.jpg	3892707	166841c7d3aff83d30f169bc80703bae06e10ca1242c9f813a9f1726bf32acb7	archive-xwzx-2026-part-002.tar.gz
UploadFiles/xwzx/2023/3/202303220847096974.jpg	2775501	c775ebdf068ffe90e4348e42938d1516e909aa5fd10453ba713ecd4f41c38fbd	archive-xwzx-2026-part-002.tar.gz
UploadFiles/xwzx/2023/3/202303220847116240.jpg	3503018	64b12ac054ab95e2cacc75cce490546bd8729119eea4bf5e2eb58a858facbd6d	archive-xwzx-2026-part-002.tar.gz
UploadFiles/xwzx/2023/3/202303220847120355.jpg	3898403	a88fc1567b2e1b0b4bbecfb095708ec6af61d3e41e77bf7562bed9ac27d8ad49	archive-xwzx-2026-part-002.tar.gz
UploadFiles/xwzx/2023/3/202303220847141268.jpg	4443891	16584ab7ef6b3e71d20e3a495a57224c4ded0d73fc56c51bc8d57ff0dfce36c5	archive-xwzx-2026-part-002.tar.gz
UploadFiles/xwzx/2023/3/202303220847143941.jpg	200016	30a6a2a1502845de793f0e83f2cfa97f8946ac8c88200b566723e19c6de1ef3a	archive-xwzx-2026-part-002.tar.gz
UploadFiles/xwzx/2023/3/202303220847157473.jpg	174170	dbe5421bbb6315765b2b260b8461537b66b348f47069f7b12d563869094fae11	archive-xwzx-2026-part-002.tar.gz
UploadFiles/xwzx/2023/3/202303220847159579.jpg	31708	30a4c45457abe55e7b50ef0bbce47864de6242624b595ba1e286e104c5b5b82e	archive-xwzx-2026-part-002.tar.gz
UploadFiles/xwzx/2023/3/202303220847161217.jpg	4935612	e0a9f99188ba321d2b64f96f2b5b717d1f6d29c3b964d53310d5687708c2e73b	archive-xwzx-2026-part-002.tar.gz
UploadFiles/xwzx/2023/3/202303220847189410.jpg	2101480	316c421b8af789f14a04804f77c2ae03d3f4abb5cdf328e29fc961de56e6aaff	archive-xwzx-2026-part-002.tar.gz
UploadFiles/xwzx/2023/3/202303220847191134.jpg	4561701	f537fbe861ff700782749879d49d69e43425a196607e259c321bf08caac0e394	archive-xwzx-2026-part-002.tar.gz
UploadFiles/xwzx/2023/3/202303220848404128.png	73964	dd6a2585e9cc2a2fab4df633a25950d71a81965ed94420004642551b610f22e1	archive-xwzx-2026-part-002.tar.gz
UploadFiles/xwzx/2023/3/202303220848556141.xlsx	49172	16e6ad5f8f52a20192957b34c5f809f474a6f241bccc1db679b8df3f7e880c96	archive-xwzx-2026-part-002.tar.gz
UploadFiles/xwzx/2023/3/202303270901204957.jpg	244274	fb1f61738864051f2f288305d5f6867d6351a60adaa17a3edafc8d726e6ae334	archive-xwzx-2026-part-002.tar.gz
UploadFiles/xwzx/2023/4/202304060911520414.jpg	2772184	8ecd038c026eb915a58b043b1f657e3b0cfca3ce4d41f7aebc77d7a754d136dd	archive-xwzx-2026-part-002.tar.gz
UploadFiles/xwzx/2023/4/202304120747073890.png	73776	2757c57fa5c6abee8e7536ff9eed564012205ecf3166566b31c78e7f37b7cf74	archive-xwzx-2026-part-002.tar.gz
UploadFiles/xwzx/2023/4/202304120747229246.xlsx	49061	63119401af37639a1c18a9b91b92b3bcbf7730a3b4a2e5699d78113f88607004	archive-xwzx-2026-part-002.tar.gz
UploadFiles/xwzx/2023/4/202304120845221513.png	15907	f3ee71ed8e0777f90187257b7085bd12341eca1fc9d15a16f4526ca03f355c70	archive-xwzx-2026-part-002.tar.gz
UploadFiles/xwzx/2023/4/202304120846202867.png	28304	5aef5963a8b4062b0cab7911c62de970432cb83eb3a4f76a979b9952e475843b	archive-xwzx-2026-part-002.tar.gz
UploadFiles/xwzx/2023/4/202304191013020873.png	322963	ca3195f35c9470b60e9ba5946344f1668b3bb96ad0f2e8c1d7b00aa1156f88c0	archive-xwzx-2026-part-002.tar.gz
UploadFiles/xwzx/2023/4/202304211048092063.png	45681	6c23d38dfc7f4314195167296163a42f95ec0964da10d20fab9d28da5c0d28b9	archive-xwzx-2026-part-002.tar.gz
UploadFiles/xwzx/2023/4/202304211645052054.JPG	15003651	c2c96a5765e764c7b9582cf0c47b11e585abb0305e69ceb05115a933ccb7d5b0	archive-xwzx-2026-part-002.tar.gz
UploadFiles/xwzx/2023/4/202304231612071369.pdf	333114	30157ba31bbbcfaa058ee8cef97a5220771753fc9c9937875728da38952386be	archive-xwzx-2026-part-002.tar.gz
UploadFiles/xwzx/2023/5/202305101512027701.jpg	1981785	2e2c837a3852ee1af2b8543e1f408355c6bcc3934c5e6ebe0470fb0d20c15a1c	archive-xwzx-2026-part-002.tar.gz
UploadFiles/xwzx/2023/5/202305101512037683.jpg	756968	2d551fa5133f9ba235322b871de4a2212d2c841176904afc4433039b0207a873	archive-xwzx-2026-part-002.tar.gz
UploadFiles/xwzx/2023/5/202305101512040126.jpg	290953	237ba37933bff804a9443f6fa9a8bb7ceb38b538cb6be438aa233f2fc47a5301	archive-xwzx-2026-part-002.tar.gz
UploadFiles/xwzx/2023/5/202305101512044864.jpg	2372724	762cb2a6c952375d155fe94d174b835c493f179ced0deebf59a493dcc0d62663	archive-xwzx-2026-part-002.tar.gz
UploadFiles/xwzx/2023/5/202305151026207370.png	15751	c36e1180051536a0c21f1115f35165bc987b0bbe1df7b83179c0e850d2d3cf7d	archive-xwzx-2026-part-002.tar.gz
UploadFiles/xwzx/2023/5/202305151026208067.png	14087	eea1b888778843f896bac5149000b016d2e808c62a541b34d4b49c05ace88cea	archive-xwzx-2026-part-002.tar.gz
UploadFiles/xwzx/2023/5/202305151526222060.xlsx	11778	69aa2d037d69e66d8ea194a6cf6cb8ccc40eeb95dd0458c05199ea797d254de2	archive-xwzx-2026-part-002.tar.gz
UploadFiles/xwzx/2023/5/202305180233204215.png	74019	15aeae69379a5d22c48b0855ac8e50609c8d039e6ff1abc95b4afd7d9e8b5832	archive-xwzx-2026-part-002.tar.gz
UploadFiles/xwzx/2023/5/202305250842081142.jpg	255790	03906a53142ba94a7580e2fb67389fc02e6cb724dcc5514f46a3e129ae880a00	archive-xwzx-2026-part-002.tar.gz
UploadFiles/xwzx/2023/5/202305250842086759.JPG	926385	40729d8235b16c77ad74c37a89622d0599e3bd69af0411bf299b9a6c1429ee20	archive-xwzx-2026-part-002.tar.gz
UploadFiles/xwzx/2023/5/202305250842088958.jpg	275598	3ccdb6b8291fed87dd44fb169a963bfd033e0f515552d3caa774b12ca8faf2fb	archive-xwzx-2026-part-002.tar.gz
UploadFiles/xwzx/2023/5/202305291031020593.png	32491	d9fa480104e5b847ba851a9017ab571aa5b0d121536090df19282e1eebe0b4a7	archive-xwzx-2026-part-002.tar.gz
UploadFiles/xwzx/2023/5/202305310812044702.xlsx	49044	b1208e1e1ee93997ba17f798afaf1d7a9858ea6cc71b2e33d5376a044dfafcc5	archive-xwzx-2026-part-002.tar.gz
UploadFiles/xwzx/2023/6/202306021642081095.jpg	8852781	775239fbc212b4a287852639702a3156ddbe9b8d963ab201851f2dd0c754295e	archive-xwzx-2026-part-002.tar.gz
UploadFiles/xwzx/2023/6/202306041655142061.doc	577024	80b0df0c50219816466b924fc67a022bcaf858643add934e130428ef3aee9048	archive-xwzx-2026-part-002.tar.gz
UploadFiles/xwzx/2023/6/202306120944047876.png	74496	4243076ffdaa1a13e7a638b7d109ac835728e5fcfe8b4c533faae9990d349637	archive-xwzx-2026-part-002.tar.gz
UploadFiles/xwzx/2023/6/202306190812030474.JPG	15760198	8c66a20d798dab6b33807cd38b6eb0643dfc167c115ba393db0e655a1e6b4f8c	archive-xwzx-2026-part-002.tar.gz
UploadFiles/xwzx/2023/6/202306190812092998.JPG	13593127	dfc0a30467f3119d480dc10857c69d03a4f6b7fb7fead8e41ef4ed33698665d5	archive-xwzx-2026-part-002.tar.gz
UploadFiles/xwzx/2023/6/202306281036207418.png	41940	1414acfbd62d3a319e458dc4d7ff660125030118caf0f6b879654fdf8116901f	archive-xwzx-2026-part-002.tar.gz
UploadFiles/xwzx/2023/7/202307060827020819.jpg	281805	6f45cdf41ae3eb1ca5021a64d96d549cfcf2e8e479dd0b1292d1d6a984f1e536	archive-xwzx-2026-part-002.tar.gz
UploadFiles/xwzx/2023/7/202307060827203981.jpg	7097169	b78e4ba9d5763cf8b4fb504a3d82bd11afdc394504f00ca2e186c9475692a79b	archive-xwzx-2026-part-002.tar.gz
UploadFiles/xwzx/2023/8/202308121552040248.jpg	639301	9f36d4870b3000c69c0610cbe1678dc9f03ef802bdcb1ab31cfedfc8f8bc45b0	archive-xwzx-2026-part-002.tar.gz
UploadFiles/xwzx/2023/8/202308251203131081.doc	59392	28076dad40bfa6c1852e63c6dc1a2eeae5ac826f02b880836293073c2c6b66e5	archive-xwzx-2026-part-002.tar.gz
UploadFiles/xwzx/2023/8/202308251203134510.doc	15872	cac9cfeb050da6a8b227bca736f6266e5137416a28b87e72fe0af9667d777098	archive-xwzx-2026-part-002.tar.gz
UploadFiles/xwzx/2023/8/202308251203138252.xls	22528	08e277644f17d69e664a22a15dc18d73e7f2cc69dbb39ea05fa6cb01cadc5655	archive-xwzx-2026-part-002.tar.gz
UploadFiles/xwzx/2023/8/202308251203138789.docx	14264	ee40ed7adcab9ba09281a2d1557914f70d1cc21109c7ac887aa1685ad19e5619	archive-xwzx-2026-part-002.tar.gz
UploadFiles/xwzx/2023/9/202309021429220629.JPG	15728363	bab6047eb39622e86f4c24d572be2dfbf62b0b5c712301a56c4df3f5e61a771a	archive-xwzx-2026-part-002.tar.gz
UploadFiles/xwzx/2023/9/202309071904204882.png	256123	94f2e53427ee6e0d26a2e6bd47b94ff12fada8cd906ac67179ad213f775d52c5	archive-xwzx-2026-part-002.tar.gz
UploadFiles/xwzx/2023/9/202309120814091357.JPEG	1474682	ec8fafca168e611b6b6a001542877ef4af0c13bcf93677ccaa294e5036e25df2	archive-xwzx-2026-part-002.tar.gz
UploadFiles/xwzx/2023/9/202309120814097097.JPEG	744375	5d63fd5502150aa79e1c0da911c245c9bd5fcd0fb5fdc988cfe9b624ccc589a9	archive-xwzx-2026-part-002.tar.gz
UploadFiles/xwzx/2023/9/202309120835462553.pdf	1359019	7d70518989853ee3199bcd80209a822cce963d128f6afbdd178178db398f679f	archive-xwzx-2026-part-002.tar.gz
UploadFiles/xwzx/2023/9/202309120836047785.xlsx	13774	c7871ec5187c24cfd957b4f70b42177c766d04c12b50b2e016ab27e8f32975e1	archive-xwzx-2026-part-002.tar.gz
UploadFiles/xwzx/2023/9/202309120836452674.gif	996	6a8c34408daee220b364f56261db307a68c0d8732f762bb90ddccb5482683677	archive-xwzx-2026-part-002.tar.gz
UploadFiles/xwzx/2023/9/202309120836455915.gif	1005	96ae963c64e3bf7edd26f5e8d131f80d1444536dc7c69b6164d23e4db16a20d3	archive-xwzx-2026-part-002.tar.gz
UploadFiles/xwzx/2023/9/202309120907131241.xls	696832	e4eec3eb44e375d66807109acb838709caa3fae9bb4a968a6f1043099246e9a9	archive-xwzx-2026-part-002.tar.gz
UploadFiles/xwzx/2023/9/202309130815208338.gif	1012	62c86a7776611273707faece405890b74a8c521b17a73e339875d8aa4f9ca361	archive-xwzx-2026-part-002.tar.gz
UploadFiles/xwzx/2023/9/202309131533204444.jpg	271374	a480d1fa3b742b18f7cbc085e276e85f497d5599a846558ed3357a46965c970b	archive-xwzx-2026-part-002.tar.gz
UploadFiles/xwzx/2023/9/202309180948552047.jpg	312495	0b028e40f6efa663bc47d369feab69257ed6b63dde28b33279dc76ba82668e0a	archive-xwzx-2026-part-002.tar.gz
UploadFiles/xwzx/2023/9/202309181032080991.jpg	1446803	6c643a0a1a3ad265f1742b6458efe1705bef42b8f7986b875e5c108cbf53a523	archive-xwzx-2026-part-002.tar.gz
UploadFiles/xwzx/2023/9/202309191520564252.doc	20992	f2515239b69cc0960e9edb0b7958045d245ef32a78d1f83b8100bf49e975fe20	archive-xwzx-2026-part-002.tar.gz
UploadFiles/xwzx/2023/9/202309191522044965.doc	20480	49bf8690f338f996dbe833187251bfe77d9c91837034e5c5fc05335c0ed8112e	archive-xwzx-2026-part-002.tar.gz
UploadFiles/xwzx/2023/9/202309220831097082.docx	33208	0138fc566a1eecb54dd589df87212c3f1c71ca4120146436e85882dc18055208	archive-xwzx-2026-part-002.tar.gz
UploadFiles/xwzx/2023/9/202309251012088402.png	74952	f0902e6466a63e3e1ee00ebb6d4d9216a5b28acec81502c036401ee6f85319be	archive-xwzx-2026-part-002.tar.gz
UploadFiles/xwzx/2023/9/202309251012088624.png	75239	a7f85782ab5f5f106bea942c66a323e5359273788282ded3eeaeb7b713c10090	archive-xwzx-2026-part-002.tar.gz
UploadFiles/xwzx/2024/1/202401031048205180.png	31249	67040aec6c8f8d96a0f0459a88726bf29c203cb54200177a40c635c371f731f2	archive-xwzx-2026-part-002.tar.gz
UploadFiles/xwzx/2024/1/202401090837206187.gif	1007	163cc66ea50ed88a0477749b55dbe6b10fd3d1d183af23c0081b1e74f0b4df48	archive-xwzx-2026-part-002.tar.gz
UploadFiles/xwzx/2024/1/202401120828008609.png	32535	77e097c64284f55a0c277a62e0ad5d21fa0dbb8b2d8f462ca00b9be63e50296a	archive-xwzx-2026-part-002.tar.gz
UploadFiles/xwzx/2024/1/202401120828490449.png	53677	8ec2756f0ed6447e7d7f7fec091a4c4178d06a1c44b11b519fff1d07268bd0d0	archive-xwzx-2026-part-002.tar.gz
UploadFiles/xwzx/2024/1/202401181602078965.png	684042	9932ce0021674f00ef14c7b1462d43f6b35d681bc507cb781108124fe2534a7a	archive-xwzx-2026-part-002.tar.gz
UploadFiles/xwzx/2024/1/202401220818294133.png	16259	db3b596f0bbbc5b9e3db3266768ec20e1c07a1c38900968edfe0dd5a75caacbd	archive-xwzx-2026-part-002.tar.gz
UploadFiles/xwzx/2024/1/202401220825513272.png	493991	997c14bf1f5f612099a124cc13fe2a811d10f8856b7c3275a6c43cdd78755628	archive-xwzx-2026-part-002.tar.gz
UploadFiles/xwzx/2024/1/202401220925460528.png	269411	67a86c617f6d78f139ca476687fe227260dfc658303c506fa092b91b8f9d8b99	archive-xwzx-2026-part-002.tar.gz
UploadFiles/xwzx/2024/1/202401240922209337.JPG	15311313	a98f0a2eaa456b284b6926043a49faaa354b753b340d35367b70fe546ff20fc6	archive-xwzx-2026-part-002.tar.gz
UploadFiles/xwzx/2024/1/202401251207129531.xls	786944	8215942f2187d230fa6baf347944d553169163967d546fe432a9d7ef2c0130ce	archive-xwzx-2026-part-002.tar.gz
UploadFiles/xwzx/2024/10/202410070905552076.JPG	2053031	4d0dabd80cbda8d8be561cd556ee04b897cbf4e2d892431c426ebd9bf05838a1	archive-xwzx-2026-part-002.tar.gz
UploadFiles/xwzx/2024/10/202410070908302075.jpg	256481	02b3e849fe9b0a1d34ccc166ea73d01368de156e13c9c2dbc810bab20edd78a3	archive-xwzx-2026-part-002.tar.gz
UploadFiles/xwzx/2024/10/202410120724074130.jpg	3414616	824d717c8456922e1e4695583c2fcbd9c07ed3636daaf7937b8c9b966bcd8116	archive-xwzx-2026-part-002.tar.gz
UploadFiles/xwzx/2024/10/202410120929461088.png	67291	42e0d74665e1bd8f884a2ec66a8762d299395efd094e31914f0d40e18c24390e	archive-xwzx-2026-part-002.tar.gz
UploadFiles/xwzx/2024/10/202410120929464741.png	83924	3a10ef290d94897d6b7080b2d3ac1cb5266b8c196be8ef8d131a990ab8bd917d	archive-xwzx-2026-part-002.tar.gz
UploadFiles/xwzx/2024/10/202410160851242042.PNG	118781	a5c8fa0991da90ca993601f6388ce393d00ef2a797cc63f644ca466d1788e848	archive-xwzx-2026-part-002.tar.gz
UploadFiles/xwzx/2024/10/202410211140020969.jpg	1831520	1b4a93d16b4f82fa0081fd5c657c4714f082b2d4ddae18b4e51918a37e6b33ff	archive-xwzx-2026-part-002.tar.gz
UploadFiles/xwzx/2024/10/202410220815296049.png	66989	846671fc570b67c2f1dd0d94ec9c3eeb30cf5bdb46cdfbde56ee97c1aa5e193f	archive-xwzx-2026-part-002.tar.gz
UploadFiles/xwzx/2024/11/202411050827520518.jpg	277079	06a9dc03a16c4a97afb8fb152c4b02db6f4e664fab390dca6c53b488e2446ed3	archive-xwzx-2026-part-002.tar.gz
UploadFiles/xwzx/2024/11/202411111704204710.JPG	155844	4d0716f7959778ced693a34ab6dd7de36a440d16419afe431a71f0c10f45c479	archive-xwzx-2026-part-002.tar.gz
UploadFiles/xwzx/2024/11/202411181557209851.png	99060	3c4de8f7fd9c624b33b046b07584c3276740c5fa428067addaef37899b9474b5	archive-xwzx-2026-part-002.tar.gz
UploadFiles/xwzx/2024/11/202411201432028467.png	35429	a4ef5205532dc8ea87792ae0f3ebe53ecbdaa701cdc1f407f72fce86cd81cf90	archive-xwzx-2026-part-002.tar.gz
UploadFiles/xwzx/2024/11/202411211420549170.png	105192	cb95e86e697d135b42faf05c4d1b626e188af389222e63ae103f5eb9785c16e4	archive-xwzx-2026-part-002.tar.gz
UploadFiles/xwzx/2024/11/202411220824451433.png	72397	b62aac3fe5e3e9d22bf8ebc13896747bc806f6ce2a033fdd0ed1bfe6e4e2b96b	archive-xwzx-2026-part-002.tar.gz
UploadFiles/xwzx/2024/11/202411221103209427.png	76461	e1e4e5e5f9bbd045c44f6aedf7d881d379d4b8b28fa3006f23b107689aa1ee4c	archive-xwzx-2026-part-002.tar.gz
UploadFiles/xwzx/2024/12/202412031021231825.png	98130	95a62ccb0f453d1b98c8273dd94f6a6fdf25a0068d51449d893d45c77ff8c21c	archive-xwzx-2026-part-002.tar.gz
UploadFiles/xwzx/2024/12/202412031213483913.png	20679	01eb080e2999e4b6583e8a644126af97aeda914d436bd2d0087280ca1c043877	archive-xwzx-2026-part-002.tar.gz
UploadFiles/xwzx/2024/12/202412031602575272.png	72902	2f43ca2830e2923a6271ed0b12345f07fcf758d8fb0d95980c337eeba36cd423	archive-xwzx-2026-part-002.tar.gz
UploadFiles/xwzx/2024/12/202412040822047032.png	106133	a9134e024d6450ff7d6b9042ed27b9e18b44236d36b951c7b0412e2f8e0cc999	archive-xwzx-2026-part-002.tar.gz
UploadFiles/xwzx/2024/12/202412040900396628.zip	8189142	0fa776aed05b790a339413519215ff2918c7b402dfcbd07cc66e63253a355d9d	archive-xwzx-2026-part-002.tar.gz
UploadFiles/xwzx/2024/12/202412041431452620.xls	25088	749d1162134b6b9abed3aaf5e225a964267a15e0868790015c698943209155e7	archive-xwzx-2026-part-002.tar.gz
UploadFiles/xwzx/2024/12/202412041432066019.xls	33792	eb756c452131231858eb325c4bf332d646da66855750f07a74b9716ada7dec4d	archive-xwzx-2026-part-002.tar.gz
UploadFiles/xwzx/2024/12/202412041432285148.pdf	189555	82bb24e10105058d2f723c7f6a93e98209980673a7d64b33eab13ff4eeec457a	archive-xwzx-2026-part-002.tar.gz
UploadFiles/xwzx/2024/12/202412041432370448.gif	1005	96ae963c64e3bf7edd26f5e8d131f80d1444536dc7c69b6164d23e4db16a20d3	archive-xwzx-2026-part-002.tar.gz
UploadFiles/xwzx/2024/12/202412041432388658.gif	996	6a8c34408daee220b364f56261db307a68c0d8732f762bb90ddccb5482683677	archive-xwzx-2026-part-002.tar.gz
UploadFiles/xwzx/2024/12/202412041457028537.zip	26013668	7bc56bdd6e6ee99eb8e8f5f85c1e13ea4448e7096a804cd97764173d24f418b1	archive-xwzx-2026-part-002.tar.gz
UploadFiles/xwzx/2024/12/202412041501067384.gif	1007	163cc66ea50ed88a0477749b55dbe6b10fd3d1d183af23c0081b1e74f0b4df48	archive-xwzx-2026-part-002.tar.gz
UploadFiles/xwzx/2024/12/202412041508170733.png	105234	f6b33b2753a89729dd85a5dfc72b30ab55011aab418a7cbdf0bf374c18e99917	archive-xwzx-2026-part-002.tar.gz
UploadFiles/xwzx/2024/12/202412041546230786.png	72798	81f15122cc9ae766dc823437ec9ad5a4907334a35299c961f47f699df9a4786e	archive-xwzx-2026-part-002.tar.gz
UploadFiles/xwzx/2024/12/202412050915086319.docx	860456	e1b4c81a797c4043752039f1dc08677cd2cbde4149c9bbbc77d51aac0d837eba	archive-xwzx-2026-part-002.tar.gz
UploadFiles/xwzx/2024/12/202412050917068142.gif	1012	62c86a7776611273707faece405890b74a8c521b17a73e339875d8aa4f9ca361	archive-xwzx-2026-part-002.tar.gz
UploadFiles/xwzx/2024/12/202412050946033826.JPEG	1158951	22efa5d2d73f2a099ee92f6c70ea1f5a708103a3352752af277eb24ee7797e8d	archive-xwzx-2026-part-002.tar.gz
UploadFiles/xwzx/2024/12/202412050946039897.JPEG	1095709	f548f6d5ec375bbeadacdf07d4507d4afa41838e0b57a63164530f8a0c7f584e	archive-xwzx-2026-part-002.tar.gz
UploadFiles/xwzx/2024/12/202412050946042390.JPEG	1135313	8f9be4e59847d629ad95b4801ac4db40f34ad17487364bbbd5d32d4c87e8f4c2	archive-xwzx-2026-part-002.tar.gz
UploadFiles/xwzx/2024/12/202412050946044460.JPEG	1154754	f21b20451d4f31fa74114dc34d243f149aaac568718abf5bcffab95aacf35de1	archive-xwzx-2026-part-002.tar.gz
UploadFiles/xwzx/2024/12/202412050946045110.JPEG	907439	d4c17dc18963c6c58efda7770df29047a0cae105942843d4dda45d6906413c21	archive-xwzx-2026-part-002.tar.gz
UploadFiles/xwzx/2024/12/202412050946048616.JPEG	1271618	f24e215a4a24483d37388d05c449bdf5fe04a187dca0ca4e5d897636950e2f40	archive-xwzx-2026-part-002.tar.gz
UploadFiles/xwzx/2024/12/202412050946050540.JPEG	1293970	651638bb74a833c64dc073bc096b99a4f0277fe0491ddb8c5a2b13a816a8801f	archive-xwzx-2026-part-002.tar.gz
UploadFiles/xwzx/2024/12/202412051507430702.png	105353	3bb64939cb39262a05f3043d7a9c6bd27c4911642b5319520f2431d628b83c64	archive-xwzx-2026-part-002.tar.gz
UploadFiles/xwzx/2024/12/202412051520248812.doc	21504	81d2dc1a72e7c4a58fd90ddbb86ec957e7569642b05f940012f998c8f5831d12	archive-xwzx-2026-part-002.tar.gz
UploadFiles/xwzx/2024/12/202412051520406593.gif	1012	62c86a7776611273707faece405890b74a8c521b17a73e339875d8aa4f9ca361	archive-xwzx-2026-part-002.tar.gz
UploadFiles/xwzx/2024/12/202412051608430804.zip	5963322	73e170b796d8d63e4fbce7e12fb26d0856a1702905878ae7ebf477462ba7be34	archive-xwzx-2026-part-002.tar.gz
UploadFiles/xwzx/2024/12/202412061303410934.png	84639	21c7757322ebe2bdf1a15865475370fca4e7de6779b50f32fda1f29febb4513e	archive-xwzx-2026-part-002.tar.gz
UploadFiles/xwzx/2024/12/202412061303415808.png	67661	4490de4c37f70e58155b0b0518ff0306998389b43047ae0bc535d9e1122fea72	archive-xwzx-2026-part-002.tar.gz
UploadFiles/xwzx/2024/12/202412061459233435.png	99286	5205f3583a86ca7980f5d34c5aea44ad081485233e6b41f4f54cae088b143cf5	archive-xwzx-2026-part-002.tar.gz
UploadFiles/xwzx/2024/12/202412061637439086.png	37292	ded0b5b6bcb323c347927a991e036f6d1e24f19a06847aca014bea92ead95ffc	archive-xwzx-2026-part-002.tar.gz
UploadFiles/xwzx/2024/12/202412071641400225.PNG	13847	f1407a12c18294a845b6dc22b0d7572063809ecfdd81cc251c7bff16fefd40d1	archive-xwzx-2026-part-002.tar.gz
UploadFiles/xwzx/2024/12/202412071641436603.PNG	22670	cf285da00dc6e1b0287ed67264633e164f5265a969e0644adb94d5cd8af76321	archive-xwzx-2026-part-002.tar.gz
UploadFiles/xwzx/2024/12/202412090810286780.PNG	410031	580a4232dd636417970932a234f6e6dd1823c21ca8a69ed6122c69ce30525b09	archive-xwzx-2026-part-002.tar.gz
UploadFiles/xwzx/2024/12/202412090810313809.PNG	234875	2a2f1a75fe3e6df2247bb82893cfac02377b0add73ff276097816af8143ecb42	archive-xwzx-2026-part-002.tar.gz
UploadFiles/xwzx/2024/12/202412091026193024.png	98997	ccad79b6cbbfc2ff14a28a7157f6c0b4a1baa309d0c9e85d9eacc5e7720e19ff	archive-xwzx-2026-part-002.tar.gz
UploadFiles/xwzx/2024/12/202412091028408804.png	99554	1dbb17f44431248e9fd23a0ff5a99decc20e6d2380569b45292168c408eb3b42	archive-xwzx-2026-part-002.tar.gz
UploadFiles/xwzx/2024/12/202412091033150022.png	99294	567d9bdb2aa3292929714dbb91010653db8f68ecdfc92a679d070f62d7440714	archive-xwzx-2026-part-002.tar.gz
UploadFiles/xwzx/2024/12/202412111429206723.png	29689	dfac658119b5c62dd55e17141fe8d340c70d69024097eedeb194aa16408dbb92	archive-xwzx-2026-part-002.tar.gz
UploadFiles/xwzx/2024/12/202412120918022526.jpg	6993395	91ddb50c4dc8c4c5329616d9e92c64fe2698d2a18801ab4b052990876d0d83a7	archive-xwzx-2026-part-002.tar.gz
UploadFiles/xwzx/2024/12/202412120918030266.jpg	8481862	55c3815390b9d6342926a9c9af585b0627587cd67d64a3cf097485d632dfa15b	archive-xwzx-2026-part-002.tar.gz
UploadFiles/xwzx/2024/12/202412120918176226.jpg	2692421	925994cbfc76c714ea4eff7e728b2acf9ba387ff07b98f4eebf54c9652eee168	archive-xwzx-2026-part-002.tar.gz
UploadFiles/xwzx/2024/12/202412120919583471.png	969078	a032b17a45e009e098891a46857aeab655fbe4b0f40311ac003e60b0db2ef8c0	archive-xwzx-2026-part-002.tar.gz
UploadFiles/xwzx/2024/12/202412120919584161.png	1198711	a2a2fb7cd7cf2731fec1a40efdc221d026900bfc6309c686ffe315eba1f7196e	archive-xwzx-2026-part-002.tar.gz
UploadFiles/xwzx/2024/12/202412120919584692.png	1341571	f2a2993b32cd913b1200e734a3a2eecf8555ea8ea9dc79202f31f8216f4d0f6e	archive-xwzx-2026-part-002.tar.gz
UploadFiles/xwzx/2024/12/202412120920001184.png	4975989	a6cbde74116b9ac0be167a1803e8c491c785f1233d89fa18e0d07be5087da26a	archive-xwzx-2026-part-002.tar.gz
UploadFiles/xwzx/2024/12/202412161415052035.png	104028	58c474320c1f4722a2fd0152c1d28484c13dd7fd9a82f1e861c55ac39fe73f32	archive-xwzx-2026-part-002.tar.gz
UploadFiles/xwzx/2024/12/202412231034132097.png	70465	b3c87d575b251a8d711efe53d713bd44d6bd6f467ace81b4392dcdad4f18f557	archive-xwzx-2026-part-002.tar.gz
UploadFiles/xwzx/2024/2/202402010916207271.docx	566059	a28fc2cd0a733bcb084bd7f3bd9515209b0ff46cf68a123529e15be31237811a	archive-xwzx-2026-part-002.tar.gz
UploadFiles/xwzx/2024/2/202402021707020973.jpg	123301	dc21025a6f2af3ac0783cb7fb87ba2b23a0de802a37836feda5a9269ce4943d7	archive-xwzx-2026-part-002.tar.gz
UploadFiles/xwzx/2024/2/202402250958203752.jpg	206298	a84d010ed7b92dbe233b4e201e997f29e8de1c530b6052198d59deed40db1da3	archive-xwzx-2026-part-002.tar.gz
UploadFiles/xwzx/2024/3/202403220810374889.png	47002	978656c4daa202abd5e7db53fa80564a1443649d6e863c5110425ef1ada2cef4	archive-xwzx-2026-part-002.tar.gz
UploadFiles/xwzx/2024/3/202403220830113412.jpg	90704	cb329771d43c93f074ca9cc5ca27827e0c081dce95b7e06a7ecb88f1e9dac073	archive-xwzx-2026-part-002.tar.gz
UploadFiles/xwzx/2024/3/202403220833097153.JPG	16319817	dcfd44b2582770fd26d3cc4e5b2074c509c843e24c43023c60d09148a9a2f7ff	archive-xwzx-2026-part-002.tar.gz
UploadFiles/xwzx/2024/3/202403220833103281.jpg	3607024	b9e4555186d319efda57ccd3a2fd5431601d9cd867b616041aa26f168faca8ab	archive-xwzx-2026-part-002.tar.gz
UploadFiles/xwzx/2024/3/202403220833109281.jpg	10474086	95c3c0fd1d9051550bf3756ef26e6a49eb175b747aea553c1055dde8f3f660d8	archive-xwzx-2026-part-002.tar.gz
UploadFiles/xwzx/2024/3/202403220833112923.jpg	10339124	c9985c67de052453955aecba84db42dfc930d3ad86b4d353be8b50f39a5b8b27	archive-xwzx-2026-part-002.tar.gz
UploadFiles/xwzx/2024/3/202403220833126815.jpg	3897396	d6c8da352e0ad9e9fa903abe58b35802efc9af74fd38c89fe01a2e189b75f07d	archive-xwzx-2026-part-002.tar.gz
UploadFiles/xwzx/2024/3/202403220833139864.JPG	15254606	c4dcba6e5a48d531146361fe5b0a8d1e666a0002b2634fdddcccf997ab8f26c3	archive-xwzx-2026-part-002.tar.gz
UploadFiles/xwzx/2024/3/202403220833139937.JPG	14518272	8bd87fe932f6bc35d58fdcc05045ab5a6fa41667445b9a70e04d662a889afeb7	archive-xwzx-2026-part-002.tar.gz
UploadFiles/xwzx/2024/3/202403221620357927.JPG	428450	d94a6cac3034a715a2b5991546398db4ddab6cb63b34df2c0bf16cb1077908e8	archive-xwzx-2026-part-002.tar.gz
UploadFiles/xwzx/2024/3/202403261220582799.jpg	933952	eeaf3fe6edfb0b86e10cb51ec0d6c9a4c2a05929ebe9507a484691690119e1cc	archive-xwzx-2026-part-002.tar.gz
UploadFiles/xwzx/2024/3/202403261220586360.jpg	1598684	cceba1f8cf7fa661bd9d6465b208c9639f910ee0520af8da3e5ecf4f6ecb058a	archive-xwzx-2026-part-002.tar.gz
UploadFiles/xwzx/2024/3/202403261220588804.jpg	1131126	cfb9708f5414413b888a9b01fde4786c6182bf4f74d2dee8644885c2a60d3b47	archive-xwzx-2026-part-002.tar.gz
UploadFiles/xwzx/2024/4/202404011520433222.png	90168	efb16a6a60df30b292dec38e022fa87e9204b8cdbe5a7f7b7b895c6bb8a4aa3b	archive-xwzx-2026-part-002.tar.gz
UploadFiles/xwzx/2024/4/202404021436202928.png	91076	35bd1dd7545bd7e56a3f78314fa1567f0a5e58738ae06d9cd77b7f77d13d2ec4	archive-xwzx-2026-part-002.tar.gz
UploadFiles/xwzx/2024/4/202404111020510745.png	91151	d0069ea66e803db32a3fe779bc25df90a9bbfb3f13ccab0e519b97891adfb20b	archive-xwzx-2026-part-002.tar.gz
UploadFiles/xwzx/2024/4/202404170920302813.png	91081	5f41c37b4280d4978ac64e40f42b8b91112530c4a65dca0f67b2827c3992c4d9	archive-xwzx-2026-part-002.tar.gz
UploadFiles/xwzx/2024/4/202404171420588746.JPG	607215	4731b7a5acc43d64c2b31ca06182b8acc0431314e5ee0b496d822e7dc71434fa	archive-xwzx-2026-part-002.tar.gz
UploadFiles/xwzx/2024/4/202404181022207516.png	15037	c8f0e7a50a99ceb80cb82f3daf4c841d25d344eacded4bfd4540f526906bf0ec	archive-xwzx-2026-part-002.tar.gz
UploadFiles/xwzx/2024/4/202404220735358781.png	2742	68dc81cf7eb24185cf7fb5cb8974b3e45749b2e4525a2aaa9401cc084a7fdf35	archive-xwzx-2026-part-002.tar.gz
UploadFiles/xwzx/2024/4/202404220754398107.png	34675	c6c982c2ac27b9864e73df24f1b961b40caedab843dc16df7ac7e772657d1832	archive-xwzx-2026-part-002.tar.gz
UploadFiles/xwzx/2024/4/202404241204225123.png	20616	cd9e95edd7da03b8dbc38eda854c101f0a74aed3cd7d1dde817ebf2ff2df681a	archive-xwzx-2026-part-002.tar.gz
UploadFiles/xwzx/2024/4/202404281524502099.JPG	2365905	abde98c164a85310f5362475e2a85a4c76ef4a030be34a6a90001bf4f7b5d944	archive-xwzx-2026-part-002.tar.gz
UploadFiles/xwzx/2024/4/202404290911204560.jpg	3420896	692edbb683b46efbcfc91a1e598a766413b62d83684a07352d2bac279e2c6556	archive-xwzx-2026-part-002.tar.gz
UploadFiles/xwzx/2024/4/202404290911520445.jpg	3112885	5766dccf524463f785832197620dd6e6d85368d6cf9c2431891c4a6722471400	archive-xwzx-2026-part-002.tar.gz
UploadFiles/xwzx/2024/5/202405040952026239.PDF	3366621	6c340d7bb7e5e837cc427c2783d303427cb4fd4f1fcedf5cc2e2c1603d2a74e9	archive-xwzx-2026-part-002.tar.gz
UploadFiles/xwzx/2024/5/202405081532046485.jpg	93292	3a9cc2566455b0761cf929e5733e32a43c99f20d19b478e823bf0ea1ed6ee20b	archive-xwzx-2026-part-002.tar.gz
UploadFiles/xwzx/2024/5/202405151322205595.gif	1012	62c86a7776611273707faece405890b74a8c521b17a73e339875d8aa4f9ca361	archive-xwzx-2026-part-002.tar.gz
UploadFiles/xwzx/2024/6/202406041647402076.png	93678	0efba8e38f428ab7b50f0faf698456cdd67f6b8656a8242d0410e9ec9cc4bc8c	archive-xwzx-2026-part-002.tar.gz
UploadFiles/xwzx/2024/6/202406051042209967.png	93378	ca48f31c6a74466dd00b8ae039106e45108c826c2cd29fb68b5af288f8a6019a	archive-xwzx-2026-part-002.tar.gz
UploadFiles/xwzx/2024/6/202406120926299033.jpg	204973	ce3ad1381473b6bd7d31bd3fa8f1d4bd05742700e6f3a1723d6bedf8d66b7fb5	archive-xwzx-2026-part-002.tar.gz
UploadFiles/xwzx/2024/6/202406120927132259.pdf	1178773	4793532e612bc77249c8a235ca9ba881af1c2d2b7322d72c0494b925bc589d64	archive-xwzx-2026-part-002.tar.gz
UploadFiles/xwzx/2024/6/202406151102079508.png	91507	52821faf9dd7f983d0be8fd1bb42fb579651a323c8300790cfb4a5cc6f759e57	archive-xwzx-2026-part-002.tar.gz
UploadFiles/xwzx/2024/6/202406191617208070.JPG	2279423	2212b6145647be59048dacc8f1a84c19f3822f3651416442c43211c6906b874b	archive-xwzx-2026-part-002.tar.gz
UploadFiles/xwzx/2024/6/202406281018204126.png	95692	b0b6dfb44d68744bfcf4557abec2e333891c72ad7d84929bb5e2a828e9750a40	archive-xwzx-2026-part-002.tar.gz
UploadFiles/xwzx/2024/7/202407021652059465.jpeg	46261	9da241199c1241533f65d270bc8fb5a4ee9cf15f072f99c8bd22114f81380da6	archive-xwzx-2026-part-002.tar.gz
UploadFiles/xwzx/2024/9/202409020919477973.docx	15237	542e045a69b04c54f96a8199d5bed113015ed6449492da49207a869a80c3de30	archive-xwzx-2026-part-002.tar.gz
UploadFiles/xwzx/2024/9/202409020920334941.gif	1012	62c86a7776611273707faece405890b74a8c521b17a73e339875d8aa4f9ca361	archive-xwzx-2026-part-002.tar.gz
UploadFiles/xwzx/2024/9/202409020942101937.png	50057	779f250c3dfd697cf8e20c206d45b05f90b2f2443ee7ef8f1e1303c08f96eefa	archive-xwzx-2026-part-002.tar.gz
UploadFiles/xwzx/2024/9/202409020942102365.png	36290	92442815d1a8697f94e03c7718b6ce6275db94c808ff02359cc94da5fb149f19	archive-xwzx-2026-part-002.tar.gz
UploadFiles/xwzx/2024/9/202409020942300353.png	36789	bd05df384f407cd9a34b427818b442b92ca1743a08c9b90013d8ab6d28393ddd	archive-xwzx-2026-part-002.tar.gz
UploadFiles/xwzx/2024/9/202409020942309369.png	33092	1c736a86369fe4a4f20cf909b15a41048e711730a97eca679d928dd8f6c279d1	archive-xwzx-2026-part-002.tar.gz
UploadFiles/xwzx/2024/9/202409111011203933.jpg	200989	68774979c23d2ea273bc3cae5885d534392b6b577b777b94d9c58a0fddb60b2a	archive-xwzx-2026-part-002.tar.gz
UploadFiles/xwzx/2024/9/202409111012034359.png	894385	47eae2d0974f4770df8e2e0092d428d1ac229ba62e87244b181c23fc248708bd	archive-xwzx-2026-part-002.tar.gz
UploadFiles/xwzx/2024/9/202409111012035147.png	420012	14503747a569f39f9e3eaaf79593b1eee51e43c496affca7330e089f431be91f	archive-xwzx-2026-part-002.tar.gz
UploadFiles/xwzx/2024/9/202409111012038084.png	2046798	7a52d3586c698411ce9463c71070a2c11b3821c00f9c738b8f9544df46eb910a	archive-xwzx-2026-part-002.tar.gz
UploadFiles/xwzx/2024/9/202409111025302062.JPG	17354820	3b673d56d31372c6e436d6421f1bc7c9793a4a422d8e563b8eefda98933c5311	archive-xwzx-2026-part-002.tar.gz
UploadFiles/xwzx/2024/9/202409111026520954.JPG	15962864	7196cf82e48879ce8b1a05dbe66d83594b4bec7748276c927c859d26480385fa	archive-xwzx-2026-part-002.tar.gz
UploadFiles/xwzx/2024/9/202409111027120551.JPG	16164503	f748baa2afe440351d0f73317950d2c3fa5c9b1f0555148e871f0b1821d6e44d	archive-xwzx-2026-part-002.tar.gz
UploadFiles/xwzx/2024/9/202409121621207249.jpg	3115109	daaf3eea29fb5f40984e0e52ca8e38d6d2666b25845f9c09691fda4a53d2a778	archive-xwzx-2026-part-002.tar.gz
UploadFiles/xwzx/2024/9/202409121621207319.jpg	3407322	542c7189969f703fad59d332c67eafa38f25b4d52c454f4fd086cd00fb7427b1	archive-xwzx-2026-part-002.tar.gz
UploadFiles/xwzx/2024/9/202409141647204437.JPG	13344340	590d5fdac30d86605fc3b9b81f181f89064315c6f3db1e5b959174313fb23c07	archive-xwzx-2026-part-002.tar.gz
UploadFiles/xwzx/2024/9/202409190856205698.png	98068	064444df918ac4a2020e8c62b1092334167f759073d8a9ffc64fe22310149e7b	archive-xwzx-2026-part-002.tar.gz
UploadFiles/xwzx/2024/9/202409191506206624.jpg	1478399	eb3d3389f93c4a5517a2a118672441439d02d3f5e41477ab9a91586f6ec984e3	archive-xwzx-2026-part-002.tar.gz
UploadFiles/xwzx/2024/9/202409191506512037.jpg	85648	66df37fb0e3f5798b64d022141753ca991ef5acbe4e51eed534c1c30693f9487	archive-xwzx-2026-part-002.tar.gz
UploadFiles/xwzx/2024/9/202409191506520321.jpg	86016	f6f66e35ddc73cc984209663b28fbb9329ed40f3979c925fb258d7ac4d822ebb	archive-xwzx-2026-part-002.tar.gz
UploadFiles/xwzx/2024/9/202409191506520691.jpg	2785867	ca71cf3ac21856fae5d90195b6b3ca3c44a873a18084ff8d3efd84333c5ae404	archive-xwzx-2026-part-002.tar.gz
UploadFiles/xwzx/2024/9/202409230839120506.gif	970	2e20adfa5746298c73e199693934f04f5416d373daa6dd0d5e73a337f2f36dff	archive-xwzx-2026-part-002.tar.gz
UploadFiles/xwzx/2024/9/202409250953520357.JPG	15437732	0d018d7e7fdfd7816cd31f82166d6ffa46e7a793fda65e74eabe52635ac49fc9	archive-xwzx-2026-part-002.tar.gz
UploadFiles/xwzx/2025/1/202501020855500321.png	114249	59a95d369e60288d3692e8936cccbf1a60b041cf75f12c89893360654b929732	archive-xwzx-2026-part-002.tar.gz
UploadFiles/xwzx/2025/1/202501020856119681.png	114234	2991e2b93b010e86762dc4f2a8e40f32247cce2fc9198af3e5df83944dd57cfa	archive-xwzx-2026-part-002.tar.gz
UploadFiles/xwzx/2025/1/202501020856194794.png	113619	a03fb6055b246002baf32b75be779826abe66599e23c5d9949c9c4191186dab9	archive-xwzx-2026-part-002.tar.gz
UploadFiles/xwzx/2025/1/202501020902099587.xls	44544	525c8604d0045f34c6f4bd60ca2c57e029c290cc46883c38b9fffacae4db1652	archive-xwzx-2026-part-002.tar.gz
UploadFiles/xwzx/2025/1/202501020902282818.doc	50688	7350d6078edd5667328bea6195fa50f9e09be47ea387d43902c6c69a45a202f3	archive-xwzx-2026-part-002.tar.gz
UploadFiles/xwzx/2025/1/202501031535220870.png	72147	b19cddc8c8647f3be8ec8c9e725911ad4d867ffe8b9560fc7112c7897c7589ae	archive-xwzx-2026-part-002.tar.gz
UploadFiles/xwzx/2025/1/202501101620334085.png	72233	27adf945ebd5b6db806794251cde318d40b1b3612299cf93c7974f1b7890cc5b	archive-xwzx-2026-part-002.tar.gz
UploadFiles/xwzx/2025/1/202501101626520546.png	104710	529c6b2d0fca8deea3225fefee13d8bab01a38fe287a693a83c568e737b5425e	archive-xwzx-2026-part-002.tar.gz
UploadFiles/xwzx/2025/1/202501131058220345.png	162011	8c66779b084226e6457042ec0cf1b2c2075435da646deb014ccd168ce8c77509	archive-xwzx-2026-part-002.tar.gz
UploadFiles/xwzx/2025/1/202501141428207947.png	120464	ffe526797dedfa635dd7866e98b6b06116f96c5e4b3b89104c1b04d52d515ead	archive-xwzx-2026-part-002.tar.gz
UploadFiles/xwzx/2025/1/202501161407520286.jpg	1061887	53949206556df204815dc7485ec90d5071b2b8d4062ee97c1de4dfa8cda527c3	archive-xwzx-2026-part-002.tar.gz
UploadFiles/xwzx/2025/10/202510151620447652.bmp	5319954	32bfe5e6756b84c47492d56c45fbe431aae8ccaeb02bde25299bee16751eddf7	archive-xwzx-2026-part-002.tar.gz
UploadFiles/xwzx/2025/10/202510171110209660.png	84026	366812c6c14ef975a84653aa7b1dd6b25119a5d6b1f2c3169f9f86d4f1b149d0	archive-xwzx-2026-part-002.tar.gz
UploadFiles/xwzx/2025/10/202510200900122072.JPG	17102153	a8dab8bb4e0f5b1e4849e49108afa75bdefc268678f03b6d1429a0cd3072330c	archive-xwzx-2026-part-002.tar.gz
UploadFiles/xwzx/2025/10/202510200900205614.JPG	14825392	0715e6e26f725f1add7550fb003fa0359c99bc41a1617b0e31e712078b555e71	archive-xwzx-2026-part-002.tar.gz
UploadFiles/xwzx/2025/10/202510200902040869.JPG	17463544	2162b50b23de4ab855216b21ce308fa9237b3195e216c64042ff15290803f2ff	archive-xwzx-2026-part-002.tar.gz
UploadFiles/xwzx/2025/10/202510200902061196.JPG	15235253	b6b2547a2b8f74fe28b1f81394dedb3555ae00f037fe53752ef12064221ed653	archive-xwzx-2026-part-002.tar.gz
UploadFiles/xwzx/2025/10/202510221643582061.JPG	10346547	7de6db26afcdd537d220c97953b43cd9a30ac24ab939beabcda35719c9e34fd9	archive-xwzx-2026-part-002.tar.gz
UploadFiles/xwzx/2025/10/202510221644020954.JPG	6495270	6cd514088ccf9ff918c3ec32acb00d0bb2aaad05644cfefbf8fe8ec5e4a423d3	archive-xwzx-2026-part-002.tar.gz
UploadFiles/xwzx/2025/10/202510221644203821.jpg	7634696	70fdcbf756031e76ead6bcd96d469ba21183f138b961d709141d251c7351a630	archive-xwzx-2026-part-002.tar.gz
UploadFiles/xwzx/2025/10/202510221645206270.JPG	17579539	682722bc562db98196a5b6894a535c42e6b38ac5a1a7e221cad8a7cb686c42b4	archive-xwzx-2026-part-002.tar.gz
UploadFiles/xwzx/2025/10/202510221645320975.JPG	17043209	29f7811d6d4e34c02fd566710ee2d42dfa342aa133cde72a083f1c6adc638243	archive-xwzx-2026-part-002.tar.gz
UploadFiles/xwzx/2025/10/202510221648512041.JPG	25043181	429ce5d45145bc00f89dd6292a16e7c70d5fa1435141471f937ce27602161163	archive-xwzx-2026-part-002.tar.gz
UploadFiles/xwzx/2025/10/202510281622063415.png	34869	60e27804506a7fa093ba4b4b0c0c9c0b0fe9534a2ddf5f07edffbfbe84f5eddb	archive-xwzx-2026-part-002.tar.gz
UploadFiles/xwzx/2025/11/202511041014205051.pdf	15285026	83bfa60d2d0a0c640a54de74e303d0dc1862d3b00957b248926939da43756791	archive-xwzx-2026-part-002.tar.gz
UploadFiles/xwzx/2025/11/202511061532056411.jpeg	2149847	4db09b76dbcacf2a3070e8dd81b1ca52edb5d57a79edc51d2701a0d4ef0e968c	archive-xwzx-2026-part-002.tar.gz
UploadFiles/xwzx/2025/11/202511061532076289.jpeg	2205010	936e4e4266119a014990c48c7ba9df4ce7a4d7799b67008fcd41aebb8b16e8c6	archive-xwzx-2026-part-002.tar.gz
UploadFiles/xwzx/2025/11/202511061532084445.jpeg	4094382	1a0a6e9c38d85772e4886fac60a09218d6ca5459db55c6a6b4657bb505551d39	archive-xwzx-2026-part-002.tar.gz
UploadFiles/xwzx/2025/11/202511061532096419.jpeg	2272345	dea6e09feea2f8df83208fd2350cc192d80878391418d996da6f7e2f604af6fd	archive-xwzx-2026-part-002.tar.gz
UploadFiles/xwzx/2025/11/202511061532209551.jpeg	2670621	712d19b7ca1620d95d5478354c100e58edc90c55b639db42c077ce41fe34266a	archive-xwzx-2026-part-002.tar.gz
UploadFiles/xwzx/2025/11/202511120859528732.png	213841	94351e20e54b02ca3fc77c8423f0adc10075a217b8b74bfe5e84dc05fd184f40	archive-xwzx-2026-part-002.tar.gz
UploadFiles/xwzx/2025/11/202511121112076864.docx	13172	4d82781bc3cc25690fb30101bbe8030185b0f3cf3b163655955fef83f6a6ea4a	archive-xwzx-2026-part-002.tar.gz
UploadFiles/xwzx/2025/12/202512010836520414.jpg	13842196	75c885175f6b89a12e283ea317a14c3727a5f937e10ecd7161a02d507e5405fc	archive-xwzx-2026-part-002.tar.gz
UploadFiles/xwzx/2025/12/202512010839572027.jpg	17314125	8e83367becff2709ca7c8b09ee8306ed60d5420eadf716aeab4cd6f8904b37d1	archive-xwzx-2026-part-002.tar.gz
UploadFiles/xwzx/2025/12/202512030852176435.doc	26112	2680b99e4e8d9ebb9e0abb7cf377859ef717d2ab5e289054632d4afc1747035e	archive-xwzx-2026-part-002.tar.gz
UploadFiles/xwzx/2025/12/202512030913007834.xls	515584	2d5eaa3ae957fa4156b4ce79bde599e73158197084ff0eb9fbc083b83405895d	archive-xwzx-2026-part-002.tar.gz
UploadFiles/xwzx/2025/12/202512031436486274.png	37330	ecd65880f5d09f96136e508073c7bc27de3bfd45b8de812fda02c4e2c5dae577	archive-xwzx-2026-part-002.tar.gz
UploadFiles/xwzx/2025/12/202512041426527188.png	99596	388bc0f733363be439bdeecc324fc6ed0ca4a6fa24ff457ee101c605b6c30d2a	archive-xwzx-2026-part-002.tar.gz
UploadFiles/xwzx/2025/12/202512041437126230.png	102926	983b7beb32552415f806227197d941fe6fa0a7642feb19a31086ff1be911ae9e	archive-xwzx-2026-part-002.tar.gz
UploadFiles/xwzx/2025/12/202512041437251709.png	23165	4bab65ee38664304e71415fad99f0ccb33f7b8034b830cabb31fbfad78007958	archive-xwzx-2026-part-002.tar.gz
UploadFiles/xwzx/2025/12/202512041505054349.png	6332	04f2536ef989e0141a1818b85fe6d191aa99ecdfd1e90503fc98113a2172eeec	archive-xwzx-2026-part-002.tar.gz
UploadFiles/xwzx/2025/12/202512041539276761.png	7695	b9b43b93fc858084caf30147c38d51c05440fe790c799ece76c6a0f70e8f953c	archive-xwzx-2026-part-002.tar.gz
UploadFiles/xwzx/2025/12/202512041540545629.png	33424	081e262e77b2a6a99b50c2dfe90e134a7cde545f85956664a667a007e00df23a	archive-xwzx-2026-part-002.tar.gz
UploadFiles/xwzx/2025/12/202512050923537374.png	40777	f037c2c5a3210853aad0dbe9bd1a9c6cbba0b0440e10187718a5b2dba256aecf	archive-xwzx-2026-part-002.tar.gz
UploadFiles/xwzx/2025/12/202512051605362272.png	349200	b3030eda695143a55e66770108eb33706fb7ef4d0022be31829565f73ae7b4f7	archive-xwzx-2026-part-002.tar.gz
UploadFiles/xwzx/2025/12/202512051605369301.png	353072	c3c226f7f94052efc80e73b877dfbcb41628dee77ef9bc7287337189fa15f825	archive-xwzx-2026-part-002.tar.gz
UploadFiles/xwzx/2025/12/202512061313571120.png	117348	6c44e174e2b151ceb18b17b57285476b567e344ca1186027e68d438c37206b88	archive-xwzx-2026-part-002.tar.gz
UploadFiles/xwzx/2025/12/202512080936589525.jpg	103704	92f9130a561af4c212534b49bff9f0ae31ca7dbc7cab329d4b1faea649f4ad96	archive-xwzx-2026-part-002.tar.gz
UploadFiles/xwzx/2025/12/202512080936590284.jpg	222922	3f385af132f44bac1ac06517e21287885e53a048a744f1b649f09ba9bf5aebd9	archive-xwzx-2026-part-002.tar.gz
UploadFiles/xwzx/2025/12/202512080936597327.jpg	367394	58de334459170b53f9289cae69e7c4aa792a0f4ae9c5112aa2937f32225c4235	archive-xwzx-2026-part-002.tar.gz
UploadFiles/xwzx/2025/12/202512080936598287.jpg	1466555	c5318dbbab7b93dc751bd858c3e8643f6808ecb70f5f65f5ae22e3202fbb6d66	archive-xwzx-2026-part-002.tar.gz
UploadFiles/xwzx/2025/12/202512080937014152.jpg	6165954	0468cbbb90243efa834ffe01ca0103813764b632a1ecb9aaaf784588c96ad798	archive-xwzx-2026-part-002.tar.gz
UploadFiles/xwzx/2025/12/202512080937014525.JPG	2227743	9b02d1a3d5f7d77d7b956f6d2dfcdd2c440bef2bbafa1d12c408f0e324df46b0	archive-xwzx-2026-part-002.tar.gz
UploadFiles/xwzx/2025/12/202512080943481861.png	34828	a0cdf992e14a88cc64293a1cc9b9bd56d9c40cb9174da1532e8db11a67d16b08	archive-xwzx-2026-part-002.tar.gz
UploadFiles/xwzx/2025/12/202512080945103508.png	2255952	03da5712af11f7c97b014a52c79c259bb1c2d99e44e7d19c1d49a3023c75d21b	archive-xwzx-2026-part-002.tar.gz
UploadFiles/xwzx/2025/12/202512080946114434.png	11830314	6599086df381e059e4718a72c306c4549872027226c6286c3ce5eeb59166e152	archive-xwzx-2026-part-002.tar.gz
UploadFiles/xwzx/2025/12/202512080947528375.png	11859019	c34b5be778001a2ccddcdfbe69f9ce519ee77c16f18b91973fc107cc5ea537fb	archive-xwzx-2026-part-002.tar.gz
UploadFiles/xwzx/2025/12/202512080949301915.JPG	14665749	9471f14f04e3d74f5a9913433eda8324861db7cc738552c868b61b2fe779f939	archive-xwzx-2026-part-002.tar.gz
UploadFiles/xwzx/2025/12/202512080950060608.JPG	15561981	9c2a9825b85460ada33ed5467d82985bbaeab7c5556321939aeffbf6a72bde86	archive-xwzx-2026-part-002.tar.gz
UploadFiles/xwzx/2025/12/202512080950116150.JPG	16197026	80b057434f9ed68282eee737a6dad15fa7f49aa10d1333364b4c744674ab2100	archive-xwzx-2026-part-002.tar.gz
UploadFiles/xwzx/2025/12/202512080950123620.JPG	15866329	f388d24781c6774072ef4033b1b5420ba26a711951d7ed2cf6211c50830a3f9b	archive-xwzx-2026-part-002.tar.gz
UploadFiles/xwzx/2025/12/202512080950158395.JPG	15953130	08ad2fa18d9cfc89d2824b8d04ac2330ce0fac76af29a9d5a17933c86342d346	archive-xwzx-2026-part-002.tar.gz
UploadFiles/xwzx/2025/12/202512080950204753.JPG	16550085	8eb1e472e9d6979be8846fc834f4076bfb56ea836ec66a878b6296470c883afa	archive-xwzx-2026-part-002.tar.gz
UploadFiles/xwzx/2025/12/202512080950255019.JPG	16198623	b31b46ac4c61590c5f20c1c512da48af9130102e774cfe35e8aa67c359e35520	archive-xwzx-2026-part-002.tar.gz
UploadFiles/xwzx/2025/12/202512080950300201.JPG	15951714	843ef393b288ebd2e03b024b29985280116ec7824d0b7419c185a9ca582b8468	archive-xwzx-2026-part-002.tar.gz
UploadFiles/xwzx/2025/12/202512080950319177.JPG	15949267	790041ba7d828720aed19d1a69c1e93b1cc03c18b42ea037913bf552c945cae6	archive-xwzx-2026-part-002.tar.gz
UploadFiles/xwzx/2025/12/202512080950356917.JPG	15745238	0b891ecf93af94ac0be4c8740b4d4d906bfdddeb309121d5d555181e5351f311	archive-xwzx-2026-part-002.tar.gz
UploadFiles/xwzx/2025/12/202512080950421962.JPG	15477520	fe2ef34abd962d403f7c00d9c1c6263cf483fb93c91203058a54b791e8902bb7	archive-xwzx-2026-part-002.tar.gz
UploadFiles/xwzx/2025/12/202512080950425222.JPG	15570530	eb4149d19249c43456dae8d3f5464fb231558a5f1b0dccf67ccfed74f9caa6e1	archive-xwzx-2026-part-002.tar.gz
UploadFiles/xwzx/2025/12/202512080950500775.JPG	16463018	f5164c1fb665b4e1571b26a578b4f9effc5bdde555947f2810d5b72a1a2b6922	archive-xwzx-2026-part-002.tar.gz
UploadFiles/xwzx/2025/12/202512080950523793.JPG	15832388	debf70a3259cf696938d6e58134e11babef93f1a6620cd5206a4158d0e5e3384	archive-xwzx-2026-part-002.tar.gz
UploadFiles/xwzx/2025/12/202512080950534709.JPG	15910559	6c7f0379fbb563d711ee45b47082763c10a9b1733a1868ebb62979eb052d2eb8	archive-xwzx-2026-part-002.tar.gz
UploadFiles/xwzx/2025/12/202512080950595173.JPG	15876914	e424ccbc225589aca9cfbaefe00ddc118e2eeccbb971f705c5c4d20d921111fb	archive-xwzx-2026-part-003.tar.gz
UploadFiles/xwzx/2025/12/202512080951041402.JPG	16198956	4bfcd3cca0c0d124d232147a242cf10d1716921f0a5b0c29e8a1f26c9d227e8a	archive-xwzx-2026-part-003.tar.gz
UploadFiles/xwzx/2025/12/202512080951048539.JPG	16102300	e31fd67dcc7257febd157d24876768fb7a2d5a4cf2bc317cfd5d06ce222109bf	archive-xwzx-2026-part-003.tar.gz
UploadFiles/xwzx/2025/12/202512080951082245.JPG	15141396	b60a924f73d167045229b26517df52e5175138b63fcc2914345e59eb7b68291b	archive-xwzx-2026-part-003.tar.gz
UploadFiles/xwzx/2025/12/202512080951120382.JPG	15437268	7196305bb607af3e0cf0cd3638a12f75335d6ee462657c564fc5489b85c86af5	archive-xwzx-2026-part-003.tar.gz
UploadFiles/xwzx/2025/12/202512080951197993.JPG	16065316	388155319f34824b4e84f838436e61c0bb215ad6fc00b279f2da380c033cf27b	archive-xwzx-2026-part-003.tar.gz
UploadFiles/xwzx/2025/12/202512080951215582.JPG	16118858	327870d10470930ac859c5a4e3d0323d72c014f907aec901bfb54049fc76c4b9	archive-xwzx-2026-part-003.tar.gz
UploadFiles/xwzx/2025/12/202512080951231439.JPG	16114602	00b5ecd8498072c99fd360f04889dbef2f90e6a3061728d0c6c716cea0c3fbfd	archive-xwzx-2026-part-003.tar.gz
UploadFiles/xwzx/2025/12/202512080951269110.JPG	15792734	218f9f14eb025bcc57ae2a0435c36fcbd6c487b8125b0a71e3a70ec73aea0533	archive-xwzx-2026-part-003.tar.gz
UploadFiles/xwzx/2025/12/202512080951331300.JPG	16573691	884eddb653c5ae73ea658ae57b089c8a498e208f689324ce43ea847ed8e4b2d4	archive-xwzx-2026-part-003.tar.gz
UploadFiles/xwzx/2025/12/202512080951371035.JPG	14850799	41b9a6dcc80f48ae59a6e8b133ca96dc68c44f7a71893427b3000a0d7dd6bc62	archive-xwzx-2026-part-003.tar.gz
UploadFiles/xwzx/2025/12/202512080951393830.JPG	15677884	90c4760599d230ba598183859509e6f7749fc0194bc91a08180dda01b954d842	archive-xwzx-2026-part-003.tar.gz
UploadFiles/xwzx/2025/12/202512080951443321.JPG	16516091	0bd9c9993c0518b1162ba370df34f09ec9d5899c1bb2110dd95ee55f2d87d98a	archive-xwzx-2026-part-003.tar.gz
UploadFiles/xwzx/2025/12/202512080951468716.JPG	15571554	b86bc64d5a8cf25fdf73baa03db72bd19c0feb1ecf3192a852acd0fae32438f9	archive-xwzx-2026-part-003.tar.gz
UploadFiles/xwzx/2025/12/202512080951471476.JPG	15739025	02b2e9dae0e59d81c61ce8623b5e8004aaf56003043aaf694a900c7ce438f013	archive-xwzx-2026-part-003.tar.gz
UploadFiles/xwzx/2025/12/202512080953511490.png	37446	595dbce69c6942ffaa7e88744e30d6291c08e4df28e3d99759f601558e6c7a03	archive-xwzx-2026-part-003.tar.gz
UploadFiles/xwzx/2025/12/202512080957270436.png	33656	a69c334d7ea080ce2c5059908b6137c85fa2f16fd5e2ef01a16d7248920c33b5	archive-xwzx-2026-part-003.tar.gz
UploadFiles/xwzx/2025/12/202512081450379870.png	35693	93c45bf0be1a7c0cb45b082c3435e35ee0408b8ec00452bb85a5ec747642aab9	archive-xwzx-2026-part-003.tar.gz
UploadFiles/xwzx/2025/12/202512081453427549.png	35455	6bb754cb1a3cb8d5ffc3b38fd167b20b1aced7cee30b6503f2c517745236a2c8	archive-xwzx-2026-part-003.tar.gz
UploadFiles/xwzx/2025/12/202512081455094451.png	37794	086f6a82380380647a049f0f008acadf1dd1f68336fa98ad3b33fc64e6db7b7c	archive-xwzx-2026-part-003.tar.gz
UploadFiles/xwzx/2025/12/202512091650253240.png	33731	238554ae955f1f32c51842589950894492979776f8de46d2e12aaccc595fd657	archive-xwzx-2026-part-003.tar.gz
UploadFiles/xwzx/2025/12/202512091656022627.png	34842	a8936d5c94650631bf364a55c9a7910aede36a1cea3ce0defee90abf930142cd	archive-xwzx-2026-part-003.tar.gz
UploadFiles/xwzx/2025/12/202512091735523218.docx	207719	892d8fc9e15f8e2ba51ed5c0c4657c5bf57e0cc46f5cab0ef59170304431f3e3	archive-xwzx-2026-part-003.tar.gz
UploadFiles/xwzx/2025/12/202512111602026832.png	38827	4c0515053e1c0a9d39fde68f88605adb63683940a8815a5dc4556ddfeec17597	archive-xwzx-2026-part-003.tar.gz
UploadFiles/xwzx/2025/12/202512131102203994.png	192081	ecef473793e211114c42f3396422330b0003b216c742617b1ff77044bfdaa7d0	archive-xwzx-2026-part-003.tar.gz
UploadFiles/xwzx/2025/12/202512151035203040.JPG	15237632	cdfb08f2c58431585bdf5035ca71265ca0c802b82019c0cbbcd5dedd6bc5bb16	archive-xwzx-2026-part-003.tar.gz
UploadFiles/xwzx/2025/12/202512190833207635.jpg	4953928	b7c6d579a716e6a942f0370637af553638766237c98162e06661ddfac8e80397	archive-xwzx-2026-part-003.tar.gz
UploadFiles/xwzx/2025/12/202512232001209974.JPG	5778238	849af5cc8991ca227bd3f4a9b7958b7a5c427c84ee0e18974aaa639d67e3745f	archive-xwzx-2026-part-003.tar.gz
UploadFiles/xwzx/2025/12/202512311120467008.png	135418	0e2b8ec182f5932ebc3f95d6c388069e6a4d0e4ff196894971bcd6e04344a3ae	archive-xwzx-2026-part-003.tar.gz
UploadFiles/xwzx/2025/2/202502061528095506.png	92183	4ed3c452fa884315bf6b9dbaeed4a56bca8f989217eaa6b532071d5aac0d7f3f	archive-xwzx-2026-part-003.tar.gz
UploadFiles/xwzx/2025/2/202502220909032207.doc	97280	34efa0e353fe5459495ff9f4a2118944b318c26fd872b40af48f68ba21a10eb5	archive-xwzx-2026-part-003.tar.gz
UploadFiles/xwzx/2025/3/202503051035209882.doc	28160	5e41dfa5e56c2b1f43882fd36918b4c18c9503a72ac1e6be70f40cf3d8f07221	archive-xwzx-2026-part-003.tar.gz
UploadFiles/xwzx/2025/3/202503120917238224.doc	27648	2364feac797da92d483cd780e45149f97f0cdc69a8c7ad929999c9faf10871a2	archive-xwzx-2026-part-003.tar.gz
UploadFiles/xwzx/2025/3/202503250858209751.JPG	1455317	03373c57511f6eb3b4706af3404727e87f2b9694d014f19e4cb263994bb17c57	archive-xwzx-2026-part-003.tar.gz
UploadFiles/xwzx/2025/3/202503270942079995.docx	18518	11d94b1905f5c8f8a0e67dfe6ecfab822a41eaf41e4ef0d8e23be1693fbe04c6	archive-xwzx-2026-part-003.tar.gz
UploadFiles/xwzx/2025/4/202504011520379364.png	85496	068c20c50822e3460952fed9a8f7b5313450eb87d335e9fa8b3e05bb1471bc0c	archive-xwzx-2026-part-003.tar.gz
UploadFiles/xwzx/2025/4/202504021104320563.jpg	241156	09a7f07dc802fd3f3e7b47af2ac5880a2e61f3ae04aa4b08552cd92e513924f0	archive-xwzx-2026-part-003.tar.gz
UploadFiles/xwzx/2025/4/202504102208145790.xls	695296	2c3467e0896b6e39854b9c93953e9f2efc86e97289e610647bbf6f40b665074c	archive-xwzx-2026-part-003.tar.gz
UploadFiles/xwzx/2025/4/202504181643012083.JPEG	1038005	81d31c17ed36bc9f8d135f89df1d8b2f8e967090a08a0010fbae01c5661414cf	archive-xwzx-2026-part-003.tar.gz
UploadFiles/xwzx/2025/4/202504220747082971.JPG	206767	0f4e52b78b82feaba0a92ddcbce361eabfd93ce8501c7f6966ad8a8b980c759a	archive-xwzx-2026-part-003.tar.gz
UploadFiles/xwzx/2025/4/202504230952071605.jpg	483740	51f9ee33a24098b7e57b86038410723b262f49900e5ba5057831c649ee47d175	archive-xwzx-2026-part-003.tar.gz
UploadFiles/xwzx/2025/4/202504230952082905.jpg	2421259	c3e34723333541dea36f79410ee290cde7e5428cacc64015f8829113cc30569b	archive-xwzx-2026-part-003.tar.gz
UploadFiles/xwzx/2025/4/202504230952083651.jpg	1889610	2d9669b825dfb900ce67fcee11b541a1dd7069790712b65a4f425363642ecdbe	archive-xwzx-2026-part-003.tar.gz
UploadFiles/xwzx/2025/4/202504230952084431.jpg	2348617	8cc2c952ff8e2ed96235423435d004fede05c63209602607d3046b23533eeab8	archive-xwzx-2026-part-003.tar.gz
UploadFiles/xwzx/2025/4/202504230952088480.jpg	2021091	36a49741b3801ffac1c3aa69f046003ff2c84e068421c2787171b2173bec374f	archive-xwzx-2026-part-003.tar.gz
UploadFiles/xwzx/2025/4/202504230952088731.jpg	1131376	99bba71524d181605c9e62d77a45fa443297b663a387ff4c9e7fb0f99b22c427	archive-xwzx-2026-part-003.tar.gz
UploadFiles/xwzx/2025/4/202504230952094548.jpg	1653743	34a73e0663a6826f7f407fa34265a3cd933289d02106528e2acffaaf74f409ad	archive-xwzx-2026-part-003.tar.gz
UploadFiles/xwzx/2025/4/202504230952096769.jpg	1167583	8c49091eafafa2ce9b1c7e20244855e0f44bfe065a2570303fbfc447e87fa26c	archive-xwzx-2026-part-003.tar.gz
UploadFiles/xwzx/2025/4/202504230952098861.jpg	1296426	e32bff53a6647977f4116bdf291e070bf2cafac876ea2e25da4921cedae34b8d	archive-xwzx-2026-part-003.tar.gz
UploadFiles/xwzx/2025/4/202504230952099452.jpg	2123677	3d3d4cf4dc29d95d66f833498609213d3a52aa93cffbb2d154f493191b852bfd	archive-xwzx-2026-part-003.tar.gz
UploadFiles/xwzx/2025/4/202504230952120532.jpg	7000511	475565945ba49f642122b357204551a9baf0bde68475c9e5b58e756a36345a61	archive-xwzx-2026-part-003.tar.gz
UploadFiles/xwzx/2025/4/202504271520474650.png	98488	2691b797ba40a0ef53afd5557ecc11ae36435cc2c79322bcb61b0517f1520538	archive-xwzx-2026-part-003.tar.gz
UploadFiles/xwzx/2025/4/202504301027112049.png	3891774	abe17a9137f950924f29ecb55467ebd6aa8198eb74c2df38928289a23f5571b4	archive-xwzx-2026-part-003.tar.gz
UploadFiles/xwzx/2025/4/202504301027207464.jpg	2215195	174d930dec01d237c6b7832b574cf8f5e03518ce27bb6344c6151300f2c3be34	archive-xwzx-2026-part-003.tar.gz
UploadFiles/xwzx/2025/5/202505081603208316.png	85547	5869717edf556f1a5e20193b3b41780667d87a806d013d7b0fd22066adc62814	archive-xwzx-2026-part-003.tar.gz
UploadFiles/xwzx/2025/5/202505120739514985.png	224552	123c9224d6bbc596995a7e3a667820d70559027dfc17b9301f1bd56e476d256b	archive-xwzx-2026-part-003.tar.gz
UploadFiles/xwzx/2025/5/202505121635392052.png	98601	78edc2c794a74c257ed1884ec8d0cb7f9d15229fd77e37305d16b83e3d4ed707	archive-xwzx-2026-part-003.tar.gz
UploadFiles/xwzx/2025/5/202505141647402060.doc	150016	ee488b7d65fd58c90c3a76e71645f8a243296ded39e1b6d9ab19ef43ea6a25e6	archive-xwzx-2026-part-003.tar.gz
UploadFiles/xwzx/2025/5/202505221440209847.doc	31744	34b24829d0093e979a8e8b7cbbc2537c176ad0637e3b6bbb0fc1589b6827e983	archive-xwzx-2026-part-003.tar.gz
UploadFiles/xwzx/2025/5/202505280945204070.JPG	6029312	d947280abfda42040de4c9a566f54ae3e90cc0a1edb5ade3dbcd81919f59ac15	archive-xwzx-2026-part-003.tar.gz
UploadFiles/xwzx/2025/5/202505290842205642.png	50318	f19dbab0791b2a2de0e71128672952e0aee31f45b3dfc46e4ab3a02a4982db99	archive-xwzx-2026-part-003.tar.gz
UploadFiles/xwzx/2025/6/202506020924581481.png	96500	c07bebf4cfa500a05dfec645731cef1cf2f028d35afe82cd0ddf5ae6dd22fa04	archive-xwzx-2026-part-003.tar.gz
UploadFiles/xwzx/2025/6/202506041555042042.doc	72704	8051fbd0db2569d8565fd5f7ae547e55d5cf4dad40566bf3b5572425dad48398	archive-xwzx-2026-part-003.tar.gz
UploadFiles/xwzx/2025/6/202506120812594950.png	428992	337aecb9d6a70059a0fba21aed2697ef7edc915e056b86653646d0cc3d993d66	archive-xwzx-2026-part-003.tar.gz
UploadFiles/xwzx/2025/6/202506131431272090.png	96599	976ad51de3a364d22c6608d793442b93c40a6d296a1bcb6574725900f0454145	archive-xwzx-2026-part-003.tar.gz
UploadFiles/xwzx/2025/6/202506171458204224.png	85576	70c7bce0ba106fa42c8deec3534491b034bf47f666d7b777826e6ea95096afa6	archive-xwzx-2026-part-003.tar.gz
UploadFiles/xwzx/2025/6/202506201628252053.pdf	2494894	474b4abfe459c19188231069caa0fddeca624d305d0f9d5a2f173aa4343fb572	archive-xwzx-2026-part-003.tar.gz
UploadFiles/xwzx/2025/6/202506230852202948.xls	214528	5fc359d9f48c79d5a68bd443a4fcc98b81ec2d77241ab357beaaefdbcab5d8ac	archive-xwzx-2026-part-003.tar.gz
UploadFiles/xwzx/2025/6/202506271459520999.png	2407	c77d25fc260ff5db385c177725f92144675f49063c89508b2573631c7f92c619	archive-xwzx-2026-part-003.tar.gz
UploadFiles/xwzx/2025/7/202507011551209450.jpg	1352359	92fa3937972c38654af70e6b19997616b707a9e496b5f6397b503bd25259bc83	archive-xwzx-2026-part-003.tar.gz
UploadFiles/xwzx/2025/7/202507030920282348.JPG	8193674	2e637ae26355bca0b88381826f9afde64d5e075e195c2ee619c336476b8ff6cc	archive-xwzx-2026-part-003.tar.gz
UploadFiles/xwzx/2025/8/202508220907392065.docx	19444	c3e5e5e6a271e6525ea99b4f0d1582e7ccd6a3e01e10bfadee46a55a042ae99a	archive-xwzx-2026-part-003.tar.gz
UploadFiles/xwzx/2025/8/202508300830042055.png	7413107	6d1789ce52cccb7263332c06c10b9efcfa3d8ceea80eae0b226dcaa922832e84	archive-xwzx-2026-part-003.tar.gz
UploadFiles/xwzx/2025/8/202508300843442083.jpg	4500448	a48be1021d834800c6204ae75b040bc3f427aee2a8fae7ad5d3b63b5508ee599	archive-xwzx-2026-part-003.tar.gz
UploadFiles/xwzx/2025/8/202508300850208087.jpg	6210935	2433f7e453bf75d7ac2202c42e188ccdc85c889fdab199ab5752b64562b8e436	archive-xwzx-2026-part-003.tar.gz
UploadFiles/xwzx/2025/9/202509010829206546.png	1534549	3127579cb06e3fa2f056b2d5b8169698658bac25e6676d3cb80a4035a04c9d53	archive-xwzx-2026-part-003.tar.gz
UploadFiles/xwzx/2025/9/202509010829209889.png	1489292	9be857cb929b118001d646621bb1c967e5e5f33e042cc8a812d7a13cc4df6d96	archive-xwzx-2026-part-003.tar.gz
UploadFiles/xwzx/2025/9/202509020847569903.JPEG	996371	b3a83cd892a850a0c9589765934c0b156a0fd2a972937b5e2af4022e1f9d0223	archive-xwzx-2026-part-003.tar.gz
UploadFiles/xwzx/2025/9/202509041251532088.jpg	3324743	ac86872281c1e4415e801c413c3bd3810614e95031b65b84c9ab26ed769bf349	archive-xwzx-2026-part-003.tar.gz
UploadFiles/xwzx/2025/9/202509120939391628.bmp	5444026	c0cd2229423fd7a9c3e65d08dede31521d1c029fa4cdd1c23ec83a134c400155	archive-xwzx-2026-part-003.tar.gz
UploadFiles/xwzx/2025/9/202509120955390025.png	262368	d4023360d6c198935c824d34f0d804c3185ccea97389f701b52e12576f3b1392	archive-xwzx-2026-part-003.tar.gz
UploadFiles/xwzx/2025/9/202509120955393127.png	421771	4b05db32120610d510f7b47a76d76fef22146b69120553ab9d3a413d48d95581	archive-xwzx-2026-part-003.tar.gz
UploadFiles/xwzx/2025/9/202509120955393583.png	220675	b3b79d97b07cee2b15ce29c97f76e89e3dc4f8fba356cb63b8c89bec478656a6	archive-xwzx-2026-part-003.tar.gz
UploadFiles/xwzx/2025/9/202509120955397619.png	196442	d11c4fcb8854138866c99f1f8a288f58e317e4e08876c834a733d6f512fb2a7d	archive-xwzx-2026-part-003.tar.gz
UploadFiles/xwzx/2025/9/202509120955397682.png	242910	79e008bb4d2a6e896065e984f160998d1ef550381c87396c67a3e3ba44715e75	archive-xwzx-2026-part-003.tar.gz
UploadFiles/xwzx/2025/9/202509120955403097.png	518650	c7207281eb4233273615b68d2894e8300b511ecfd3334d8c4a20783b139f5dfa	archive-xwzx-2026-part-003.tar.gz
UploadFiles/xwzx/2025/9/202509120955405413.png	695495	5bb97ea80964b34d6b0c688d8e30e2ae790e34ee238d64285ec3008acbec5376	archive-xwzx-2026-part-003.tar.gz
UploadFiles/xwzx/2025/9/202509120955420628.png	18646386	7a84c860912598bbacf7bb4e24e86b2204584e24d80bdf5a887199e2f972c6dd	archive-xwzx-2026-part-003.tar.gz
UploadFiles/xwzx/2025/9/202509120955444668.png	15584464	6eec2f07acddf9544b498bbd521192fc09096ad7831c5448fbc383cc08828c8e	archive-xwzx-2026-part-003.tar.gz
UploadFiles/xwzx/2025/9/202509120955453816.png	20742165	df38a6a27376c2ff19bf60ba13b5885933d7af7760b88ae9e4f7994bad0fd743	archive-xwzx-2026-part-003.tar.gz
UploadFiles/xwzx/2025/9/202509120955467126.png	19166919	a505906b51896c99d2dd010010014032792b61c23fc49d91fe888cc294f01870	archive-xwzx-2026-part-003.tar.gz
UploadFiles/xwzx/2025/9/202509151420282216.png	278910	0ae5a57a06bf39ecc187f3a4ad85ec55fda12fa0467d17d32f6c71026ec9e43b	archive-xwzx-2026-part-003.tar.gz
UploadFiles/xwzx/2025/9/202509151546520747.xlsx	9695	791ff8e5d42bc076746ede1f11e86c5b4b21bb4fa55bb05ad2e5acdd94342aeb	archive-xwzx-2026-part-003.tar.gz
UploadFiles/xwzx/2025/9/202509231424205631.jpg	181441	5187fa6ecc7244f67ff3d35fcc884791796917f971807b905fb54e58d39efe7e	archive-xwzx-2026-part-003.tar.gz
UploadFiles/xwzx/2026/1/202601030842088562.jpg	11505405	2f52c24be3c78ef6dd4372e7b297810f58cdf614e0a0793c9ba25b405e67bb8f	archive-xwzx-2026-part-003.tar.gz
UploadFiles/xwzx/2026/1/202601030842091551.JPG	15133902	dccf7289f3a48f832133f66aaf2b39ac76e62aca468dabec68602c0e6aa3777f	archive-xwzx-2026-part-003.tar.gz
UploadFiles/xwzx/2026/1/202601030842118403.jpg	15116844	578754dbada6a4ae64605f57dfdf330d994cc7ddaafe41b9b5d42bb6acbcb2ea	archive-xwzx-2026-part-003.tar.gz
UploadFiles/xwzx/2026/1/202601030842134185.JPG	15243352	0ecea30af55e5d06a1b454c5ff4a2d85a85e4868d7f24f4ab7a91405b69b31c3	archive-xwzx-2026-part-003.tar.gz
UploadFiles/xwzx/2026/1/202601030842138434.jpg	11122027	d1c13c7295a6d487f265974db1ea8b6c39634c1b94d4713b5092d256bea58b7e	archive-xwzx-2026-part-003.tar.gz
UploadFiles/xwzx/2026/1/202601030842140452.jpg	11032283	9164eca231a072a6b410d04a7e6af92e0c160994011881e5543439c0548374b6	archive-xwzx-2026-part-003.tar.gz
UploadFiles/xwzx/2026/1/202601030842143230.jpg	13718782	835e97b7b5503ab461b4f47458378b1f147ddc0594952f48310eeae1305bd97c	archive-xwzx-2026-part-003.tar.gz
UploadFiles/xwzx/2026/1/202601030842160408.jpg	10538251	dc57707605a9b827a8f6eab873ffdb1343ab3208326f1c522c50645f881e4357	archive-xwzx-2026-part-003.tar.gz
UploadFiles/xwzx/2026/1/202601030842174274.jpg	10133537	a2ea7b5ff3b869ead392098d1ccd219d8beab91a78888d7e580c5066a1f2aa50	archive-xwzx-2026-part-003.tar.gz
UploadFiles/xwzx/2026/1/202601030842180160.jpg	10367155	9e3ca39413ca9c2f7f1bda07519d302caedcf7a55480c1fe1a390e8215a6dd87	archive-xwzx-2026-part-003.tar.gz
UploadFiles/xwzx/2026/1/202601030842208455.jpg	13883426	adc23fdf61cc34ae62c7d70d904fde8d5ccfb5ab64bd5b3f16b12e47f7184347	archive-xwzx-2026-part-003.tar.gz
UploadFiles/xwzx/2026/1/202601030842224729.jpg	12164577	39cdaef1bfdbde7d49b7692d0b9b20ef0cc0b47180ef4f9347e19eeae35cb724	archive-xwzx-2026-part-003.tar.gz
UploadFiles/xwzx/2026/1/202601030842228837.JPG	14314120	ec274cbf21221f9803709d52fdfe6dda708f0c37d3e806dc611fdab9e850a4a6	archive-xwzx-2026-part-003.tar.gz
UploadFiles/xwzx/2026/1/202601030842238876.JPG	14625892	fbdb4620dc82857461ce2648ad6c9c15e2f2ff05c19cd7ea2dff9f0da903d709	archive-xwzx-2026-part-003.tar.gz
UploadFiles/xwzx/2026/1/202601030842262617.JPG	15218001	340848ed977d4cb11807ff20ba49217225f992d28b025ef516a41cdf203d5582	archive-xwzx-2026-part-003.tar.gz
UploadFiles/xwzx/2026/1/202601030842270303.JPG	15275749	602fe1423e21b03f13e723ad9c8eaf3809ac4278d5eb43b025875aab2f29c731	archive-xwzx-2026-part-003.tar.gz
UploadFiles/xwzx/2026/1/202601030842283195.JPG	15515265	5265346b9a3e09a6ebb20c5e6fc89a69ec15eaefc142eb3ea9a8a6b6c346b710	archive-xwzx-2026-part-003.tar.gz
UploadFiles/xwzx/2026/1/202601030842296943.JPG	15829527	bb3220b507f98359f2ee7388eb669329a6de2e448e9a235358be1d3682f3a916	archive-xwzx-2026-part-003.tar.gz
UploadFiles/xwzx/2026/1/202601030842314868.jpg	10715191	f9852a75c73aa379d9de89f0ab8804c91817ab1dff6820313e49df859e4dfc16	archive-xwzx-2026-part-003.tar.gz
UploadFiles/xwzx/2026/1/202601030842316811.JPG	15509364	868a761a46653190becb373cd320180b786dd3cf0427df04889e6d942a767666	archive-xwzx-2026-part-003.tar.gz
UploadFiles/xwzx/2026/1/202601030842330872.JPG	15648159	bca0756a3b2f7245e2a85da1ab09372523e52f3cf9e191a920be18bda4d54b02	archive-xwzx-2026-part-003.tar.gz
UploadFiles/xwzx/2026/1/202601031047538243.docx	15987	b50eb7bbfeaf020e0f82e002ff87e636b1f3173385b4ec55788c1e643f95747b	archive-xwzx-2026-part-003.tar.gz
UploadFiles/xwzx/2026/1/202601031048037522.docx	14344	1edbc4038bddd61dd3d139044285f3d85637e8272558569c5c99b078d7d5b9df	archive-xwzx-2026-part-003.tar.gz
UploadFiles/xwzx/2026/1/202601031512271945.png	35604	9a3937f4f832bb5ca703bba6c648877450094c5ab7677c235a30f44bbd579012	archive-xwzx-2026-part-003.tar.gz
UploadFiles/xwzx/2026/1/202601031555529338.xls	26112	e32256ff853b6e1c2d1ed4a246a6f5f68d84c345c13a3f07a5ad5f4428e2a787	archive-xwzx-2026-part-003.tar.gz
UploadFiles/xwzx/2026/1/202601031556302330.pdf	96088	101c82b20dc5372f36cc7d7484b435100851d78c5e941408543281fef5d6b907	archive-xwzx-2026-part-003.tar.gz
UploadFiles/xwzx/2026/1/202601040730151433.png	24861	f4417b5a814fe6e68ebfc6da51869273dc192af0d9e50670d91b918f84338afe	archive-xwzx-2026-part-003.tar.gz
UploadFiles/xwzx/2026/1/202601040730155093.png	19886	ae4d01ee298a1e1e28c1be11d76819bc3bb83f00d8416f565e8d858c6fb8163b	archive-xwzx-2026-part-003.tar.gz
UploadFiles/xwzx/2026/1/202601040926072245.png	67853	e07920b4a89f39c7ace6aaa147231279c6fc2b8325206923e15e47e74be27a44	archive-xwzx-2026-part-003.tar.gz
UploadFiles/xwzx/2026/1/202601040926072667.png	34176	1274612b45d83c490c15d3e239107b9e6b2eafbd05f353b10ce20cb87d0a9880	archive-xwzx-2026-part-003.tar.gz
UploadFiles/xwzx/2026/1/202601041041544906.png	19054	88331f859e9da9d9a8849db8cc9fd000d389b4aaae5f993c03fce62ab98f6499	archive-xwzx-2026-part-003.tar.gz
UploadFiles/xwzx/2026/1/202601041108322068.png	35149	a4784d6659126ab2309bfc92873e95db4bb0ef8426758a6d5f079635e4b9fda4	archive-xwzx-2026-part-003.tar.gz
UploadFiles/xwzx/2026/1/202601050825204898.png	36242	ba29ee247ab2dd9f816b61d9988b6d36e8e681d0c8e3cdd3559df1fcd538da80	archive-xwzx-2026-part-003.tar.gz
UploadFiles/xwzx/2026/1/202601050839320226.png	90552	ec26c014cd14ebde7c65907f8f0f4050e0b53fe3582eacf0e055a29589cc69a5	archive-xwzx-2026-part-003.tar.gz
UploadFiles/xwzx/2026/1/202601050843472010.png	68680	2c664fa8a7e338842169d71998c988cd99da48c7cdbb363b88ff9f5b5ec1b860	archive-xwzx-2026-part-003.tar.gz
UploadFiles/xwzx/2026/1/202601050930248441.docx	20417	4cebb58827086525e77dc92820b2e6fe0bd0e1bb9a3dadc3966b0455edc15bd1	archive-xwzx-2026-part-003.tar.gz
UploadFiles/xwzx/2026/1/202601050931140771.doc	24064	65e105dcd48075da92b40335cca6481ad5715d2f7cc4d57091d336258aeac625	archive-xwzx-2026-part-003.tar.gz
UploadFiles/xwzx/2026/1/202601051704116399.png	80045	77d0694ece8ffaaa7fd2c35a4faf04a9c3875839f882220e57ad3b4d6713e989	archive-xwzx-2026-part-003.tar.gz
UploadFiles/xwzx/2026/1/202601061024171758.png	78808	4bf793786c10365c34c866887f6e85da74a11e277bb5ddea9d01b84c44e27bd6	archive-xwzx-2026-part-003.tar.gz
UploadFiles/xwzx/2026/1/202601061024171809.png	85478	8da39728b3a6c82dbf8a128d2e30b7bbea1a937bd0627f5d78c6d4a187a0b64b	archive-xwzx-2026-part-003.tar.gz
UploadFiles/xwzx/2026/1/202601081010074690.png	90595	f3e72fe52d7e715d1a8a25ce6ea5a82b741962ad754fabd1acc45d25c232ce0a	archive-xwzx-2026-part-003.tar.gz
UploadFiles/xwzx/2026/1/202601091024252282.png	13029	81962dad0294b25018ca2360bb154950512291a53bd3cc8f1151fb3029a39535	archive-xwzx-2026-part-003.tar.gz
UploadFiles/xwzx/2026/1/202601091524141039.png	34414	21832ba7ee6fe649a07746a6a55828a17735c84bb09193f182ee6077f94e4a64	archive-xwzx-2026-part-003.tar.gz
UploadFiles/xwzx/2026/1/202601091527078325.png	33460	3448d74f6bfbb19787adc3d5c39aa905e353cf8863c427b40059f4eae885ef0c	archive-xwzx-2026-part-003.tar.gz
UploadFiles/xwzx/2026/1/202601091627381563.PNG	282595	e74da54bb0bd3dff65cf85f60695841f208805cee038a54764f45312859b469f	archive-xwzx-2026-part-003.tar.gz
UploadFiles/xwzx/2026/1/202601091627385628.PNG	202337	5e9510003d560118b8d310976238435c75fd67c9d7308af58887cb410b39e58b	archive-xwzx-2026-part-003.tar.gz
UploadFiles/xwzx/2026/1/202601100819109049.png	26722	ffa749d75deec9284ff9951f39b3faded9eac4e26f3ea92dbe373988dfc28efd	archive-xwzx-2026-part-003.tar.gz
UploadFiles/xwzx/2026/1/202601101404287836.png	107910	afb891118cb8a2f2d887ceedd6bcd94c90e5dde0b09dc3cc7cee52dd8a9b0698	archive-xwzx-2026-part-003.tar.gz
UploadFiles/xwzx/2026/1/202601101405020087.png	111299	adb30875cb27ce8f037ebf1dbbf96b92e9eb6cadb0be922156044b6ec5db14b5	archive-xwzx-2026-part-003.tar.gz
UploadFiles/xwzx/2026/1/202601101502500009.png	33236	bbe564d537dbadc3962b504c07432d62453fbbcb598e405124bd23844ec12021	archive-xwzx-2026-part-003.tar.gz
UploadFiles/xwzx/2026/1/202601101508360536.jpeg	54509	765cbe0e01497495bd8d50c8b8a141357dca1a06ec0e03c43ad8e1c64634f9bb	archive-xwzx-2026-part-003.tar.gz
UploadFiles/xwzx/2026/1/202601121015074210.doc	1423360	3f233a2b7f00ddccf73bc3b9568f8e9a0f1edb9d3adeccc9632b9bbe68ee10a2	archive-xwzx-2026-part-003.tar.gz
UploadFiles/xwzx/2026/1/202601121015469042.xls	33792	d212e371c716adfc4ac7101544588cc1fc4dcf5fff4cc364db9a7e62897818b5	archive-xwzx-2026-part-003.tar.gz
UploadFiles/xwzx/2026/1/202601121016336403.xls	25088	7214ac26cdea01d18eb00ae57df24b7327294c37005c090fdfc8f9ea27825bd3	archive-xwzx-2026-part-003.tar.gz
UploadFiles/xwzx/2026/1/202601121017123487.docx	25971	97b252dc31b85c2f37c219b2087cf2c1f166e019ea33b5c0f4909033ef341b56	archive-xwzx-2026-part-003.tar.gz
UploadFiles/xwzx/2026/1/202601121018385523.doc	62464	e86b172d8a72cfd171ea8939c2a38123cb7b06e4b887c90b2bf97a93360fab59	archive-xwzx-2026-part-003.tar.gz
UploadFiles/xwzx/2026/1/202601121444023186.png	33532	4a225babcf562e88dc718d296717b31f9ed962d479c86e57b2181334e891f5be	archive-xwzx-2026-part-003.tar.gz
UploadFiles/xwzx/2026/1/202601121445320032.png	32784	c3596b64f3bf4a1e1fa268745b53e745a574ca473622f23d8eadc681b5d46dae	archive-xwzx-2026-part-003.tar.gz
UploadFiles/xwzx/2026/1/202601131310564787.jpg	141729	4957efb5a11675f7093af70e900f73d0d89fb4953c649a4599fd6d41c6376d90	archive-xwzx-2026-part-003.tar.gz
UploadFiles/xwzx/2026/1/202601131703551132.png	32978	301d99ecb2af5eecbbdad0417078406caed93d95ad3296c608ce101f2dd0c399	archive-xwzx-2026-part-003.tar.gz
UploadFiles/xwzx/2026/1/202601141607330946.png	35911	942aa582688a076cc8c908bef38b532b0cce7772f48911b0bdacc174ae965d6d	archive-xwzx-2026-part-003.tar.gz
UploadFiles/xwzx/2026/1/202601141609212472.png	32937	2af7991dc16206159071a7212b6428972317c8846576066a4fe85f281b169638	archive-xwzx-2026-part-003.tar.gz
UploadFiles/xwzx/2026/1/202601150834233262.png	33455	3cda2fc3ea7ec26197ad98874b9d49986237cfc87686ca87d7aea57264ebf8b1	archive-xwzx-2026-part-003.tar.gz
UploadFiles/xwzx/2026/1/202601151508471136.png	35051	b46158c449094b7156cd1baa8c6c7bc347af39a6c0560124f5db566469768799	archive-xwzx-2026-part-003.tar.gz
UploadFiles/xwzx/2026/1/202601151511069623.png	32806	ebdaf2cb419149d21ebf79b2d9c0a75b11a2229457b30a5c31e80158779f089a	archive-xwzx-2026-part-003.tar.gz
UploadFiles/xwzx/2026/1/202601151554286962.png	19311	80eb212f8df5e81a52e08e3139407c975bb325fa44b5cee2483541d32ca63430	archive-xwzx-2026-part-003.tar.gz
UploadFiles/xwzx/2026/1/202601161542568306.png	34581	6b929accc939db0259c81fc4d2b9de352c99299f1aa815f545c502edc4c857b2	archive-xwzx-2026-part-003.tar.gz
UploadFiles/xwzx/2026/1/202601161546301017.png	32639	3cc60c6f94d8780988c52f24afc8d5e9a56f658901194bff4799abc5600d3c21	archive-xwzx-2026-part-003.tar.gz
UploadFiles/xwzx/2026/1/202601190914457319.png	375287	25cfcef0f39edee38ada65064892ce2b45b54f220fe8f580ae5047ddab6c3ae4	archive-xwzx-2026-part-003.tar.gz
UploadFiles/xwzx/2026/1/202601191406580954.png	36155	ff632a3d19f5df88c51a9d57abc8a92dba7dbb2b7f2815818741595bfb271573	archive-xwzx-2026-part-003.tar.gz
UploadFiles/xwzx/2026/1/202601191408204827.png	31333	0c698ed2158619556a8ae7b1692a6d5e6fbf473f7623824c3e60978291c6366e	archive-xwzx-2026-part-003.tar.gz
UploadFiles/xwzx/2026/1/202601201526570863.png	32927	ad535a9ad5d10d1020d848c03ee0b3d912463e92cedc74a41830a2e9ef93adcb	archive-xwzx-2026-part-003.tar.gz
UploadFiles/xwzx/2026/1/202601201528178496.png	32657	57bffa6579639461d18d6bd7f47c32094dea25bd2fddde6d36d3502a1981f6a0	archive-xwzx-2026-part-003.tar.gz
UploadFiles/xwzx/2026/1/202601211135544659.docx	21507	6427c18da9a79592f84a4ebfb2d723f2447a658729311f03baf42d70e166daf2	archive-xwzx-2026-part-003.tar.gz
UploadFiles/xwzx/2026/1/202601211136278560.xlsx	16121	e3ca5a8d2f4ae9ad7da2eedeb3a16484df5d8c5e9505f97aa85154cae1dd9d13	archive-xwzx-2026-part-003.tar.gz
UploadFiles/xwzx/2026/1/202601211137052163.docx	14203	1d9ef03378e53a7a0a365b400110633c69d36a8a32419675d9ef737e0ae639da	archive-xwzx-2026-part-003.tar.gz
UploadFiles/xwzx/2026/1/202601211137430676.xlsx	11719	2f59ff3ab3eb7316cc729110e3d5c67c78e6d0a4278a4e3f1fe59ffac007b0ac	archive-xwzx-2026-part-003.tar.gz
UploadFiles/xwzx/2026/1/202601211927294356.png	659226	f3b368fb3c48cf0683724a2dc2d8407cac05ea9cc6c6dfab06d048d45c58fa0d	archive-xwzx-2026-part-003.tar.gz
UploadFiles/xwzx/2026/1/202601220850587034.JPEG	1652408	2a3e91d28b5f2f6c010e26bc7f812caf47bcd219b76a834a52b5d2db7211b8eb	archive-xwzx-2026-part-003.tar.gz
UploadFiles/xwzx/2026/1/202601220850588252.JPEG	1396821	373767309bd24fef83a783fa3c8ef9cf206505d8fef58333a8e7e4f4229f8fb0	archive-xwzx-2026-part-003.tar.gz
UploadFiles/xwzx/2026/1/202601220850589071.JPEG	1338887	36f8d8b62108f9afc3d5bd9a8d96105c2a615dc5dd87875b0f09bf7295df7e40	archive-xwzx-2026-part-003.tar.gz
UploadFiles/xwzx/2026/1/202601220850591048.JPEG	1158209	99a2bc9288747b581b43a98d329287cc62f908605d798290ac80817c7f970433	archive-xwzx-2026-part-003.tar.gz
UploadFiles/xwzx/2026/1/202601220850595374.JPEG	869775	c26b86cfe5d5daac04c52d225a79df58488e12839c0f81b928347edcc1eb1e6d	archive-xwzx-2026-part-003.tar.gz
UploadFiles/xwzx/2026/1/202601220850597613.JPEG	684375	f706498a5609cd95bf493b8968a59b8aa6d57fda20b5b2c740e4077b32c91029	archive-xwzx-2026-part-003.tar.gz
UploadFiles/xwzx/2026/1/202601220856377325.pdf	3161497	478429927600925380c76bcec0c9f924c2e669fb793bbc2208304cde55f18d9a	archive-xwzx-2026-part-003.tar.gz
UploadFiles/xwzx/2026/1/202601221511418274.doc	30720	3b6dbaf5fc699e2213ee05067c15646684185bcfb48b8862e24acdac4c86bead	archive-xwzx-2026-part-003.tar.gz
UploadFiles/xwzx/2026/1/202601230832152092.JPG	7516046	562ace735c3a5b9a2071e26da8047c6eca1bfaede173ee98122d1347127e89a6	archive-xwzx-2026-part-003.tar.gz
UploadFiles/xwzx/2026/1/202601230832188002.JPG	7417184	4c132e30f87d7f02650341cb46501b23707638690e2b31840c703fb05580f8dd	archive-xwzx-2026-part-003.tar.gz
UploadFiles/xwzx/2026/1/202601230832234689.JPG	11569857	88c57318ff7729f28ac7fde83d33ee3b1f0f5e107c95a9ab0f902078d01d3aaf	archive-xwzx-2026-part-003.tar.gz
UploadFiles/xwzx/2026/1/202601230832254846.JPG	7679716	a94544f888dc8338d160106004659321595efdc960c04c50126c62fe3c34eef8	archive-xwzx-2026-part-003.tar.gz
UploadFiles/xwzx/2026/1/202601230832294370.JPG	7899856	a9a80f16e3ceb54f4fbc137b0ba3a97b656e6266f4f71dc4f9c3ed35c60be550	archive-xwzx-2026-part-003.tar.gz
UploadFiles/xwzx/2026/1/202601230832363816.JPG	7490148	2473aec9d937a2d225cd851e1a0321af17e708bc1158f84ebb8bba2f961438b1	archive-xwzx-2026-part-003.tar.gz
UploadFiles/xwzx/2026/1/202601230832376559.JPG	7430565	a2fb9857db23142860e5236a419824793bb185bafeaf84b695ea9c17aee849f1	archive-xwzx-2026-part-003.tar.gz
UploadFiles/xwzx/2026/1/202601230832463948.JPG	7599895	36c9fe2716487585530ec9c8c9f4604718657225ac3e13ee7b0b7e1eba7173de	archive-xwzx-2026-part-003.tar.gz
UploadFiles/xwzx/2026/1/202601230832465442.jpg	334219	7ab00a2471cd6e11a1bc1336ba041d08720779996751349e2a4d194e304845db	archive-xwzx-2026-part-003.tar.gz
UploadFiles/xwzx/2026/1/202601230832483531.JPG	7677925	6666def2e56c0813cfe9a042db6af0c8dc5676714f78045b6b9f5bab530c8fcf	archive-xwzx-2026-part-003.tar.gz
UploadFiles/xwzx/2026/1/202601230832543494.JPG	23271276	a5b718ccb8a8626034f0cf9994f8319f21275f177a1f0427e577a120b90472b4	archive-xwzx-2026-part-003.tar.gz
UploadFiles/xwzx/2026/1/202601230833147019.JPG	23213915	677c9942fd881893d4a0c90918b3d066e11181e57af778618623e2ed103435c8	archive-xwzx-2026-part-003.tar.gz
UploadFiles/xwzx/2026/1/202601230833187296.JPG	23701247	7fbc344852f565c83c1aafa34782235a7ebfa3f16f1030f4b7a1f356028d7619	archive-xwzx-2026-part-003.tar.gz
UploadFiles/xwzx/2026/1/202601230833203523.JPG	23753094	052907e8cf7fe11e458ce7c1d566dd7185c39cc016af06e03335630e5a4b58a7	archive-xwzx-2026-part-003.tar.gz
UploadFiles/xwzx/2026/1/202601230833222040.jpg	170033	125992c46468a2dd13fa8c6d8c2d60daf097fd987f39249c34662b5aa1f6922e	archive-xwzx-2026-part-003.tar.gz
UploadFiles/xwzx/2026/1/202601230833225185.jpg	152572	3c494be73400a1d6d64cc111f479e99813631a89ee26697ebd52dcd29730900b	archive-xwzx-2026-part-003.tar.gz
UploadFiles/xwzx/2026/1/202601230833229262.JPG	2489188	7cd682efdb1567bd948c9d43c38147a687f297c4bd03c03a795fa8a13a3ec031	archive-xwzx-2026-part-003.tar.gz
UploadFiles/xwzx/2026/1/202601230833283138.JPG	4748806	2491373d2b972b00d6933740787f35f5c88c306abf38edcf69cae01c1b157d70	archive-xwzx-2026-part-003.tar.gz
UploadFiles/xwzx/2026/1/202601230833289569.jpg	181997	95dd39eeaed068fe876be5dca6ab8f3194da36887a7728c4b43f3a0af90efba9	archive-xwzx-2026-part-003.tar.gz
UploadFiles/xwzx/2026/1/202601230833369695.JPG	20768184	1cca7d79b87fe129d715e013e5ddca2284b9c94001cb22b8f1b7344564c10e30	archive-xwzx-2026-part-003.tar.gz
UploadFiles/xwzx/2026/1/202601230833403511.JPG	8255788	5cf23fd59361f94482f906cfde831e2b9f7b6dba4141a65b43713470aa7068d5	archive-xwzx-2026-part-003.tar.gz
UploadFiles/xwzx/2026/1/202601230833420849.JPG	5035129	e103b952e48e7386b6cf3e46a43b9fad5bd94ab03831c3b6876b0c2e2d7fe58d	archive-xwzx-2026-part-003.tar.gz
UploadFiles/xwzx/2026/1/202601230833431130.JPG	2791424	1b08aed56b2e8a4dc5a720d9d5d749557b33f9f665ef75f4022432760b2d98c4	archive-xwzx-2026-part-003.tar.gz
UploadFiles/xwzx/2026/1/202601230833438152.JPG	569151	6d7b8526a4c6efd22c5ccce92af58a468b635340b02b60709065e0c3fe537d43	archive-xwzx-2026-part-003.tar.gz
UploadFiles/xwzx/2026/1/202601230833475426.JPG	5286310	daa2712a0c1efb326965f3b5469c908d51395a1b9b810b3089d085ea0f6f245a	archive-xwzx-2026-part-003.tar.gz
UploadFiles/xwzx/2026/1/202601230833476156.JPG	22827521	006e4d4f39b3ec074a290cb1da776b54fa9af2175350ada47cccce1df19e5137	archive-xwzx-2026-part-003.tar.gz
UploadFiles/xwzx/2026/1/202601230833489068.jpg	317059	9c3ae4877dc4ee1f6c1fc002eca9e3124a30619a72d817a3492061df354c9003	archive-xwzx-2026-part-003.tar.gz
UploadFiles/xwzx/2026/1/202601230833519342.JPG	9304954	77ab49d7620c974a589c2d368215194ea0cca3f7fb4936867843c71c3c1d6f65	archive-xwzx-2026-part-003.tar.gz
UploadFiles/xwzx/2026/1/202601230833522080.jpg	445203	606d7eedc2ee2c70b4fddd348b76626aa13ca233a3010d8a566b92456572a643	archive-xwzx-2026-part-003.tar.gz
UploadFiles/xwzx/2026/1/202601230833549753.jpg	5634164	9afd048cb92a3e5b3c608b644ca84d20858ef62ccc5c72d628832bbf02bae804	archive-xwzx-2026-part-003.tar.gz
UploadFiles/xwzx/2026/1/202601230833566492.JPG	3623602	e2d87a8ea333ea960faa5e8ba368f36d24d9b9740a593e9147b229f6f096c155	archive-xwzx-2026-part-003.tar.gz
UploadFiles/xwzx/2026/1/202601230833568298.JPG	9740096	3aca6b7d6d9e20ad0cf8ad83b440a6a42fa9dea2a19b0f0bad78a60fac990490	archive-xwzx-2026-part-003.tar.gz
UploadFiles/xwzx/2026/1/202601230846250529.jpg	123633	3321f8415511a5e49c173ca3c70216c4c132e8158f5400a508d30f137f5e2566	archive-xwzx-2026-part-003.tar.gz
UploadFiles/xwzx/2026/1/202601230856582608.png	13654	0ee6fa9b819c06a9d567c4a2e7f2f28d079e2f890084222f60ba37521ad55b05	archive-xwzx-2026-part-003.tar.gz
UploadFiles/xwzx/2026/1/202601231500411930.png	313453	dcd20af2b68b68ce51faa959d62f910652af823e24ad23505069b4580ba5be53	archive-xwzx-2026-part-003.tar.gz
UploadFiles/xwzx/2026/1/202601231500415841.png	403559	8d9bcd30ce3ad85255565b7f010192a2f5c585eaf9e5e1af7de95f6f68cdd462	archive-xwzx-2026-part-003.tar.gz
UploadFiles/xwzx/2026/1/202601231621258838.jpg	44031	59b4ba07704e7dbaecb3e628b44afcfa5ad7a3f716f27755b09130b80020429c	archive-xwzx-2026-part-003.tar.gz
UploadFiles/xwzx/2026/1/202601231621291355.jpg	12164577	39cdaef1bfdbde7d49b7692d0b9b20ef0cc0b47180ef4f9347e19eeae35cb724	archive-xwzx-2026-part-003.tar.gz
UploadFiles/xwzx/2026/1/202601231644084284.png	32903	58dc2e68ee5433de23361426eb9655018c062969200784a52d83974607766baa	archive-xwzx-2026-part-003.tar.gz
UploadFiles/xwzx/2026/1/202601231829406659.png	349414	e9154446d9836fa3111c8c9ea2a9420ba9cb930155b5b0c6bf2cf0f035c958e1	archive-xwzx-2026-part-003.tar.gz
UploadFiles/xwzx/2026/1/202601231829408101.png	374314	9f381d44277ae89f5ff7690bbc74c7daee2a01da11711b1b742099bc548d5b4b	archive-xwzx-2026-part-003.tar.gz
UploadFiles/xwzx/2026/1/202601261111115516.png	191746	6a8f756e8d8ab591ef7c10d06303332692ee2ebc73de73b739b0ed256cc57f63	archive-xwzx-2026-part-003.tar.gz
UploadFiles/xwzx/2026/1/202601271413124688.png	254335	8c9ecf8f8e5d7f3434d1b50f33169ba8bb3c69ddc1c8e4b5a44350c217c14984	archive-xwzx-2026-part-003.tar.gz
UploadFiles/xwzx/2026/1/202601271443568217.png	141527	ac91033d417a781b8c2f9578e8eae3a961561b52da0babd8a88a3178626908a6	archive-xwzx-2026-part-003.tar.gz
UploadFiles/xwzx/2026/1/202601271500564918.png	146266	136683e06382e7763c039db964b3d310e3ff0c9e95a3c5ff358ca2e7c9c9e0af	archive-xwzx-2026-part-003.tar.gz
UploadFiles/xwzx/2026/1/202601271501165072.docx	15117	0be8a7146ab917d41f2313444bb9fed8e13d8d5e73f2f422612338f23a99aeba	archive-xwzx-2026-part-003.tar.gz
UploadFiles/xwzx/2026/1/202601271502461303.docx	15353	fe9a9335b34f7e749a57b580213a47c48352d5a72e3793d8ab4835db36da33b5	archive-xwzx-2026-part-003.tar.gz
UploadFiles/xwzx/2026/1/202601271504557150.docx	15353	afb6421d67db3148a8d544019018f27f55569077b83bb675005f0e26bd7590c2	archive-xwzx-2026-part-003.tar.gz
UploadFiles/xwzx/2026/1/202601271505027827.png	4524	3a2377efa9851366cabda7562321ce13a31b2cbac52b73ad6c0ab895978ef929	archive-xwzx-2026-part-003.tar.gz
UploadFiles/xwzx/2026/1/202601271505592903.png	2079	4128919259d6814ee0c763935c3b2c3df5c8a00136ebdb83008a5afaf5c3343d	archive-xwzx-2026-part-003.tar.gz
UploadFiles/xwzx/2026/1/202601271608366634.png	155483	01e757ad7c41dea7650d9e7943c292e759195581830236f1218bab21c1286f1a	archive-xwzx-2026-part-003.tar.gz
UploadFiles/xwzx/2026/1/202601271609432407.png	152966	211f7c947059d2de2965970a8cd7c79ac70a2d4e030bd5bd487bc9642d65bec3	archive-xwzx-2026-part-003.tar.gz
UploadFiles/xwzx/2026/1/202601271651096798.png	44354794	ad1398b29986ac5901fcc997041f6a56ca9ba395ad572be7e6a8fded0b8ef97c	archive-xwzx-2026-part-003.tar.gz
UploadFiles/xwzx/2026/1/202601271651551624.png	1613420	0607d52d4f3b1f198fcfffa70900d8a0fa2be11da168491355d073b20a626499	archive-xwzx-2026-part-003.tar.gz
UploadFiles/xwzx/2026/1/202601271651564164.png	9777856	2a7a8ef2615df1f9f7f8c1eb5d00376b3a537b607be02189deb1acb410daab6a	archive-xwzx-2026-part-003.tar.gz
UploadFiles/xwzx/2026/1/202601271653159320.png	5939553	2e807c4053f99f413d265f8fa9768cbcb9c84d8a9b42d11c1c0c16bc171cc5ec	archive-xwzx-2026-part-003.tar.gz
UploadFiles/xwzx/2026/1/202601271653347658.png	3926037	ed7a111aa58845edc3ee7109193d5ab37cf83642f61ceee7b7b25a09b2396ef9	archive-xwzx-2026-part-003.tar.gz
UploadFiles/xwzx/2026/1/202601271700052158.jpg	3315313	08c95a0210a57074cb547698a5e6f9227d02131d0280ec629f43ab3714354ddd	archive-xwzx-2026-part-003.tar.gz
UploadFiles/xwzx/2026/1/202601271700415316.png	310814	ead3235f10d7825485d67851a253c26c678db93e61fb237d90059b304e02134b	archive-xwzx-2026-part-003.tar.gz
UploadFiles/xwzx/2026/1/202601280938312575.png	142519	0edc772cefaaf885bc75e41ed630324bb07543ed705cb840ac486880fcc0d5f6	archive-xwzx-2026-part-003.tar.gz
UploadFiles/xwzx/2026/1/202601280940310717.png	139766	eeeb23a0efce81261709e13c1d77344d1998d5a83c7d09a38948ca32e40c599a	archive-xwzx-2026-part-003.tar.gz
UploadFiles/xwzx/2026/1/202601280941193564.png	146091	3efbc0bd4c74e26427f4016b3ac2391cc6ba126a700baabf304d7f7a8b550e37	archive-xwzx-2026-part-003.tar.gz
UploadFiles/xwzx/2026/1/202601280955329288.png	141738	e4e33716c8355fbd3d5b543e726ab71d2910b0e98458ad44713bd62d73d39555	archive-xwzx-2026-part-003.tar.gz
UploadFiles/xwzx/2026/1/202601281035434518.png	182830	8d68f0d2dc484c3a8472ab34a13e4205e30fae78e5e6f3bfb57f55ede513627d	archive-xwzx-2026-part-003.tar.gz
UploadFiles/xwzx/2026/1/202601281054424556.png	150568	c43516c1361ad3c864db5cb4e26224c840a7c64e0032c67d1cb296dec4b47f11	archive-xwzx-2026-part-003.tar.gz
UploadFiles/xwzx/2026/1/202601281449361462.doc	53248	a1ca930cd5a034454c9d8fcff2925080b2cd56e8ab13e6ce627047b1a891c049	archive-xwzx-2026-part-003.tar.gz
UploadFiles/xwzx/2026/1/202601281511020441.docx	24022	6cc6652804fb8e5324d07b523b90cd505c5af862eeb88cd7c7e44ad1510a7a3a	archive-xwzx-2026-part-003.tar.gz
UploadFiles/xwzx/2026/1/202601281511495965.xls	20992	00b25bac8a1a2a221231d0b686e7ff06bc38974c9028d0b4d4df9d61259cc9ac	archive-xwzx-2026-part-003.tar.gz
UploadFiles/xwzx/2026/1/202601281527350138.jpg	4283451	2eaab582bb9ebe78d6e2c31b63c4d11220b4f2ad4ff6eed7e8e38d745d32b134	archive-xwzx-2026-part-003.tar.gz
UploadFiles/xwzx/2026/1/202601281527352082.jpg	4132013	634cee99e627bb2b0552715ba4ef7e0c5409e739ed12dd9dd1797ac0acd2fb30	archive-xwzx-2026-part-003.tar.gz
UploadFiles/xwzx/2026/1/202601281632518823.png	32756	eab072897ea8e42133c7076a23c95eb766ca2d698eaf6006b396e4bcac96766f	archive-xwzx-2026-part-003.tar.gz
UploadFiles/xwzx/2026/1/202601290832303590.png	154946	cadabf2e627f910fa0a3cf78a91a09c16072bb8624da47319fdcd16d678f3eb0	archive-xwzx-2026-part-003.tar.gz
UploadFiles/xwzx/2026/1/202601290855255091.png	149585	bed5588bd4ff3d5a263f72949c03164cd8cfcaa766ccd45a2521b31171cb364b	archive-xwzx-2026-part-003.tar.gz
UploadFiles/xwzx/2026/1/202601290924088039.jpg	738550	816210fb5743acd0c95807a7ed21cd413ff483e4d99e6ddc1a84be52985128e0	archive-xwzx-2026-part-003.tar.gz
UploadFiles/xwzx/2026/1/202601290924090578.jpg	1107248	4c5ce3dd72fcf229c245330d3b390ff39e612ee3b99a6fb1f12dcc04751735d0	archive-xwzx-2026-part-003.tar.gz
UploadFiles/xwzx/2026/1/202601290924090827.jpg	2738840	0c778dd0131c33afbf51256aad62bfd1340f6e945ab64ca23c4927bc300e59fd	archive-xwzx-2026-part-003.tar.gz
UploadFiles/xwzx/2026/1/202601290924098482.jpg	676288	bcccc73cb765c248a88b454730bffc7c923cb61eb64c29f3502b286596a2f3f6	archive-xwzx-2026-part-003.tar.gz
UploadFiles/xwzx/2026/1/202601290924102828.jpg	609868	1ac10572ee21080d13d9b60c2ba910c240e0e20b641adbac76860680e0c3a13a	archive-xwzx-2026-part-003.tar.gz
UploadFiles/xwzx/2026/1/202601290924145224.jpg	3496543	7d745524790fcae2d691ec1cf02697222db43bfd6c302c8489fc9de00b5344bc	archive-xwzx-2026-part-003.tar.gz
UploadFiles/xwzx/2026/1/202601290924147473.jpg	4393642	eb5524bce7a57054d3ad48861ea13e0223db5d5846ad70305ce2d47118ff92c6	archive-xwzx-2026-part-003.tar.gz
UploadFiles/xwzx/2026/1/202601290924162830.jpg	3191099	610a5c1180974638e2dc4934b2e5eb17bda271e79ee7c1d56e16ac9ab0c923b9	archive-xwzx-2026-part-003.tar.gz
UploadFiles/xwzx/2026/1/202601290924164342.jpg	3972888	d43de387b8a00f1234e9cda4d3ed3aaa8cf1b14be058096e12f467ce8874de44	archive-xwzx-2026-part-003.tar.gz
UploadFiles/xwzx/2026/1/202601291009583880.png	187803	4a497c29df9510a3aa5c1920c489c6de5c014431b0518695639dee68994d156a	archive-xwzx-2026-part-003.tar.gz
UploadFiles/xwzx/2026/1/202601291108544255.png	142608	2fa20d45239d7eb6ea5e459b43fd6803e6b530d804d54ccbd17ad84d1b1d8f19	archive-xwzx-2026-part-003.tar.gz
UploadFiles/xwzx/2026/1/202601300834561110.png	260899	8f57f76f023feb058e6e2d4a19f12524665a9b85ddfe871173557652dd11604f	archive-xwzx-2026-part-003.tar.gz
UploadFiles/xwzx/2026/1/202601301027586128.png	29356	eb23d7b4432e7baf583ab0531fc0c2e6f178f7d57135fdde4b2eaff74e27156d	archive-xwzx-2026-part-003.tar.gz
UploadFiles/xwzx/2026/1/202601301426408408.png	10507	71aaa8b4e369e4c396026ec481209aac1b57976669fd803957125f9688ba7389	archive-xwzx-2026-part-003.tar.gz
UploadFiles/xwzx/2026/1/202601301511243928.xls	1031680	75615758f2f9741fd26668e69e5a85c38b54d558cde3e6e788a7435a50aad9b2	archive-xwzx-2026-part-003.tar.gz
UploadFiles/xwzx/2026/1/202601301512456777.png	61246	437e61fdb686750c3e81058a0d823838feacef7fd674d24022aa258e7db27c3f	archive-xwzx-2026-part-003.tar.gz
UploadFiles/xwzx/2026/1/202601301513484450.xls	764416	55bd08ea5851b091e374bfdf89a8d9082527898118b48c9c697e2e329d44a648	archive-xwzx-2026-part-003.tar.gz
UploadFiles/xwzx/2026/1/202601301643285564.png	32088	205913f64e2a5bb59fc0e4bc882c6fc252a84d3e669c6d829a952c1ad77dbca6	archive-xwzx-2026-part-003.tar.gz
UploadFiles/xwzx/2026/2/202602020908289177.jpg	11032283	9164eca231a072a6b410d04a7e6af92e0c160994011881e5543439c0548374b6	archive-xwzx-2026-part-003.tar.gz
UploadFiles/xwzx/2026/2/202602020908294760.jpg	15116844	578754dbada6a4ae64605f57dfdf330d994cc7ddaafe41b9b5d42bb6acbcb2ea	archive-xwzx-2026-part-003.tar.gz
UploadFiles/xwzx/2026/2/202602020911222419.jpg	48750	bc167af0aa64e9a1d2fea52d35233b7a3d8d170b56896105411f7169670c7e73	archive-xwzx-2026-part-003.tar.gz
UploadFiles/xwzx/2026/2/202602020911224435.png	276342	5f0a9d8c0b027c5dc035ba5b341d5be58ea84e3bfe5ab4c77d235989b7d10de9	archive-xwzx-2026-part-003.tar.gz
UploadFiles/xwzx/2026/2/202602020911225562.png	2026388	aab9a43d15fff688b13b72944232b381ac94d6910ed00d9a83754b2bb6865175	archive-xwzx-2026-part-003.tar.gz
UploadFiles/xwzx/2026/2/202602020911252897.jpg	13614922	be4504bfd24ad80a84732a60d2c5777adde00ccdbecd3998d576dcb70fb1c355	archive-xwzx-2026-part-003.tar.gz
UploadFiles/xwzx/2026/2/202602020911275079.png	6868505	d529c0fa788410397771fc7304f707c10c2dbfed7b38645da01dc12f8733a24e	archive-xwzx-2026-part-003.tar.gz
UploadFiles/xwzx/2026/2/202602020911294032.jpg	16038466	c7ff78be179e48423fa4babd5afb4e7254eaa5f0ccce7fa67a4299ee8c5823bf	archive-xwzx-2026-part-003.tar.gz
UploadFiles/xwzx/2026/2/202602020911328466.JPG	12353964	495468e569cd7a30368fde0c5123e00b4692754a9cfff703075274e496243b1e	archive-xwzx-2026-part-003.tar.gz
UploadFiles/xwzx/2026/2/202602021715309084.png	79425	d2b79ce1c0762a58ff1442fd08d4176472d171b2210e46ea74af0ad22053faf8	archive-xwzx-2026-part-003.tar.gz
UploadFiles/xwzx/2026/2/202602021716104134.png	80062	557bc79ed50c9398718e12ec603ca16f721bb5de181a588143979e68e6b1e47b	archive-xwzx-2026-part-003.tar.gz
UploadFiles/xwzx/2026/2/202602030857452111.png	32118	1972949206c133e105626b6295a546f3b69be2ec93c99d7e55c24decf20cb028	archive-xwzx-2026-part-003.tar.gz
UploadFiles/xwzx/2026/2/202602030859354237.png	31005	473effde750ebfdcf3989191cc2e144c39fe8a346be6df83e985cb06eaa86d95	archive-xwzx-2026-part-003.tar.gz
UploadFiles/xwzx/2026/2/202602030910225805.png	10724	fda25a8e0753e1c4fbfda13a670726049090668ee9c481f0e63a4b180b90558d	archive-xwzx-2026-part-003.tar.gz
UploadFiles/xwzx/2026/2/202602030947210456.png	34950	a820ed7178cb64e3c10d1b2caa326dc6b7deb41fdf2079b11056ffb5197f5f34	archive-xwzx-2026-part-003.tar.gz
UploadFiles/xwzx/2026/2/202602030950501905.png	32131	f89a59a2812af39640dd051209e0808c5077a772b5cefab260c08e3b07fb5ec3	archive-xwzx-2026-part-003.tar.gz
UploadFiles/xwzx/2026/2/202602030958108922.png	32387	7988407e623a5078754aeae62a2e9c469f2cf2ff75af70592b80ed800f28c168	archive-xwzx-2026-part-003.tar.gz
UploadFiles/xwzx/2026/2/202602031000173076.png	31383	25ff10da61bb27ff5f7ae86314f48acc70aa97082e3a68585d6b30cb3ea751c7	archive-xwzx-2026-part-003.tar.gz
UploadFiles/xwzx/2026/2/202602031007264932.png	34853	d4199e1977d853ca3054c0d0d43959f7b14d510b562123b7fc96d7273d02cd51	archive-xwzx-2026-part-003.tar.gz
UploadFiles/xwzx/2026/2/202602031532562565.png	32285	557c4de63e1351206d402af69820a037063908b59bf3046e40a1737dee49cda8	archive-xwzx-2026-part-003.tar.gz
UploadFiles/xwzx/2026/2/202602031709133725.png	37215	b847cde40cf7e4e8c0fa7570c90192950ec3d3fb6d24ff85a63cd75e887ee284	archive-xwzx-2026-part-003.tar.gz
UploadFiles/xwzx/2026/2/202602041511426403.png	32091	6e7399c476637efde7dd967f36f333147cb8e974422b3390ef6cb8acb741a4b8	archive-xwzx-2026-part-003.tar.gz
UploadFiles/xwzx/2026/2/202602051459370055.png	31294	ea4df146c6dbad46333b98b218540f739336b96f6433b7e19f5a83d23cf35546	archive-xwzx-2026-part-003.tar.gz
UploadFiles/xwzx/2026/2/202602051640305785.jpeg	380171	54d810fe64b2f53eaef1a4bfa774af266043252556d097351c49b828c80366cc	archive-xwzx-2026-part-003.tar.gz
UploadFiles/xwzx/2026/2/202602060958381156.png	6792	60fe72ce0d2324db6b3465aa79873ace78e0784fe1d7a919a6c4da6c705177ae	archive-xwzx-2026-part-003.tar.gz
UploadFiles/xwzx/2026/2/202602061043499227.png	131168	b05aaf93b11d1578e2f4d3dce03fbd28e92e8fd9528d8539fe1818393fcb5ed4	archive-xwzx-2026-part-003.tar.gz
UploadFiles/xwzx/2026/2/202602061044468748.png	131168	b05aaf93b11d1578e2f4d3dce03fbd28e92e8fd9528d8539fe1818393fcb5ed4	archive-xwzx-2026-part-003.tar.gz
UploadFiles/xwzx/2026/2/202602081216512409.xls	372224	614576c62c1f67cd8d2afe5a6425fa75c9f8f6c56b8bf5676d18cac149f5071b	archive-xwzx-2026-part-003.tar.gz
UploadFiles/xwzx/2026/2/202602081710470067.png	113619	6944d7b7cbd51e0eaf3e7e99494b8069e3560929ab26c8ad1fdb711328e56bc2	archive-xwzx-2026-part-003.tar.gz
UploadFiles/xwzx/2026/2/202602261243090331.png	34294	399baa45be90b7077a3a2b045b27d46a5b8541b52a10f6a8b5026338f4b4460f	archive-xwzx-2026-part-003.tar.gz
UploadFiles/xwzx/2026/3/202603011426236958.xls	662528	a24970317c75a23ffb517663192a9d9a10810546a4c6050a60bfb7ad919075af	archive-xwzx-2026-part-003.tar.gz
UploadFiles/xwzx/2026/3/202603011432045914.xls	700416	68568d62f7b430ca60551a37559e7205469b846caf1373cd7d8deb22eda746f6	archive-xwzx-2026-part-003.tar.gz
UploadFiles/xwzx/2026/3/202603030936414194.png	75698	982ea38ee53813920c179a81ab2f30f789b3182f1c3bacb39a81a58d8dd83ae1	archive-xwzx-2026-part-003.tar.gz
UploadFiles/xwzx/2026/3/202603031312227049.png	237755	c12f17bbb0537c2f608ec794afa299ad3ed912d5629743515303df15a1b33566	archive-xwzx-2026-part-003.tar.gz
UploadFiles/xwzx/2026/3/202603031312576517.png	146440	68921e74b80f9a313a391df9c84fecd428dbae955bfb614fdd6cefe02ceda153	archive-xwzx-2026-part-003.tar.gz
UploadFiles/xwzx/2026/3/202603031313295925.png	121012	0fc88e527982110001265536ec2ced7c1c67431e01f817defa928a661a1ccdf5	archive-xwzx-2026-part-003.tar.gz
UploadFiles/xwzx/2026/3/202603031347452921.png	13044	419849b1df0573c29ae54bcd5969f1e5c50607055b86c6610b7e44cbb4f60702	archive-xwzx-2026-part-003.tar.gz
UploadFiles/xwzx/2026/3/202603031351116328.png	20007	2e13408e982e71e4eaed0a44725c25dc8728ed0c04b0c2590bba6f7b4c4b8cbd	archive-xwzx-2026-part-003.tar.gz
UploadFiles/xwzx/2026/3/202603040656417785.png	330976	3d2e8b5507e45c5be09ca64a981ad9c7f1cc42f131b772fdc83b695ea648cabd	archive-xwzx-2026-part-003.tar.gz
UploadFiles/xwzx/2026/3/202603040656423772.png	264098	96b3de007eca99d243c5d5756d8fec8d74df4e9880ebef17f578b93558cdb27d	archive-xwzx-2026-part-003.tar.gz
UploadFiles/xwzx/2026/3/202603040829352482.pdf	1900500	cb3207d1f50bba4f55500a9c6f9f47512d0de1ce575f66c11c806f4f6f79d6d4	archive-xwzx-2026-part-003.tar.gz
UploadFiles/xwzx/2026/3/202603040834502353.docx	45759	5351f831a2ddfe4a2e6d8111adfd60481d0ac7d7e49bc8140131929b49590547	archive-xwzx-2026-part-003.tar.gz
UploadFiles/xwzx/2026/3/202603040925426242.png	75786	7001ed674eb79792d499b432854b139c86fede44e24d97d8b7cdb6a2f2c5a58e	archive-xwzx-2026-part-003.tar.gz
UploadFiles/xwzx/2026/3/202603041004057825.xls	19456	f99566c0aa702e95b79b0e72c4c6d69c43e9c13796cafcd0bdf1d8f9345faa5e	archive-xwzx-2026-part-003.tar.gz
UploadFiles/xwzx/2026/3/202603041413452750.png	18042	ba69eedabc66ead89489a718b56356774535ddee740e899807eb6fd590c3b66c	archive-xwzx-2026-part-003.tar.gz
UploadFiles/xwzx/2026/3/202603041419204154.png	50963	8e8ff8303858f4301ec607d93625a2bf446f0b899eb713b00a021029171cb095	archive-xwzx-2026-part-003.tar.gz
UploadFiles/xwzx/2026/3/202603050911509986.JPG	15380215	028e62459865a84b5af2c188d14c31b43c2653270d8b45be11543f910d0f4896	archive-xwzx-2026-part-003.tar.gz
UploadFiles/xwzx/2026/3/202603050911516506.JPG	15338676	f45bfe84bfcc71b21bfc0bfbdab9a94d283c9ddb2b6614b2459f46b68ce752db	archive-xwzx-2026-part-003.tar.gz
UploadFiles/xwzx/2026/3/202603050911530547.JPG	14356155	d799b67e5feeb50089f92fbd27890a886ee237ea7024883551d05fedf4defb9b	archive-xwzx-2026-part-003.tar.gz
UploadFiles/xwzx/2026/3/202603050911545492.JPG	16000570	fa5321291595827760de2e291aa3e004e7ff1758ae021c0473c9084a52d38ac3	archive-xwzx-2026-part-003.tar.gz
UploadFiles/xwzx/2026/3/202603050912000724.JPG	16287937	12f780651a32904e2223e1f271913cb6676b994fafde784a3aa7d9a3261b88fd	archive-xwzx-2026-part-003.tar.gz
UploadFiles/xwzx/2026/3/202603050912014954.JPG	15890792	8faec050a646498948f850360ea9d1e2b8ca3dab2130449f49af0b070b848d6d	archive-xwzx-2026-part-003.tar.gz
UploadFiles/xwzx/2026/3/202603050912062869.JPG	15999026	3e1259299d9d38bd3f54949875344d5bda020053503e529b02b37d6177f96695	archive-xwzx-2026-part-003.tar.gz
UploadFiles/xwzx/2026/3/202603050912063602.JPG	16294646	013aa1e28d7741759a8b20c157825c3970ee1821e88daee773e280b546c490e1	archive-xwzx-2026-part-003.tar.gz
UploadFiles/xwzx/2026/3/202603050912077969.JPG	16496140	8de671ca6559dad80d0f1febec325f66767d52ff1915cab9d9d3575d9cf86be3	archive-xwzx-2026-part-003.tar.gz
UploadFiles/xwzx/2026/3/202603050912139395.JPG	15968532	31ca4d0daefd87559bc87dab23ac0ffccff6976237a87d85afc507e3317325b7	archive-xwzx-2026-part-003.tar.gz
UploadFiles/xwzx/2026/3/202603050912165926.JPG	16171651	38d0d69315bda7e46979c853ab1d2c4898cddb93d7d9d6c02e604d010b11d133	archive-xwzx-2026-part-003.tar.gz
UploadFiles/xwzx/2026/3/202603050912185171.JPG	16204182	e44df776f081dbe959cfd05eca174b25532621689f98c4924802134d5a611dab	archive-xwzx-2026-part-003.tar.gz
UploadFiles/xwzx/2026/3/202603050912202862.JPG	16460825	41a97c9381fdbe901ef682f10bdbc5b4f888ffc816a90c52e971452b4b172691	archive-xwzx-2026-part-003.tar.gz
UploadFiles/xwzx/2026/3/202603050912244040.JPG	15955560	2c5f0a63dc90aef08849679b3c1dd1ecde6c5808194ea4e914582623c65201c1	archive-xwzx-2026-part-003.tar.gz
UploadFiles/xwzx/2026/3/202603050912253439.JPG	16180484	bedf6bda3b1c34a9560c58bdd8c96c05f84a12b515880b703006d392a0cefca7	archive-xwzx-2026-part-003.tar.gz
UploadFiles/xwzx/2026/3/202603050912295841.JPG	15470130	e33d640ccc40cde60a631e2c72ae02afab7fab0b363d8375edb508844cec8939	archive-xwzx-2026-part-003.tar.gz
UploadFiles/xwzx/2026/3/202603050912348595.JPG	14443198	13ad5664c481975bcbea1ad215e0b8d97e3ea281b3f589fe772a4887dbc39271	archive-xwzx-2026-part-003.tar.gz
UploadFiles/xwzx/2026/3/202603050912357794.JPG	14320172	88c52503708203a18d97a1abe62e605f481128dea9bca17aa5026b459a8c5eda	archive-xwzx-2026-part-003.tar.gz
UploadFiles/xwzx/2026/3/202603050912358027.JPG	15867287	8d94a6ca7555a9da05bd987b9e840cd697dc0b568421c0cecde91a696b7f4fb1	archive-xwzx-2026-part-003.tar.gz
UploadFiles/xwzx/2026/3/202603050914187981.jpg	2692264	c85d636f92a22768035f747e44da155c8b127426333cb678a60a06aa1e77d1d9	archive-xwzx-2026-part-003.tar.gz
UploadFiles/xwzx/2026/3/202603050914202447.jpg	4100146	ffcf7f92bc259d42d585a180bb2a37a4077c3cd846177e1cf1a08b3b811d5a82	archive-xwzx-2026-part-003.tar.gz
UploadFiles/xwzx/2026/3/202603050914209894.jpg	3475189	adc255d98a9958e9c15e0923a44d83e8c9a019983f58d0d38193a5b4b9d5c63b	archive-xwzx-2026-part-003.tar.gz
UploadFiles/xwzx/2026/3/202603050914214555.jpg	3277561	fc8b508119e6d99c7443d3ab018c147f41c786d002a0c96917f1bc53466dfb33	archive-xwzx-2026-part-003.tar.gz
UploadFiles/xwzx/2026/3/202603050914220907.jpg	2766547	ffcb53b4461a53bbd062c49aff0634d4011648ebecb1b23eee9ff5b63825caa8	archive-xwzx-2026-part-003.tar.gz
UploadFiles/xwzx/2026/3/202603050914221131.jpg	2734030	a08bb0771c4f23fec195a24a2059c4b6d2050908abfc8e22a6cb2f4451ea4f7c	archive-xwzx-2026-part-003.tar.gz
UploadFiles/xwzx/2026/3/202603050914225080.jpg	2930010	60328a86781e996a5fab9d7647a27fbb1bce206a3d03170b9bee5c191878ab6f	archive-xwzx-2026-part-003.tar.gz
UploadFiles/xwzx/2026/3/202603050914225947.jpg	3171442	4a487c8f40a90744ce3f8bab6656ae7c32e24399d64eff9a038903b525a069aa	archive-xwzx-2026-part-003.tar.gz
UploadFiles/xwzx/2026/3/202603050914230934.jpg	2779353	b6552fda014b092f20bbbbe2ec7f3d6cc5b3d62c6427f7ca1b6052df2af89c89	archive-xwzx-2026-part-003.tar.gz
UploadFiles/xwzx/2026/3/202603050932478297.png	278910	0ae5a57a06bf39ecc187f3a4ad85ec55fda12fa0467d17d32f6c71026ec9e43b	archive-xwzx-2026-part-003.tar.gz
UploadFiles/xwzx/2026/3/202603060816313091.png	159877	fe09bfad562a38db19338b8bc0b6f007e6561f1a26c0aa95ded01bdc11c2b77d	archive-xwzx-2026-part-003.tar.gz
UploadFiles/xwzx/2026/3/202603061027112638.JPEG	1163177	531c2d0b391d9e9027456a52f1fa6a136cc3f093619440d23d6c1e0be2aa17cb	archive-xwzx-2026-part-003.tar.gz
UploadFiles/xwzx/2026/3/202603061027120380.JPEG	1174269	40a79b7040893a4b4fb026b69acf067d8adc40b832183b651982a8b71b32bc44	archive-xwzx-2026-part-003.tar.gz
UploadFiles/xwzx/2026/3/202603061149069822.png	393078	c42414f7e5a5a137f9b68ccb43b95277b87e8e5aecb5558fd6e11747e6911e43	archive-xwzx-2026-part-003.tar.gz
UploadFiles/xwzx/2026/3/202603071004528249.png	696740	9d03160d9ed4cb196cf58716b72143de9349aeb59c048574cf8e92d52a0c0451	archive-xwzx-2026-part-003.tar.gz
UploadFiles/xwzx/2026/3/202603091007452354.doc	23552	e03ea8f6cfd81dab3ec8fecf1ee5314c3e97039c996b033ce7d035d3eeed2166	archive-xwzx-2026-part-003.tar.gz
UploadFiles/xwzx/2026/3/202603091008031133.xls	26624	ab96ace730032af53011ad8b3c2961b62807e5f6890231efd6f522187ed76454	archive-xwzx-2026-part-003.tar.gz
UploadFiles/xwzx/2026/3/202603091008087805.xlsx	18746	6e816c934dcceb490a83ae5c499f31c881c35977605edad3fd11fc06f757cf56	archive-xwzx-2026-part-003.tar.gz
UploadFiles/xwzx/2026/3/202603101442473151.png	31052	273d9a08e9cf5fb5d000b42fa7c6ba77a3bb3fef1cb7afd6e95b76bfd992d730	archive-xwzx-2026-part-003.tar.gz
UploadFiles/xwzx/2026/3/202603101510147946.pdf	681808	ec7719a16a0d83c67c79cf773410e64084472a279414028cdc1251758c488c1b	archive-xwzx-2026-part-003.tar.gz
UploadFiles/xwzx/2026/3/202603110937400370.JPEG	1291601	021e5e11b54a0e9a06e9107172b45f0318f305485c1988ed3d9962bb0dd63224	archive-xwzx-2026-part-003.tar.gz
UploadFiles/xwzx/2026/3/202603110937408312.JPEG	1372476	6b2a6a4b34cab40eb73bfcba74f4ec83d04fe393cf8b8e6a4418a695f6b3fef0	archive-xwzx-2026-part-003.tar.gz
UploadFiles/xwzx/2026/3/202603110937409915.JPEG	1566187	49a4d73a3955cebb2ff22e882055c4079622d84227fe4bdde58e0e0ab751f87f	archive-xwzx-2026-part-003.tar.gz
UploadFiles/xwzx/2026/3/202603111628562609.png	31067	401f0cc8ab30f31f9aa5767f878d429ebefd7eec59eeca2643d520eb23fcbb7b	archive-xwzx-2026-part-003.tar.gz
UploadFiles/xwzx/2026/3/202603111629365592.png	36541	6522cb7c116743a66b017d9c0ae850b109d275f7f92aea0c8e92f92a95efd8bc	archive-xwzx-2026-part-003.tar.gz
UploadFiles/xwzx/2026/3/202603120927161868.png	1056600	67baca037db53e91da21695dfec952278e08807f8076363b680e00179d4db858	archive-xwzx-2026-part-003.tar.gz
UploadFiles/xwzx/2026/3/202603120927162936.png	581403	5a5ee2ac3f9bb9f904d7e5a807220d8ebff905e1f8eb44fd95c6b6a0dc5cc4a4	archive-xwzx-2026-part-003.tar.gz
UploadFiles/xwzx/2026/3/202603120927169334.png	1116133	e1ea5d8641ff5e44172c5593aa8287f542d6808e26ba08eb4c36f2bc10967bfb	archive-xwzx-2026-part-003.tar.gz
UploadFiles/xwzx/2026/3/202603120927171068.png	1348295	662f1159ce2a6fc878370336ac338226bd06396a22e43d9f5e0561ec712f8e2d	archive-xwzx-2026-part-003.tar.gz
UploadFiles/xwzx/2026/3/202603120929103916.xls	995840	137b7517af0624845c6cbea8d1069725a791c2c606f9c449c85ebc86873f9c25	archive-xwzx-2026-part-003.tar.gz
UploadFiles/xwzx/2026/3/202603121507254452.docx	14816	bf1d65cf00693407ab36dd505e41961da0b4d867da0712abc0d2d3e03914d335	archive-xwzx-2026-part-003.tar.gz
UploadFiles/xwzx/2026/3/202603121508002756.docx	13435	2433fc674691cbb05e00b94644565a9a8813d03d95bc89bc5d07c9fa69cd8f1f	archive-xwzx-2026-part-003.tar.gz
UploadFiles/xwzx/2026/3/202603121508224870.docx	15282	f2eb394c1ec2c5c42f8890c781f94b438e2ba70ba4c54011d5cce86bd43a8daf	archive-xwzx-2026-part-003.tar.gz
UploadFiles/xwzx/2026/3/202603121508455798.docx	13422	0b3dffb8254ad1325f8c86b01788fe915e826d834810a82ff101a857e93f98c5	archive-xwzx-2026-part-003.tar.gz
UploadFiles/xwzx/2026/3/202603121510064808.JPG	175727	6e2bce77d58aec26012e5fccce6ec94ff8c724b563856d4b0a5fd527ed552c00	archive-xwzx-2026-part-003.tar.gz
UploadFiles/xwzx/2026/3/202603121511193901.PDF	3094869	6035ee5f27001ec3c566bc89fbd7689c6565ac51d6d59d4c0fedc10d558def7b	archive-xwzx-2026-part-003.tar.gz
UploadFiles/xwzx/2026/3/202603121627097997.png	37312	e959c557ec1faa4060a05e4842392a0958c9045917222fe0bc6c30ff300649f7	archive-xwzx-2026-part-003.tar.gz
UploadFiles/xwzx/2026/3/202603130845486126.png	32848	fa208b29394a567851cc7ab1a8b5c4b5ccb9ce541d81413f6e5f6378c5049c5a	archive-xwzx-2026-part-003.tar.gz
UploadFiles/xwzx/2026/3/202603131324037282.png	86281	5f057b4ef1adcef12061ec81b0550eb87f65583f664b19f921544a9913cecaf6	archive-xwzx-2026-part-003.tar.gz
UploadFiles/xwzx/2026/3/202603131541074254.png	34904	9ed93d433f836db2ce83ffbd49c7be292a5f95858e9949673f5573c6de3c7ee6	archive-xwzx-2026-part-003.tar.gz
UploadFiles/xwzx/2026/3/202603131625353530.png	404644	ab0408c722b2d74e5238587676032ec41d8e1598e2f87e613e4b8244ae075e88	archive-xwzx-2026-part-003.tar.gz
UploadFiles/xwzx/2026/3/202603131625355447.png	207458	0cbd7120742aae3143dc508f75e80d48026cf96726794b217f2e446d49f0815c	archive-xwzx-2026-part-003.tar.gz
UploadFiles/xwzx/2026/3/202603131625363397.png	3126142	bac311bbe367c97ff49aa0b771cd5834facc09936b70dd29a95030c5e127773d	archive-xwzx-2026-part-003.tar.gz
UploadFiles/xwzx/2026/3/202603131625363748.jpg	2612368	a026bad25168d7cf682a0b2e5452141734993aacb26e5935ef95638cb6f62958	archive-xwzx-2026-part-003.tar.gz
UploadFiles/xwzx/2026/3/202603131625364792.png	304654	c6d3a24694e2ef055658843a7c6343050bc25c218a92325317e50dbb48548d31	archive-xwzx-2026-part-003.tar.gz
UploadFiles/xwzx/2026/3/202603131625365098.png	420321	fbbf3c38662d59e8a51dda0c2b7ec1fefb862cd86a4914f34f8a5edb3aae0dc8	archive-xwzx-2026-part-003.tar.gz
UploadFiles/xwzx/2026/3/202603131625365206.png	2848796	6e8f85b021edf1b58a968cecd74f5236e0980d97b61145a88291a0fb55b6eb20	archive-xwzx-2026-part-003.tar.gz
UploadFiles/xwzx/2026/3/202603131625367891.png	231995	da120ac2e71947337bd90df06db1b3833158fe621609248c3cf8d4b5232ccd3b	archive-xwzx-2026-part-003.tar.gz
UploadFiles/xwzx/2026/3/202603131625368519.png	551313	9bd64d50997445732c2301bcd3bfb3ba7ef8c802e9d91b8dd5481af6b6ecc415	archive-xwzx-2026-part-003.tar.gz
UploadFiles/xwzx/2026/3/202603131625371126.JPG	625069	562ec20e744369e5eb15d9d1e98e10df7b29bef725a897995508bd3a10e71feb	archive-xwzx-2026-part-003.tar.gz
UploadFiles/xwzx/2026/3/202603131625372108.png	288206	5d9c4a4cd71e7cec045702655ab4b48dcc8b04da49596c2f9a20117954fe0fa0	archive-xwzx-2026-part-003.tar.gz
UploadFiles/xwzx/2026/3/202603131625372134.JPG	2847432	e8e4a2b8bea26fa0287bb7c23e40d6db84c68f70ae485fde2483ef955f07a248	archive-xwzx-2026-part-003.tar.gz
UploadFiles/xwzx/2026/3/202603131625373672.jpg	71335	8583bea9a5f757c1cb8e04d69d2bf0a15d7a84cfbe2bec9730548a9469af7ce0	archive-xwzx-2026-part-003.tar.gz
UploadFiles/xwzx/2026/3/202603131625374049.png	170788	de02f94dc3fe9f5ea9226acf6c2f48525566d9d310c44c92f49429892d0834b3	archive-xwzx-2026-part-003.tar.gz
UploadFiles/xwzx/2026/3/202603131625374421.png	218227	472e3634e7b01daf97e4a573ec2041d6f672886694a6985ffb2684d5b0e3cd35	archive-xwzx-2026-part-003.tar.gz
UploadFiles/xwzx/2026/3/202603131625375023.png	491239	28212fa0e4c37626df9120c1bf40acf89ec52b3c5848511d58957c48892cde82	archive-xwzx-2026-part-003.tar.gz
UploadFiles/xwzx/2026/3/202603131625375213.png	390101	5d9eaf5b013af610d3811254a02941bb6f9c4f10c052e33da1020f527f38ff68	archive-xwzx-2026-part-003.tar.gz
UploadFiles/xwzx/2026/3/202603131625375419.png	267207	65194be1f329d4858d684c07c2df367ec53e83f9e28aaa8340972271e00ed48d	archive-xwzx-2026-part-003.tar.gz
UploadFiles/xwzx/2026/3/202603131625376514.png	332370	c62cf7bb1ea30d69aad6306c1e44e567d5d65efa9b7de0af69cb12dac657a4cc	archive-xwzx-2026-part-003.tar.gz
UploadFiles/xwzx/2026/3/202603131625377884.png	660489	b53c5c117993e84c348ca7ed65fdaf900a414519d8bd733d304c7f3e5a45e152	archive-xwzx-2026-part-003.tar.gz
UploadFiles/xwzx/2026/3/202603131625378201.png	837415	d3fcbdbc418a615db41fa2d6ccfdac311bedd1e6dc218395e3b6c64f51956681	archive-xwzx-2026-part-003.tar.gz
UploadFiles/xwzx/2026/3/202603131625379156.png	542715	c518764c5914dc2bf800bdcd6b4950a1be99c5ef4e416261aa2375b4d35e943d	archive-xwzx-2026-part-003.tar.gz
UploadFiles/xwzx/2026/3/202603131625387620.png	1005409	3274da9d0c92d015a7ca5afa6d9b57647b05719c3438f9d41723218202c245cd	archive-xwzx-2026-part-003.tar.gz
UploadFiles/xwzx/2026/3/202603131625389994.png	46076	699fbf78b659a993c85f471188bfc7d34f4dba1166654ecc14a5a5daa3e83079	archive-xwzx-2026-part-003.tar.gz
UploadFiles/xwzx/2026/3/202603131630471002.png	70122664	008bf5847d83380a996b09ec8d4bc72602e99463f15d9901d102e1795f10a066	archive-xwzx-2026-part-003.tar.gz
UploadFiles/xwzx/2026/3/202603131630498894.png	10730429	810ae14bc526e24371fbab0e5a2dec5cc46db4158abb1f43930f1024f3cc065f	archive-xwzx-2026-part-003.tar.gz
UploadFiles/xwzx/2026/3/202603131630540507.png	72678043	d15dd879645a25ead1099b940194579e7b0c5eea4ed79bd51b6c3dee5f2edc35	archive-xwzx-2026-part-003.tar.gz
UploadFiles/xwzx/2026/3/202603131631028817.png	69928085	8b92e7dc472fa51df605244757e2c6b3e87f0925c1fba83221242559636b0f4f	archive-xwzx-2026-part-003.tar.gz
UploadFiles/xwzx/2026/3/202603140839090975.png	279674	69cd00075b90eccef7bad0eb54f9b3b5cdf82981e0d119631649e640a57c6c54	archive-xwzx-2026-part-003.tar.gz
UploadFiles/xwzx/2026/3/202603141242362830.png	400121	8c7f55d37d814b705ac21d1c63cb16731f72deb0a1155519297620a8ed5b63cc	archive-xwzx-2026-part-003.tar.gz
UploadFiles/xwzx/2026/3/202603141242364176.png	395078	69f3eae8cadec3f6a4e9d9eebe69780d6637265cb4d05712eb4c5ef1583a9b37	archive-xwzx-2026-part-003.tar.gz
UploadFiles/xwzx/2026/3/202603161052314914.xls	20992	d96b2177d6a4884982d483876ef111c43e1594053b1b46a8a6fb07c0ce8002d6	archive-xwzx-2026-part-003.tar.gz
UploadFiles/xwzx/2026/3/202603161053598230.docx	13471	2e430be463a8fa2261fb58ccbdde07f76b190b3af0f342da44030f3577f904e7	archive-xwzx-2026-part-003.tar.gz
UploadFiles/xwzx/2026/3/202603161055235141.docx	13830	23d6baf416bc5044aeb847cac8a1a3bbeea09352ef59032766af2e2f41246169	archive-xwzx-2026-part-003.tar.gz
UploadFiles/xwzx/2026/3/202603161119538315.png	185448	fffc64f9e96ee625f74effec79daf0bcd1b733a7c6239a3f2725286d35c88cc4	archive-xwzx-2026-part-003.tar.gz
UploadFiles/xwzx/2026/3/202603161453580627.png	30123	cd3017e96c18a785d3d26513b65719bb55c067b0b0189c9340d0aa63652de58a	archive-xwzx-2026-part-003.tar.gz
UploadFiles/xwzx/2026/3/202603161534156308.png	31143	f1353f7bc256dcc99ba7c376b4aa5518c312f4e0ebaf52d529048d32ed647590	archive-xwzx-2026-part-003.tar.gz
UploadFiles/xwzx/2026/3/202603161632435101.doc	25600	b77d80d48807fec1039056999e658be2a00e25d946aa732b75675850e8cb1cff	archive-xwzx-2026-part-003.tar.gz
UploadFiles/xwzx/2026/3/202603161644599679.JPG	224693	d4096a53a7ca2e043d537b387a2d6fb1c1b68018a850f91615fa054a997c1c09	archive-xwzx-2026-part-003.tar.gz
UploadFiles/xwzx/2026/3/202603170930241853.png	31068	fe124018ea4b539e2d01886ea2e31b880146b865ad55bae006a4f9f33214c645	archive-xwzx-2026-part-003.tar.gz
UploadFiles/xwzx/2026/3/202603170954527620.pdf	790437	7c48536f3621f2d6be214ad0459e4dbf642163457ff95204a453f9930530d0ae	archive-xwzx-2026-part-003.tar.gz
UploadFiles/xwzx/2026/3/202603171117053695.png	71363	010e6761f3005ff311aef669a5dd417e7384645267579ca6331b489ea0ed1f14	archive-xwzx-2026-part-003.tar.gz
UploadFiles/xwzx/2026/3/202603171524258541.png	31822	cff0720b8baf47deecc7631febae29e8e4f374fe35d7a8ffe8e5e3d1d002f6fa	archive-xwzx-2026-part-003.tar.gz
UploadFiles/xwzx/2026/3/202603180915264248.JPEG	968749	c470dce023abc8c41ebdf22c0ca360efe4e079e63ea09b4842ef5ab75aac8528	archive-xwzx-2026-part-003.tar.gz
UploadFiles/xwzx/2026/3/202603180915272383.JPEG	1310247	e9eb3c634d902fe7cb971ec77985cd1aae3817a370299da08abf3dbc70f5cd28	archive-xwzx-2026-part-003.tar.gz
UploadFiles/xwzx/2026/3/202603190823510787.png	31410	266e8a0fb52570e5cfa2ec98f0f119fbc2af481178af88f8b57be790b650c95f	archive-xwzx-2026-part-003.tar.gz
UploadFiles/xwzx/2026/3/202603191550517641.png	31741	ad0377441a8fc3ad391c1bfb9b5fec8449189885e0e793cfa69a4c8122d712c2	archive-xwzx-2026-part-003.tar.gz
UploadFiles/xwzx/2026/3/202603191552207552.png	37550	3c10d8562328e164d7fd6a816f67f03a828a65b4b71ca8e92090b998d9eb6267	archive-xwzx-2026-part-003.tar.gz
UploadFiles/xwzx/2026/3/202603200832119694.png	31416	7cbb5eaa36ddc6837e4e75a036f5e479e7254fce82e2ad179d421962f9478f80	archive-xwzx-2026-part-003.tar.gz
UploadFiles/xwzx/2026/3/202603201103107658.docx	15532	cbb1b05889a67e773930f1fec27b1dbf1bed57e26cc58fe39365e422962ab2ea	archive-xwzx-2026-part-003.tar.gz
UploadFiles/xwzx/2026/3/202603201108327183.docx	17962	ad77581f0db4a8b74df5c0efea891a5bf05b15e7fa2f7e77be91bccb0d98d01a	archive-xwzx-2026-part-003.tar.gz
UploadFiles/xwzx/2026/3/202603201108493942.docx	28612	7fc977362cf70778641c2af174b0f4e7a9bb752a217aece9e864de913359b2bf	archive-xwzx-2026-part-003.tar.gz
UploadFiles/xwzx/2026/3/202603201109023398.docx	1201382	5bc20019d70b29cfbcfa79a7b333736b35d007cdf432e03af90cd9e649053508	archive-xwzx-2026-part-003.tar.gz
UploadFiles/xwzx/2026/3/202603201109131283.docx	18690	b471da6a3f8b54415b34f33b4b7a3b159b4cf6600b6849c4d7c4f61d5f600d67	archive-xwzx-2026-part-003.tar.gz
UploadFiles/xwzx/2026/3/202603201506444331.png	35872	fcb429191f46d7ecf85468eda8d465c9e1a5e47dce966662e0bf6cae79894d9a	archive-xwzx-2026-part-003.tar.gz
UploadFiles/xwzx/2026/3/202603201654069997.JPG	179361	df45a24dd8efe5279854fa604d72376b0b50d1b0da2d2844356b8c62674ca09e	archive-xwzx-2026-part-003.tar.gz
UploadFiles/xwzx/2026/3/202603230822093990.JPEG	976584	f5bd1ecfd1292400e79643be4a4e8f8976edde8b6c1fb53d4afad9d844888d35	archive-xwzx-2026-part-003.tar.gz
UploadFiles/xwzx/2026/3/202603230952544154.JPEG	1568610	da403a2954fb2a848f9b2c2280f04b40d71edd24208a6afb5c27f297006999d5	archive-xwzx-2026-part-003.tar.gz
UploadFiles/xwzx/2026/3/202603231422527398.png	37689	bd7f670572ec1ac26ba2b977a78b3de8528956df160f984f706f7aa02590a583	archive-xwzx-2026-part-003.tar.gz
UploadFiles/xwzx/2026/3/202603231424063841.png	37870	47fcb2c985a966df17c7348268f40966b07c8e6cbf399e41652aa91d5dcd8e7d	archive-xwzx-2026-part-003.tar.gz
UploadFiles/xwzx/2026/3/202603231425169883.png	31495	368024c8376c058b2549dc28d5730ab9dd4dbf09cde489080cb839bcb31e7620	archive-xwzx-2026-part-003.tar.gz
UploadFiles/xwzx/2026/3/202603231543344903.jpg	1080051	546aabe578230b070b4dcb38fcf40e89f0426914368229f5e529edaa7df7c0d3	archive-xwzx-2026-part-003.tar.gz
UploadFiles/xwzx/2026/3/202603231546143564.png	6293487	f00d2fef20e047a58ed212c2f36768b4020ab6c51a70033d762388da95623eaf	archive-xwzx-2026-part-003.tar.gz
UploadFiles/xwzx/2026/3/202603231546165685.png	8830664	0b77f4087b37db401524be904cafa4538f5e72cbd4ec6e90ea977080546b18de	archive-xwzx-2026-part-004.tar.gz
UploadFiles/xwzx/2026/3/202603231546167473.png	5392926	79a2c9fe7961f94763fde55618c384e175239485850ee6a9ad06b418a06d7209	archive-xwzx-2026-part-004.tar.gz
UploadFiles/xwzx/2026/3/202603231546179660.png	8946631	170ba34b654ab240afcdfa1483b24ec8f5e724eeca6d1542cc8db958ce4329c9	archive-xwzx-2026-part-004.tar.gz
UploadFiles/xwzx/2026/3/202603241419539369.xlsx	9720	36cce5d8314d8cc635e9e1576a0ba83b3d8475c18a4aa744ab6b4bfae4e0e86b	archive-xwzx-2026-part-004.tar.gz
UploadFiles/xwzx/2026/3/202603241554310196.png	31659	9c85b10bff8ac7c55d31aa0c210265e9f46b0bfb3802eab6b50a74c7bcf46ee4	archive-xwzx-2026-part-004.tar.gz
UploadFiles/xwzx/2026/3/202603241555523185.png	38072	a87c5b843544dba31d86583e2d48fd30183db72325ec336006a1fefe7ed15a0f	archive-xwzx-2026-part-004.tar.gz
UploadFiles/xwzx/2026/3/202603251440438563.png	37743	7f39015c7b33257726f8155cf00d600632da9fdb344fc9f891325d4e9a42fb3f	archive-xwzx-2026-part-004.tar.gz
UploadFiles/xwzx/2026/3/202603251441445999.png	38116	a4e3b53ad0f5e44ef13a862d1a17f74570ea05afec8e5865c1c21bc40638a911	archive-xwzx-2026-part-004.tar.gz
UploadFiles/xwzx/2026/3/202603261202491896.png	226248	6f31c48b1654f13a7470314934ff1a9727c2d0ac9a02546cfe9619bd09490fa2	archive-xwzx-2026-part-004.tar.gz
UploadFiles/xwzx/2026/3/202603261202504708.png	201221	62798719d31b80285224a5c28c7eaf62a7a910a311f57921874895c9a1bd0724	archive-xwzx-2026-part-004.tar.gz
UploadFiles/xwzx/2026/3/202603261523092719.png	38030	23e98773ab3f27acfc7ed79f85faa094cd28ff05c5268eabad2d28b333949324	archive-xwzx-2026-part-004.tar.gz
UploadFiles/xwzx/2026/3/202603261541393660.png	376610	9b3a9e9c7aaa9c1d772b57db16d2a0e0ba2354764e25b2b81dc2bda71cf3b6c2	archive-xwzx-2026-part-004.tar.gz
UploadFiles/xwzx/2026/3/202603261541394602.png	530714	fb74ceef286d3c8c77e6cf26b8d6c3c71a5a600d2116f2dbb7ba294c00c33a23	archive-xwzx-2026-part-004.tar.gz
UploadFiles/xwzx/2026/3/202603261542070774.png	427438	0670d4a628c296188804ccd834e0b019b8ecb9f5de47acf7d827bb5e4171e206	archive-xwzx-2026-part-004.tar.gz
UploadFiles/xwzx/2026/3/202603261542073878.png	43998	2c3ed1b78b9bf91a0a6736e66d17a7a2b3f5ba8f96638bcc16959c7361ddd563	archive-xwzx-2026-part-004.tar.gz
UploadFiles/xwzx/2026/3/202603261542074055.png	308692	f1c0d9f80e1264d4cb3c517e22a72c009d1f7954ea96e4c0c24ee84383bee5f6	archive-xwzx-2026-part-004.tar.gz
UploadFiles/xwzx/2026/3/202603261542075434.png	324552	b086fb288d35821e45db8a278aee033aaef00522d577b38a10a90f10736661a6	archive-xwzx-2026-part-004.tar.gz
UploadFiles/xwzx/2026/3/202603261542076680.png	236992	3ed0d5c6b73c394118144295233d563289fdd597e600b0ee1f266a940b17fa92	archive-xwzx-2026-part-004.tar.gz
UploadFiles/xwzx/2026/3/202603261542077330.png	283399	013d3f2c0005d6c148033ade566f72da7dbc439d569449e5fc850027f6ccf1f0	archive-xwzx-2026-part-004.tar.gz
UploadFiles/xwzx/2026/3/202603261542078046.png	241223	feb32a04f3ae17b3d9971aae49312e83746c43e8d804863a96deec6dc1fbb1b0	archive-xwzx-2026-part-004.tar.gz
UploadFiles/xwzx/2026/3/202603261542079438.png	279847	eba180db60f8e4c8a8231814e22704ef490535edbe5b54c33992fca355c65249	archive-xwzx-2026-part-004.tar.gz
UploadFiles/xwzx/2026/3/202603261542083584.png	126899	e27693179a8796eb4046d80808fd7c6e023467afb433e6cf0a894ae30dd48897	archive-xwzx-2026-part-004.tar.gz
UploadFiles/xwzx/2026/3/202603261542088095.png	381062	cfde86bfe241757d50004e6f0a77f3a38839e7a14bd6765071005517a9b13d86	archive-xwzx-2026-part-004.tar.gz
UploadFiles/xwzx/2026/3/202603261618281802.png	37871	6b3d20abbf77a146a68f7852bc4eed135fc60d61356b0f7fd54bf78aa209c87f	archive-xwzx-2026-part-004.tar.gz
UploadFiles/xwzx/2026/3/202603271432416673.jpg	96749	f2e276ddaaaceff247cf72b59e535fdff82b5e6979a0c833014212c52df69bb0	archive-xwzx-2026-part-004.tar.gz
UploadFiles/xwzx/2026/3/202603271443402026.png	37759	2a9090466a75699488e6e91e47ffaf7dfcba59b09756e78a494b31a8d7fcbf69	archive-xwzx-2026-part-004.tar.gz
UploadFiles/xwzx/2026/3/202603300803568572.png	120424	72fde1cbb0b0d1c1ae39976c5e78e11ff071d4852f935cc3c51b2b47b8303cc8	archive-xwzx-2026-part-004.tar.gz
UploadFiles/xwzx/2026/3/202603300805019767.png	172176	04247cfa4093e3fa66c6389f54d98825056b1aec1cb1f3c8cddf6cdaad7f2ed1	archive-xwzx-2026-part-004.tar.gz
UploadFiles/xwzx/2026/3/202603300806169309.png	210602	f417922bafb14ac25927163550d2a814ac7c5907551b89b6235803891263c8dc	archive-xwzx-2026-part-004.tar.gz
UploadFiles/xwzx/2026/3/202603301501478708.png	32234	01f8a40cd8f105828561eb6b9eb67d1f60e40c5144201fddfb393c273d02350e	archive-xwzx-2026-part-004.tar.gz
UploadFiles/xwzx/2026/3/202603301502125881.png	31955	fbca45eb4b1cc75166c7d23d27fb7192cc55a506374bd53abdc326ec3433ad3f	archive-xwzx-2026-part-004.tar.gz
UploadFiles/xwzx/2026/3/202603311050334649.png	88128	943622cf6c6e9d768f6d1ea4d9d97d04a4b275f14219ae3de119ef093b0361b5	archive-xwzx-2026-part-004.tar.gz
UploadFiles/xwzx/2026/3/202603311510327018.png	37772	2fa8208aaebb18879a46a10f276422d946de7adcf8dcf2dd9256aa3969899cf2	archive-xwzx-2026-part-004.tar.gz
UploadFiles/xwzx/2026/3/202603311558224653.png	228602	c12db3698bac0f7087e237525d852d52c6a12799e8dee204df2ced83c70af533	archive-xwzx-2026-part-004.tar.gz
UploadFiles/xwzx/2026/3/202603311558226677.png	248365	aac0fcfdcae938c742ed514ef4a6196752ce71b3f27ec99d15427fc295fa10a4	archive-xwzx-2026-part-004.tar.gz
UploadFiles/xwzx/2026/3/202603311559102336.JPEG	1398039	8f11a4dcff1f2db281cee8ccc8f543751768081cccdf89c0d7153afa8ec61108	archive-xwzx-2026-part-004.tar.gz
UploadFiles/xwzx/2026/3/202603311559106131.JPEG	985675	d816c477cff1d9e86e93ec89c2b4154d735a8c6c802194979ae2cb49dc82efd2	archive-xwzx-2026-part-004.tar.gz
UploadFiles/xwzx/2026/3/202603311559107679.JPEG	1294245	d6827951af3646ce240122ea4e1c721b593a7f1fa107be529b1ab7f0f9f148be	archive-xwzx-2026-part-004.tar.gz
UploadFiles/xwzx/2026/4/202604011005178542.png	423067	8ef26ba156b9303fcc63bd9d747c66d54cf285271dd2471a6e5538fed553a936	archive-xwzx-2026-part-004.tar.gz
UploadFiles/xwzx/2026/4/202604011044338329.png	57219	7668264077630d618fa0a0f9ec6f9cd1b250d9fc3dc9f05a2d54002b545fc3d0	archive-xwzx-2026-part-004.tar.gz
UploadFiles/xwzx/2026/4/202604011047193736.png	41210	08911c379719715c77a64602ed19e0cec11b65ec247657ea0a58a7147a683039	archive-xwzx-2026-part-004.tar.gz
UploadFiles/xwzx/2026/4/202604011456531210.png	37008	a3ad14dd8624e8d4cfb3a8fc5654db9d6e8c4e2ac8ec1dc87d36faea0fd665fb	archive-xwzx-2026-part-004.tar.gz
UploadFiles/xwzx/2026/4/202604021105118210.png	37946	dc0fd6d5f59d5113bd555693836b5405d50856826fc47065112729e39ebbe0da	archive-xwzx-2026-part-004.tar.gz
UploadFiles/xwzx/2026/4/202604021325041162.png	318199	31bde9d7e186045df965b58c9dda81a608e5fcfec50fb3ad30bed0e85c533271	archive-xwzx-2026-part-004.tar.gz
UploadFiles/xwzx/2026/4/202604021325043375.png	315357	3376c35d9487d81fbe37f85216af84739e3cf85b21cd46dbe1d7d28c1ea23ca5	archive-xwzx-2026-part-004.tar.gz
UploadFiles/xwzx/2026/4/202604021325043815.png	302580	e698e7d8901210a80d778f193af1a3ad72754608ee06b00ab1489b9ddd78aa85	archive-xwzx-2026-part-004.tar.gz
UploadFiles/xwzx/2026/4/202604021325046428.png	263672	237fb70d23c2c8b9f994f24dbdd403670195575f83b819d715b74935f477b74a	archive-xwzx-2026-part-004.tar.gz
UploadFiles/xwzx/2026/4/202604021325047458.png	296974	09c747d59b6b6707517ccc1fe6d3cac5b683d18f26885419b07c0ed21c7ae361	archive-xwzx-2026-part-004.tar.gz
UploadFiles/xwzx/2026/4/202604021325047943.png	257827	abec040e975af5c283a1111469704c3ae4401cd18d4d31d0faa1737f51aab18e	archive-xwzx-2026-part-004.tar.gz
UploadFiles/xwzx/2026/4/202604021431356128.png	80066	2fa726f08019ee344062d26aa15d97380d53dcdd3e77cc0135dea8fcb249c62e	archive-xwzx-2026-part-004.tar.gz
UploadFiles/xwzx/2026/4/202604021507406865.png	37804	ad5918579999fa1c4d5e188fe6ddf347da89327adbb8daaba53628f3071de5b8	archive-xwzx-2026-part-004.tar.gz
UploadFiles/xwzx/2026/4/202604021510578080.png	37899	d778186a0c0d10e6ee84be24cf81a9422fbfacd65166a3697a31009672732a05	archive-xwzx-2026-part-004.tar.gz
UploadFiles/xwzx/2026/4/202604021623517496.jpg	1968144	6c16ccdf59f79ca2f97686c63f57159bcfb9017ad8347802ff3b4ae02d9b7361	archive-xwzx-2026-part-004.tar.gz
UploadFiles/xwzx/2026/4/202604021624134855.jpg	2666388	d415f631f0165722c5a8f5c76f2c776d7de9c6518d81dc8b011bb7f6aead9f85	archive-xwzx-2026-part-004.tar.gz
UploadFiles/xwzx/2026/4/202604021624134978.png	2591050	40c8e25c14822a766a06dcdf3d4eb7a7679f69f349bbce8d75e4e46ef8e2fe6d	archive-xwzx-2026-part-004.tar.gz
UploadFiles/xwzx/2026/4/202604021624135266.jpg	3403216	d5a35fc293a14388c9a9a30c67bd7656eef10bab99203356a4682932742e776e	archive-xwzx-2026-part-004.tar.gz
UploadFiles/xwzx/2026/4/202604021624139689.png	4938522	022601221a2498823146448c5f3391cf0dd7efcd20847d245facd33f85e474e5	archive-xwzx-2026-part-004.tar.gz
UploadFiles/xwzx/2026/4/202604021624140898.png	8961786	e73bf169df6d797358342bd3efb45a836ed5388bf760b8610ef9645e5ac41cd6	archive-xwzx-2026-part-004.tar.gz
UploadFiles/xwzx/2026/4/202604021624142840.jpg	250968	b23d2cc1a2bc0421fbb9a3f3b2a9c07cdaccd5bbda83acd0f799f9ba8475dbb4	archive-xwzx-2026-part-004.tar.gz
UploadFiles/xwzx/2026/4/202604021624252542.jpg	2083688	cb4b6575ee9fd596777fa2fc46a98692132015ff3fef5f154491b616eb5401ca	archive-xwzx-2026-part-004.tar.gz
UploadFiles/xwzx/2026/4/202604021624254537.JPG	2246100	d7ee8f61287f3a60153628a50839a5d292f635c96e73ac95acd0f23122c33fa3	archive-xwzx-2026-part-004.tar.gz
UploadFiles/xwzx/2026/4/202604021624262152.jpg	3495319	293d75c4af02ca50c4b337161f3db8e748e31b67b50ac270c44de4f068b8b3f4	archive-xwzx-2026-part-004.tar.gz
UploadFiles/xwzx/2026/4/202604021624265647.jpg	2764465	c6211726d45aad2100245101e01d99d7a7bbd874ca2c4093aea5cd36450a8cf7	archive-xwzx-2026-part-004.tar.gz
UploadFiles/xwzx/2026/4/202604021624452874.png	5531888	9caf27240e8bd6e240ca10b422001f7c309a2a575fc8b9133c0b1e609ccbb9cb	archive-xwzx-2026-part-004.tar.gz
UploadFiles/xwzx/2026/4/202604021624535856.jpg	1156092	a95be0fe014fa7b14ec6a68db2c2e1efc8718f3302885597d7531bf2f32cc46f	archive-xwzx-2026-part-004.tar.gz
UploadFiles/xwzx/2026/4/202604021625049857.png	5139668	59d25adac5efa7148b221522d115fc16b725a0a2a6af483cf7a607c9a511925c	archive-xwzx-2026-part-004.tar.gz
UploadFiles/xwzx/2026/4/202604021646434251.png	11691	0b97f6026eade87e6c2b90225145685a1c9bc09eae9e04e275829f875b7eb403	archive-xwzx-2026-part-004.tar.gz
UploadFiles/xwzx/2026/4/202604030815339893.png	132858	98c508aff5c145fff19900a0b6b7e2d1f9e828f6c5aeb7aa6df2094da2879c44	archive-xwzx-2026-part-004.tar.gz
UploadFiles/xwzx/2026/4/202604030826157743.png	873553	ba67d87037b1fc0d9e9a2f67d71d8f8c60c44171c578c7daa8c229ff13b5d94e	archive-xwzx-2026-part-004.tar.gz
UploadFiles/xwzx/2026/4/202604031533095969.png	36936	ae0a5306bc5686ba0ace39a73516aa7fbfd2d047564fa615683b2a05409aefb9	archive-xwzx-2026-part-004.tar.gz
UploadFiles/xwzx/2026/4/202604031556364562.xls	775680	558874fc45841b5c2378efe25f5c366d5cad0c840fda95ea97375217507bf7b2	archive-xwzx-2026-part-004.tar.gz
UploadFiles/xwzx/2026/4/202604070802012454.png	44328	0b6d4f9d214c68ef1129a5c5f9533e60d3ed0a99f526a4620d567837f241da9e	archive-xwzx-2026-part-004.tar.gz
UploadFiles/xwzx/2026/4/202604070803019814.png	42733	81f0d1a4692146eda6c6d78702f14a94d3588acca345ed99b9f7384bf739e567	archive-xwzx-2026-part-004.tar.gz
UploadFiles/xwzx/2026/4/202604070803559051.png	22626	61291334cdfe9882ab04ed280e15fed278faacde67e0151ff99459df6800db0c	archive-xwzx-2026-part-004.tar.gz
UploadFiles/xwzx/2026/4/202604070811187929.JPG	1892492	cf0f4abfe6c72f618a34cbdff673bfae1c10bf5be76e6cba5ebca3cd267c3529	archive-xwzx-2026-part-004.tar.gz
UploadFiles/xwzx/2026/4/202604070811190995.JPG	2185657	bc1045fc6f7a19c433c319487aac7fb8a9c79b5fd5f83eab94ce292918c21ff7	archive-xwzx-2026-part-004.tar.gz
UploadFiles/xwzx/2026/4/202604070811193600.JPG	1756492	b63d3ea9482910156d36fe360fe76e017bc2cf67659205bcbfd489f6a5c55eee	archive-xwzx-2026-part-004.tar.gz
UploadFiles/xwzx/2026/4/202604070811209504.JPG	1367510	7ed02150d66bb17d5e406a3fe35d9c3d812bf6ad4c0624bde54e8712b554b078	archive-xwzx-2026-part-004.tar.gz
UploadFiles/xwzx/2026/4/202604070811219853.JPG	1673858	6b25d5576e7c2871b85c25a12519138fdfe558cdbad2872d87c5695dc79356ec	archive-xwzx-2026-part-004.tar.gz
UploadFiles/xwzx/2026/4/202604070811222025.JPG	1521015	a52f61f1e01d14182fdc930c10b619384b5880a4fff33e5b0a681dc7b4203ebe	archive-xwzx-2026-part-004.tar.gz
UploadFiles/xwzx/2026/4/202604070811223865.JPG	1564685	e7056f90c695e617a9245c5342768833b8dd575e74ea2a283940dc296410953f	archive-xwzx-2026-part-004.tar.gz
UploadFiles/xwzx/2026/4/202604070811229850.JPG	1622577	5b6574efb3b8225b8e4957155b28ff02113f65bdb053a33c2b8d5c548f9b0d66	archive-xwzx-2026-part-004.tar.gz
UploadFiles/xwzx/2026/4/202604070812112539.png	11113	910a5bfd29b8b6c91df5cbcb04758177da5f05ada01d49b4c188400bce794f6a	archive-xwzx-2026-part-004.tar.gz
UploadFiles/xwzx/2026/4/202604070812150621.JPG	8022761	6e4536ac5a9ccf43a92c79e54f24defdd0b83c8c501811cf91d336b7a2701c06	archive-xwzx-2026-part-004.tar.gz
UploadFiles/xwzx/2026/4/202604070812174797.JPG	8355998	1320a2412e5d210fa42a52938428665a830f82c84b519ee84f19f683d6e90b57	archive-xwzx-2026-part-004.tar.gz
UploadFiles/xwzx/2026/4/202604070812178792.JPG	9604226	e46b7e106555506a53d509db49d39bef27bc001f05f485c631987af42cbd8366	archive-xwzx-2026-part-004.tar.gz
UploadFiles/xwzx/2026/4/202604070812219993.JPG	8149828	12f35a5a6f218f73a5339bd7672a09e09c9f6bad2c013fb126aa5a2736844479	archive-xwzx-2026-part-004.tar.gz
UploadFiles/xwzx/2026/4/202604070812248438.JPG	6889591	5871dfa3430d91d34e2508fb16a899425996c16e00c71b25d28aa8f06279d54e	archive-xwzx-2026-part-004.tar.gz
UploadFiles/xwzx/2026/4/202604070812252701.JPG	8191068	b9d9045529953f319b09873e6dedb81c7845021658671eb45f3aa7346fd8f6cc	archive-xwzx-2026-part-004.tar.gz
UploadFiles/xwzx/2026/4/202604070812264932.JPG	7128313	c6f2cb3bd8dea665b83f6bd8e92a0fd2994bd51f2ed1f24b1162b9d9336e71cc	archive-xwzx-2026-part-004.tar.gz
UploadFiles/xwzx/2026/4/202604070812294574.JPG	6894120	de0e1187add63e9d0c4666cabf2f82d4930476a71b136fd33b4ab8ad145ca028	archive-xwzx-2026-part-004.tar.gz
UploadFiles/xwzx/2026/4/202604070812312133.JPG	8533527	7ffaaae7b017b2970fb6ccdc803d458e27d7efdbea6f13c10688024eed7f9c2c	archive-xwzx-2026-part-004.tar.gz
UploadFiles/xwzx/2026/4/202604070812325495.JPG	6803070	43a5b445182c13f9e5ddd644553bb5cd6f1ae4afa9cd46ad398373b618220b99	archive-xwzx-2026-part-004.tar.gz
UploadFiles/xwzx/2026/4/202604070812339313.png	476400	904f6dc683e990c83980e767e61ea5ca3578896820fabf8e1ddce1f2ae9b940f	archive-xwzx-2026-part-004.tar.gz
UploadFiles/xwzx/2026/4/202604070812339861.JPG	6333834	9d5aa4d21715ceb1f2332eba2792b25f556c1d2deeb1a3ca8597b25554d8fffd	archive-xwzx-2026-part-004.tar.gz
UploadFiles/xwzx/2026/4/202604070812350977.JPG	7860111	ac66050da1ef2d1256bb796137431bd9c5290928665fd3bf4c0124b0b9cb84c4	archive-xwzx-2026-part-004.tar.gz
UploadFiles/xwzx/2026/4/202604070812382463.JPG	18856216	f0b60ade74fbe8de2b7c3ee7846de9a62be5e4cc5285649a6ebd0f66a55343ce	archive-xwzx-2026-part-004.tar.gz
UploadFiles/xwzx/2026/4/202604071515478667.png	37761	2e6f886ea8f125adb103ed46b3889a6be5d824269aa879013e53ac1eb8ce8d9d	archive-xwzx-2026-part-004.tar.gz
UploadFiles/xwzx/2026/4/202604071517497526.png	31577	177d4e22c1f12975a35b6974b586cdbf3121f01a84044a34f5b7b2eaadbbaab1	archive-xwzx-2026-part-004.tar.gz
UploadFiles/xwzx/2026/4/202604071521472467.png	31989	fb3fd31d16e25780e5651a71c9a73c7f67f3ea09f8c8141941058d8d3a3c8a24	archive-xwzx-2026-part-004.tar.gz
UploadFiles/xwzx/2026/4/202604081013548505.png	2056144	8bd6c9e56911f0347999e6f5050b4e2bce9b9f8afbeb9f68708e6bd7b8b2f22d	archive-xwzx-2026-part-004.tar.gz
UploadFiles/xwzx/2026/4/202604081016042865.png	1805423	6460f1b701ddbcc81363ef75523e8db80d847c745d3ed4dcc89128380ca50d91	archive-xwzx-2026-part-004.tar.gz
UploadFiles/xwzx/2026/4/202604081018322295.png	452370775	f8baf1eb1fa44bbd0f31f8fe4e617ed83c28926635fd2d71d2f685f2251486a5	archive-xwzx-2026-part-004.tar.gz
UploadFiles/xwzx/2026/4/202604081019534623.png	771538	4b218e4c94d56889173c123173d1f6dfa96fd68e8e17b5f048670cc6f8608337	archive-xwzx-2026-part-004.tar.gz
UploadFiles/xwzx/2026/4/202604081020332813.png	550547	3866feecc22b10b889ef0408924848e967fc5f39aefac325a217814388beb19e	archive-xwzx-2026-part-004.tar.gz
UploadFiles/xwzx/2026/4/202604081033364661.png	15505	f4d52dadf806441c808419210ab17e3c5b2b27b693cc02dcf9500970dd4fb737	archive-xwzx-2026-part-004.tar.gz
UploadFiles/xwzx/2026/4/202604081105004666.jpg	528735	eddfca5dad7fc3ca8bb8cb0ffa556d816fc74f9c35e80bcf2641bb705f001762	archive-xwzx-2026-part-004.tar.gz
UploadFiles/xwzx/2026/4/202604091429546304.png	43641	69028d0c98a90785f72877c937c70af2ea128549a459af64f3262e5e0ecef0cc	archive-xwzx-2026-part-004.tar.gz
UploadFiles/xwzx/2026/4/202604101416360121.png	370145	2e74481750b2eae702bede6914142da12ee2febf916a144c2f577f966d49cb7c	archive-xwzx-2026-part-004.tar.gz
UploadFiles/xwzx/2026/4/202604101416360790.png	383079	dd65167233d0d5ac08b6b61baef03d7cbcf702a2a0f1b1ac32f7426ca090b217	archive-xwzx-2026-part-004.tar.gz
UploadFiles/xwzx/2026/4/202604101552316431.png	32709	514f6a1c24ff6f059d3c4aee84ae02ccef6bd4333a661d64ef14e566e8639be5	archive-xwzx-2026-part-004.tar.gz
UploadFiles/xwzx/2026/4/202604101648259392.png	51975	4ea490de968eba013cbf38846ceaffc9c14ff960e6f687cf1654e04fb9c27e95	archive-xwzx-2026-part-004.tar.gz
UploadFiles/xwzx/2026/4/202604101714359590.png	39188	49dcd2e04237ee934b7e36ed8686fe483541d4793070f2254e269607f23d30fa	archive-xwzx-2026-part-004.tar.gz
UploadFiles/xwzx/2026/4/202604131406571344.png	32310	edab3260bbf69ad299154c62551b4165cd4c0c441065d8b1c9c4ba1316bcf936	archive-xwzx-2026-part-004.tar.gz
UploadFiles/xwzx/2026/4/202604131542301810.png	33097	1995fee378b98e52dcb503875cf8139860f9e43693dc449a7eef198845e2bc86	archive-xwzx-2026-part-004.tar.gz
UploadFiles/xwzx/2026/4/202604131543341693.png	32232	2985a28d832f89f16356ce7b3421d190d81aa7a2232c2a210defb0a8794eff8d	archive-xwzx-2026-part-004.tar.gz
UploadFiles/xwzx/2026/4/202604140805501720.png	250018	8035de95dcbe0e7db8b758c674b45d3e8181f76b14a172d2fd34dd88f87da401	archive-xwzx-2026-part-004.tar.gz
UploadFiles/xwzx/2026/4/202604141033252622.png	19494	aae47222235cbcbff7db91a0758177a6cbca9fb202640d9e28217f92e60f117b	archive-xwzx-2026-part-004.tar.gz
UploadFiles/xwzx/2026/4/202604141034208452.png	24478	9c04dfa7743c96602d19bd9caa7cdb5cafb2bc5e7a6dc449c8e44983dd43b71e	archive-xwzx-2026-part-004.tar.gz
UploadFiles/xwzx/2026/4/202604141455039445.png	31275	97f3e2622b76c64917f26cffefc07bfe451b5d3e60b6833cd34fd2abf3fce651	archive-xwzx-2026-part-004.tar.gz
UploadFiles/xwzx/2026/4/202604141547486103.xlsx	28495	6b6d158f1aa1a8898d23fbc1030e5527dade9ba0c3f512b90db38430bbf12a32	archive-xwzx-2026-part-004.tar.gz
UploadFiles/xwzx/2026/4/202604141548312450.docx	24149	0deca805639a5ae9d0fc504beb6fb8a86d5b4ba53c4192cf600cc3cd9bb120ce	archive-xwzx-2026-part-004.tar.gz
UploadFiles/xwzx/2026/4/202604141603308451.docx	15415	585634ea4258669bf0e79d654aba607a548ed735a80fcf3a2db7e973fa56bfa6	archive-xwzx-2026-part-004.tar.gz
UploadFiles/xwzx/2026/4/202604141605381560.docx	15789	0bdfee1f259d36eef70b10af3bf29fab5ddea2abcb023a136cb353dd6a4cf0bd	archive-xwzx-2026-part-004.tar.gz
UploadFiles/xwzx/2026/4/202604151019133398.xlsx	11841	ff2ab1d009e37cab2e292e14a642d577d69eebf3d8c2b8d16360281830c75f59	archive-xwzx-2026-part-004.tar.gz
UploadFiles/xwzx/2026/4/202604151019133734.rar	14367104	4eca64cd043016fe125548f44c6efbf128699271b1992e6f410be100a9e02be8	archive-xwzx-2026-part-004.tar.gz
UploadFiles/xwzx/2026/4/202604151447062838.png	346764	f9d357587553cf4eeeaf75c8d1f00bed911ffdb10026ba60e57d320a0fb77213	archive-xwzx-2026-part-004.tar.gz
UploadFiles/xwzx/2026/4/202604151508411650.jpg	1354337	54ebb9bf51a57fd5746d9102dcc0ff4979f6583daa0204667645d30c090abe53	archive-xwzx-2026-part-004.tar.gz
UploadFiles/xwzx/2026/4/202604151510188660.JPG	2543356	d68110bdabe1b8ec09678c1108cc1baeaf3d1af2fa8e431b82e494b645e47469	archive-xwzx-2026-part-004.tar.gz
UploadFiles/xwzx/2026/4/202604151511384997.jpg	260059	d7f367ee0bcfcbb36902996d2b544be1d77864272047e52dde0b9b8c99bbc291	archive-xwzx-2026-part-004.tar.gz
UploadFiles/xwzx/2026/4/202604151511539489.png	2992747	afa85ce55d5472e7890ca2be2b63f5d618b5ec0dc1394ae91f08de9ff3d0cc29	archive-xwzx-2026-part-004.tar.gz
UploadFiles/xwzx/2026/4/202604151512056332.png	929088	44058d806af2897d8f388321d87ede4eb2b68fa884066d894b5fca31c52d0eff	archive-xwzx-2026-part-004.tar.gz
UploadFiles/xwzx/2026/4/202604151512059438.png	923423	e10ca0143b67e14f6c503b4f5af153a1671c12b33903d7ea663641b7831ec644	archive-xwzx-2026-part-004.tar.gz
UploadFiles/xwzx/2026/4/202604151512061262.png	1003018	e5f065b743f8c8c152c0f83193fb7b1484010d96f299090d01ed2be6727d0a28	archive-xwzx-2026-part-004.tar.gz
UploadFiles/xwzx/2026/4/202604151512068834.png	914628	0a6c92a8ca41bc91a8aa22871a6f72e0241e374be42f61bef295e746f7c96bb7	archive-xwzx-2026-part-004.tar.gz
UploadFiles/xwzx/2026/4/202604151512183430.png	4354710	2f3672274b448bc510d62ebd0cfce1436e458cd00133c8e62dae6d3e518d3cfe	archive-xwzx-2026-part-004.tar.gz
UploadFiles/xwzx/2026/4/202604151512301165.png	188284	27ec3e393cc543a84531f64c5d666cabf279a16a18db9aa613f47cfe190459c9	archive-xwzx-2026-part-004.tar.gz
UploadFiles/xwzx/2026/4/202604151512305925.png	150302	9e61437e0a76f15476412562890ab24ab13615fad6d178f64498fc160f1e3d8d	archive-xwzx-2026-part-004.tar.gz
UploadFiles/xwzx/2026/4/202604151512309448.png	226097	69d59b35f6d650e520cac0339eeb2d3917b43a9ecb0b992aa5bee560fbc11dff	archive-xwzx-2026-part-004.tar.gz
UploadFiles/xwzx/2026/4/202604151512310199.png	4741740	b146b44b3855282a2fd84056a23c1d7d50a69a1d97109aeb58f993ea5ce972fb	archive-xwzx-2026-part-004.tar.gz
UploadFiles/xwzx/2026/4/202604151512464095.png	906161	9fb1932593d166f8aba70a9c9a1d92de7d80e1442b0364832393ae8fc394fc7a	archive-xwzx-2026-part-004.tar.gz
UploadFiles/xwzx/2026/4/202604151532354461.png	38123	5e5cfd8c2632b69a8e84fe7656ad1eccdcbbc7e8a7ddc63e17708d633e6e7df6	archive-xwzx-2026-part-004.tar.gz
UploadFiles/xwzx/2026/4/202604161412176488.png	555335	0dd89d9f6b1c14e46d2ce7a0a93f6dafb6f6ef7d7da434e4f1e780a82e3c61ca	archive-xwzx-2026-part-004.tar.gz
UploadFiles/xwzx/2026/4/202604161415390398.png	325936	861b33d8ffd5c38473c18153ffe0eec47aaccb6e40f80a5db3faea6a35b1292b	archive-xwzx-2026-part-004.tar.gz
UploadFiles/xwzx/2026/4/202604161415394508.png	433024	32803d64fc2aa1ca681945d6b93945af89aa050c16a8cd9aaf3e6196d0e225ab	archive-xwzx-2026-part-004.tar.gz
UploadFiles/xwzx/2026/4/202604161417161778.png	909083	6456c9636478fdeedf9b998164c620814d45352413b05819e8f1b8d3c43574ff	archive-xwzx-2026-part-004.tar.gz
UploadFiles/xwzx/2026/4/202604161417163081.png	429564	ae0560d8d14b6885bacb00492b7a1b4491b2571dbe2bb3fbe54f1c51bfedc4eb	archive-xwzx-2026-part-004.tar.gz
UploadFiles/xwzx/2026/4/202604161423147126.png	982806	f9e4e120340758773d1614a605b5e81a42b8c546d528fda57d3cdf701db9838b	archive-xwzx-2026-part-004.tar.gz
UploadFiles/xwzx/2026/4/202604161459140925.png	562717	cebffeab2c6a74feff03926f0237b5ea44822ec73ffee6025ff987f6128ea733	archive-xwzx-2026-part-004.tar.gz
UploadFiles/xwzx/2026/4/202604161500468560.png	802994	22536a11dd01b8a27ca5c29d22b090dcd65d1850b653a4affd53ed1f4b9d0630	archive-xwzx-2026-part-004.tar.gz
UploadFiles/xwzx/2026/4/202604161502237255.png	110378	91d84cd808081e8736f15e1a432b16d354c79ef9a00778e6ab2d93e24c3828b5	archive-xwzx-2026-part-004.tar.gz
UploadFiles/xwzx/2026/4/202604161553525235.png	37879	88c17b944d4f9116ad4eb51a6723a9e83a0160bef8cd2cc0c5e5f998f8bcd4d2	archive-xwzx-2026-part-004.tar.gz
UploadFiles/xwzx/2026/4/202604171434388660.png	70324	16d11f106ba8ec76063ee9c41e3eaa8fb7a1b03880d5718631999353dafad392	archive-xwzx-2026-part-004.tar.gz
UploadFiles/xwzx/2026/4/202604171532095414.png	37101	2ccb01dfd639809900a2239062a4baa5038876ed41a282dd1141b6b1c8ae31c7	archive-xwzx-2026-part-004.tar.gz
UploadFiles/xwzx/2026/4/202604172034337230.png	81126	ad7c59274543c00dd4dfeb5af415cfa8e2923b8176e178d5281a745c5329caf7	archive-xwzx-2026-part-004.tar.gz
UploadFiles/xwzx/2026/4/202604200815040100.docx	150270	01495bbc3c011d6ff2f2361e11e93b627adaee5ef495ad5982da645381bfb617	archive-xwzx-2026-part-004.tar.gz
UploadFiles/xwzx/2026/4/202604200815171580.docx	151548	97824dcd022c5d6d88cedba39f75c9a8b27c45009278fc611a2ab87ebd14cc54	archive-xwzx-2026-part-004.tar.gz
UploadFiles/xwzx/2026/4/202604200815284951.docx	90793	ce335947eb44adfe928deeea1bddd312b7dde5a298f2f7d8885a98e1f6536784	archive-xwzx-2026-part-004.tar.gz
UploadFiles/xwzx/2026/4/202604200815393487.docx	136427	7e8fa706481b86b88b71d2cc7ee2e7c08d016fffcbe062110e813b3fde4e4bc9	archive-xwzx-2026-part-004.tar.gz
UploadFiles/xwzx/2026/4/202604200815529672.docx	89027	82512084d6dd755c69bec9e800f85ab1703ce0b9c3ebd099fe4949542cf5d244	archive-xwzx-2026-part-004.tar.gz
UploadFiles/xwzx/2026/4/202604200819388550.png	11245	c101b721a3bc3145352ce9e6b595136865c80d4dca0d2ca19c588d26e9b2cbb7	archive-xwzx-2026-part-004.tar.gz
UploadFiles/xwzx/2026/4/202604200843258550.png	37750	ac8c935053b0e881bb9c830bf4cdb2c5ffcfebf42b871b6def5e8961afd3b091	archive-xwzx-2026-part-004.tar.gz
UploadFiles/xwzx/2026/4/202604200946125080.png	178637	5d9c5f307a4d65f92682c3fab33c79bffaf9a7a81c5dbf192d42ae7b77108ea8	archive-xwzx-2026-part-004.tar.gz
UploadFiles/xwzx/2026/4/202604201032360710.jpeg	777140	105ec123a0ea2bb324ff71020f976948b9be2cd4943030b5674a7ece106e79ee	archive-xwzx-2026-part-004.tar.gz
UploadFiles/xwzx/2026/4/202604201032364962.jpeg	739848	89647841d91b262ac61d473ff2d43e96ddf11fe534c6189d2cb19fde767eaed5	archive-xwzx-2026-part-004.tar.gz
UploadFiles/xwzx/2026/4/202604201032366941.jpeg	680223	71eebed202ad2104cc243204019ed35316bd6f5d1fe011a7b0d4d90e06965f36	archive-xwzx-2026-part-004.tar.gz
UploadFiles/xwzx/2026/4/202604201032471100.jpeg	707066	8f993be8a22aff544c34a9932e2c32c1b8ad77139a37a1fe1021c223520b649d	archive-xwzx-2026-part-004.tar.gz
UploadFiles/xwzx/2026/4/202604201032477736.jpeg	757674	a646d8135768fdab8eb276abfcc9e6981b704b335156c729a88fe53bc84a64bc	archive-xwzx-2026-part-004.tar.gz
UploadFiles/xwzx/2026/4/202604201033001563.jpeg	826467	4b69388c3eda4276feb4c931e5bdd7a347b903fe074d48fdaf6b913bc5d864ec	archive-xwzx-2026-part-004.tar.gz
UploadFiles/xwzx/2026/4/202604201033002747.jpeg	763069	dcb25cb1b7a9abac256756e4b2ffbb88d6e06c00aa3cd4e99077c9f7af246e39	archive-xwzx-2026-part-004.tar.gz
UploadFiles/xwzx/2026/4/202604201033002756.jpeg	855223	a4e0d76bda7278af8f6cae861c4d584664452ce171aee1edf2c0ac015e838259	archive-xwzx-2026-part-004.tar.gz
UploadFiles/xwzx/2026/4/202604201033002896.jpeg	740112	c20ed6dc20a657a9b75e952aab2a0dfc92fb60126078e60eee8e8c4128d58b9d	archive-xwzx-2026-part-004.tar.gz
UploadFiles/xwzx/2026/4/202604201033130211.jpeg	999508	3a11099ac97fc16593ea405d0997c43f608e821b8907c8eb7324a22b37abe905	archive-xwzx-2026-part-004.tar.gz
UploadFiles/xwzx/2026/4/202604201033130998.jpeg	452937	98f587227126e3d634d071e69e470988f5571a33aed619b9ecc242bdc6e62226	archive-xwzx-2026-part-004.tar.gz
UploadFiles/xwzx/2026/4/202604201033131486.jpeg	870259	5a9b71d8dc076dae7ca86423482e2e2cfce02eaa25da28e0c6260ac5aea3f4ff	archive-xwzx-2026-part-004.tar.gz
UploadFiles/xwzx/2026/4/202604201033131944.jpeg	495181	05c40ac66d7742922a8b3f8806673888f858cfa0e5f8732223ebc3949a0a0177	archive-xwzx-2026-part-004.tar.gz
UploadFiles/xwzx/2026/4/202604201033132711.jpeg	775305	b514a6e31e412c906138d81fcb3ea7d0b07d47990c7e440c4b31942feff87be6	archive-xwzx-2026-part-004.tar.gz
UploadFiles/xwzx/2026/4/202604201033134601.jpeg	481936	e927e8261eb841544abede8e915d3bf9335d71c437eb65e9fa77306e6a1fd05e	archive-xwzx-2026-part-004.tar.gz
UploadFiles/xwzx/2026/4/202604201033135870.jpeg	1063581	29f80838616f0a79e80ff1c95745452b36e635cadcd7aa206a01735f9af3ec2b	archive-xwzx-2026-part-004.tar.gz
UploadFiles/xwzx/2026/4/202604201033137762.jpeg	507758	8c913f9d050c6fcce40c5f35c974795a43aaf504ee63fd6978f5e25b867245cd	archive-xwzx-2026-part-004.tar.gz
UploadFiles/xwzx/2026/4/202604201033138281.jpeg	528475	05351c8c4eb3f838f22b0f2b8fd86358f528e9851e756207f2f720c51a915f72	archive-xwzx-2026-part-004.tar.gz
UploadFiles/xwzx/2026/4/202604201033140843.jpeg	537158	7239307fe04788693fa48bd7d504a0c4525a1d567f2ee236d85a6743c761738c	archive-xwzx-2026-part-004.tar.gz
UploadFiles/xwzx/2026/4/202604201033146779.jpeg	783419	054f86222568a0c5a6daca4f335766b7e225374f66a64b5d050b1303cb94ea86	archive-xwzx-2026-part-004.tar.gz
UploadFiles/xwzx/2026/4/202604201033148327.jpeg	688373	1e842d403942e006881556b38bb9ad988098d8459b07b9c01989a723c610f9ac	archive-xwzx-2026-part-004.tar.gz
UploadFiles/xwzx/2026/4/202604201033149294.jpeg	542545	7fbaa49c9478d79a6c54ddd65d4f8a9a950c5295bcfd875d57021f39dbb22212	archive-xwzx-2026-part-004.tar.gz
UploadFiles/xwzx/2026/4/202604201033149569.jpeg	916279	0c552a657359669beb37fc1a888e31fd550ae1d4d0efb5271bafa5cc977a01e9	archive-xwzx-2026-part-004.tar.gz
UploadFiles/xwzx/2026/4/202604201033338416.jpeg	718936	9e1f590749050d147d32ecd845826bb1ba5372c5d2dd7dc28c0dbb6d260ca7bd	archive-xwzx-2026-part-004.tar.gz
UploadFiles/xwzx/2026/4/202604201033338953.jpeg	731462	ffc6f39bcb575daf3cf81b4f768e5f7266c7031a2094eaafba2068487abf62af	archive-xwzx-2026-part-004.tar.gz
UploadFiles/xwzx/2026/4/202604201033341091.jpeg	601745	b9bf155b53411a5a9c1828f50669d4284aeb7c4105faf64a28ff9a52696b37f9	archive-xwzx-2026-part-004.tar.gz
UploadFiles/xwzx/2026/4/202604201033342336.jpeg	585846	12cf615577f308f3686cdb7433c3ccb6f9c54310ae43060bdfda1cf09c3cc094	archive-xwzx-2026-part-004.tar.gz
UploadFiles/xwzx/2026/4/202604201033342909.jpeg	645092	33aee3eae03a953a57e6671bbf50a6ef2de64226e92341d3ca32f258ce4ae8dc	archive-xwzx-2026-part-004.tar.gz
UploadFiles/xwzx/2026/4/202604201033346655.jpeg	759976	4a0c91894cb67ac2d8a8f0dfb513538606ae964841bbdcef204837e325fe28e8	archive-xwzx-2026-part-004.tar.gz
UploadFiles/xwzx/2026/4/202604201033347628.jpeg	571061	c8c47739ee8ebb1873cf86bfc9a9fee147100884c6ae87a842cf590f3263845b	archive-xwzx-2026-part-004.tar.gz
UploadFiles/xwzx/2026/4/202604201033347840.jpeg	677420	e973b3a0d06475076bf3928dc0f0fa31466b1d498c7f57a0572b06f3e5357edc	archive-xwzx-2026-part-004.tar.gz
UploadFiles/xwzx/2026/4/202604201033348319.jpeg	648074	a1c876578f2a41df7546fceac182a13797cb0a1628758af1be6b0b1c95f397b4	archive-xwzx-2026-part-004.tar.gz
UploadFiles/xwzx/2026/4/202604201033348892.jpeg	872269	4d284a6b254e5c3de27f043eb60bc6329dec9f38b8dbeea9e8e823f22f3106b7	archive-xwzx-2026-part-004.tar.gz
UploadFiles/xwzx/2026/4/202604201033349276.jpeg	745297	9bc8faf54f329d2d79d212b83d7d54f91e9a4443dcdc28628bf430f355f98073	archive-xwzx-2026-part-004.tar.gz
UploadFiles/xwzx/2026/4/202604201033357805.jpeg	10740423	7360626ba2fb6ad1c1336d4efca636d56fa67aff6edcc4233eb5c740c609050b	archive-xwzx-2026-part-004.tar.gz
UploadFiles/xwzx/2026/4/202604201034481015.JPG	3067619	cec8548d566cecf30b12a0148b6347f84a1a1a3b5ea79d8cbddd003b636816a2	archive-xwzx-2026-part-004.tar.gz
UploadFiles/xwzx/2026/4/202604201034499680.JPG	5509371	64b9a1d604bd480e6d07429a87b40f511ea133825cd7e0aff359abc10221d9b1	archive-xwzx-2026-part-004.tar.gz
UploadFiles/xwzx/2026/4/202604201034500366.JPG	4501183	8ff522a0045bb7baa5b968ce210eb0b7f735f9137bcc6c978cd0e6ad1ea7e019	archive-xwzx-2026-part-004.tar.gz
UploadFiles/xwzx/2026/4/202604201034504848.JPG	3093949	40a03093ce053c73f4146e78f0eb5bcd4f6f1aa055e7c4c9af93686c49c2cfc7	archive-xwzx-2026-part-004.tar.gz
UploadFiles/xwzx/2026/4/202604201034557221.png	45411713	9550c9d07e8f568e77dc4b40fbe8884f10e047f1699925654e4f75162ec2e459	archive-xwzx-2026-part-004.tar.gz
UploadFiles/xwzx/2026/4/202604201035231243.JPG	1276178	a61e230c485441d7ae2ebf5c99622048a5c6f3daac6008ea28e901a64c3f88a3	archive-xwzx-2026-part-004.tar.gz
UploadFiles/xwzx/2026/4/202604201035238266.JPG	3801724	537f4aa6b4a4ab06c4e9eabbc8dd4c6c746f7eb54fcb70a11b9430106d10e0a9	archive-xwzx-2026-part-004.tar.gz
UploadFiles/xwzx/2026/4/202604201035238513.JPG	1394989	11b4ce78e96f189324a5661888aab7fe8f94651107bd503aee83f4fa08297f23	archive-xwzx-2026-part-004.tar.gz
UploadFiles/xwzx/2026/4/202604201035244606.JPG	3047634	45aec3680eaadcc4bbc6d90bdaac5ca3f2b7542b1e843018e6d1e62089cc3469	archive-xwzx-2026-part-004.tar.gz
UploadFiles/xwzx/2026/4/202604201035244780.JPG	3305149	35fe13b0b9fdbb28906d7c3c4d03eb94d859a24939b5858a30d4b7184f300cd3	archive-xwzx-2026-part-004.tar.gz
UploadFiles/xwzx/2026/4/202604201035245195.JPG	3097085	5e7642bc2eb04fe6432e333f6387d373d95454473a0098819935fe8e187e8455	archive-xwzx-2026-part-004.tar.gz
UploadFiles/xwzx/2026/4/202604201035247418.JPG	2082482	c5a86999693d4c1ad8fafa59a8cdb26d213bd83b4db9e31b70807a29bb3984f3	archive-xwzx-2026-part-004.tar.gz
UploadFiles/xwzx/2026/4/202604201035249306.JPG	2195613	8cafb1627b1243297d231ca115f313148077268d68f818eec7028b2b2c861478	archive-xwzx-2026-part-004.tar.gz
UploadFiles/xwzx/2026/4/202604201429579230.xls	705536	ea75edbcb28047ddd36b9e39a967b96ac8e71a4b19c6f98dd6904deccc04050b	archive-xwzx-2026-part-004.tar.gz
UploadFiles/xwzx/2026/4/202604201441063590.png	31544	22d1cc92cacc2307e0d2b932e1588a2790260a370fb359f70191774905224d43	archive-xwzx-2026-part-004.tar.gz
UploadFiles/xwzx/2026/4/202604201443191252.png	31851	d4759be377c610485637afee840efe0a37221b57b5e5856cd3a515ae8c6fcb45	archive-xwzx-2026-part-004.tar.gz
UploadFiles/xwzx/2026/4/202604201450162695.png	38281	f5556f4790dbd81e5dafe4e7fb4ecccda9d3b8c540264e09555217f845266836	archive-xwzx-2026-part-004.tar.gz
UploadFiles/xwzx/2026/4/202604201454394919.png	37691	418f62cc06e2861a7ed6121af1ef953fac37d2a6e9bc28a0b50c180274b2782d	archive-xwzx-2026-part-004.tar.gz
UploadFiles/xwzx/2026/4/202604201455139428.xls	692736	9b2498666e0aebc79b0c5f14b76956b604ff85a2719269b50d337c1788dae82e	archive-xwzx-2026-part-004.tar.gz
UploadFiles/xwzx/2026/4/202604211424210376.png	31167	26e733e09c8b78a8171f965176f71dff1739513d2cd015e197ff24e1287581d6	archive-xwzx-2026-part-004.tar.gz
UploadFiles/xwzx/2026/4/202604211424215390.png	27518	686f7459a1a23905549cdc6d23ffed7b81d8fbca43502945e0bb4c0db39e5aa9	archive-xwzx-2026-part-004.tar.gz
UploadFiles/xwzx/2026/4/202604211452211018.docx	14258	f8951179087a73b3fc2b2d05124cfcde8df2295dcc3b990a77d32f0f0eeb4b05	archive-xwzx-2026-part-004.tar.gz
UploadFiles/xwzx/2026/4/202604211537066931.png	32313	428f69b025e2ebf35206c2512e644c640b6b1ce3420917cccc3621ff52b643b2	archive-xwzx-2026-part-004.tar.gz
UploadFiles/xwzx/2026/4/202604211539596158.png	37698	652fde233c40ceccb56633ffcfb88296729217ee68cde36e36bf8bbf7d0e83c2	archive-xwzx-2026-part-004.tar.gz
UploadFiles/xwzx/2026/4/202604221435047750.png	37531	6250fd9e422d94be88154561555d03f7c93b0b7663960cdb82c8d539c8ef38c9	archive-xwzx-2026-part-004.tar.gz
UploadFiles/xwzx/2026/4/202604231557095697.png	21029	e05792ca928150a5790a69aed04101efb18f8704b97d04db77dc511d41dd5223	archive-xwzx-2026-part-004.tar.gz
UploadFiles/xwzx/2026/4/202604231637243880.png	30914	ce4579b0967155b64adfb9624c2cb2346356cdec21b92c79b885f29ce7f35cc5	archive-xwzx-2026-part-004.tar.gz
UploadFiles/xwzx/2026/4/202604231745519686.png	706419	fedc62f0dbe0ccfe1487440eccff299da07c47c37da94810b33d1feb39b55aa5	archive-xwzx-2026-part-004.tar.gz
UploadFiles/xwzx/2026/4/202604241443063553.png	21853	2ad19d00c4244d3664f75c16c728710da9284564407134cff235ebb28e6884e9	archive-xwzx-2026-part-004.tar.gz
UploadFiles/xwzx/2026/4/202604241500414958.png	44215	61875ea0a1020c097a012efd167fd6cea4189741e2d6821c240f0234121756aa	archive-xwzx-2026-part-004.tar.gz
UploadFiles/xwzx/2026/4/202604241621575039.png	282075	c1ba3ffe83f5d6800968584664c725e8c8ebd1e89948696dbac5e5d7a41b5775	archive-xwzx-2026-part-004.tar.gz
UploadFiles/xwzx/2026/4/202604241621588411.png	372350	773c5acc0a4e542116fa5f1faff90ac07e91318d779c0e8ad1dd461303e98ffc	archive-xwzx-2026-part-004.tar.gz
UploadFiles/xwzx/2026/4/202604270804424655.png	27733	e3146d9da86ce4849f3dec781c7c12795c7e9379187efa021223b4f507b02986	archive-xwzx-2026-part-004.tar.gz
UploadFiles/xwzx/2026/4/202604270810394572.png	33830	c43aa772b56c8d256a98fb2a37233c947e4df7df3cfaef274eb9f82001d6a287	archive-xwzx-2026-part-004.tar.gz
UploadFiles/xwzx/2026/4/202604271005456337.jpg	3593959	6ce60005c1e0ad06043674a10718042ee9f088617e11d040a7777f9146b1de12	archive-xwzx-2026-part-004.tar.gz
UploadFiles/xwzx/2026/4/202604271019226337.png	32621	3d64dffc9baa8ca4757146f09dcf3290dc71289ed3d3a8d93f08dbdf7f7777fb	archive-xwzx-2026-part-004.tar.gz
UploadFiles/xwzx/2026/4/202604271020063361.png	16914	c5539efb1a45df6d1acb48e6ca03ab49db8c7e296019e96f27d7314401baf9ec	archive-xwzx-2026-part-004.tar.gz
UploadFiles/xwzx/2026/4/202604271030238932.png	32502	6a982471e6817d3a5dfe7c40142e2e209fa8c74f5e6d98b29e11a95eec0b092f	archive-xwzx-2026-part-004.tar.gz
UploadFiles/xwzx/2026/4/202604271032094186.png	29383	a2ebad2f09866f39af42237ba2c413532a3aef876869d7ff331019673c7f836c	archive-xwzx-2026-part-004.tar.gz
UploadFiles/xwzx/2026/4/202604271154251959.jpg	3288924	e56946fafcc2fead6834750a415b8a4c17412279957e1b8d52765c114e1c3629	archive-xwzx-2026-part-004.tar.gz
UploadFiles/xwzx/2026/4/202604271417301376.png	32240	863c9ca1c54fbd57d26178627118c76329c7858d015580a282547c869b61a430	archive-xwzx-2026-part-004.tar.gz
UploadFiles/xwzx/2026/4/202604271419394607.png	31057	cff7f40c57f29fa86e0b5a49270caf22184cf9d7f0f021b63d96a1368aebb392	archive-xwzx-2026-part-004.tar.gz
UploadFiles/xwzx/2026/4/202604271420555470.png	31547	fe35515cb8cf0a9921bfb46d7a175f45206b4eb35f8a2fc064cbc26f50003983	archive-xwzx-2026-part-004.tar.gz
UploadFiles/xwzx/2026/4/202604271459376102.png	17325	71287a9957d0fa426f86a5ef07c93b79896103f5e8b7a6f9e05beb92f4d61dcb	archive-xwzx-2026-part-004.tar.gz
UploadFiles/xwzx/2026/4/202604280904525271.png	348092	72977c8abd5b13ad84522736e884518030a079a88d4ed7fe01239e5c23a23974	archive-xwzx-2026-part-004.tar.gz
UploadFiles/xwzx/2026/4/202604280910516450.docx	14548	2a34fe506d198593dded3d6a604e9c0d3991184d091d3b02e50f626867cbe548	archive-xwzx-2026-part-004.tar.gz
UploadFiles/xwzx/2026/4/202604280918349610.docx	13549	6183a20a199d33e3c8a3231537420db97a4f6a2c8f441bc73e1a00f63eed629e	archive-xwzx-2026-part-004.tar.gz
UploadFiles/xwzx/2026/4/202604280919250795.docx	15282	1e6bbb0905af0e10fe01fa72d344761d285eddefcb9dbe209637ed37b9534bc5	archive-xwzx-2026-part-004.tar.gz
UploadFiles/xwzx/2026/4/202604280920540973.docx	12807	0b3554ed5bde8308f9d3ecd8cb8ede7fcead8e1ac42adc76b43ac46ff81b8760	archive-xwzx-2026-part-004.tar.gz
UploadFiles/xwzx/2026/4/202604281043083128.png	29873	0dc33d54bf6f57cb137d1e6f6753ef6e30605b0da2d03a55f6494ac81ce028f6	archive-xwzx-2026-part-004.tar.gz
UploadFiles/xwzx/2026/4/202604281056185954.doc	45816	c023ff97abdc3d81277b8ecb7c935ba92b3fdfe0adbcc90819d7b119fd231316	archive-xwzx-2026-part-004.tar.gz
UploadFiles/xwzx/2026/4/202604281452243832.png	33038	8976ac4244879ecc68acccd222b89be2b608ea47ea71231060f60ce6029a852f	archive-xwzx-2026-part-004.tar.gz
UploadFiles/xwzx/2026/4/202604281454245537.png	38064	d41c05637e1c4a937d8aa7277e0d125c28f546418e75aaba1bfc8beb9877374a	archive-xwzx-2026-part-004.tar.gz
UploadFiles/xwzx/2026/4/202604281615070578.jpg	850882	37cca2ff22a7da0ce4f5d83670afcd6c87361b66c440b9b4cbf835b8da38b81b	archive-xwzx-2026-part-004.tar.gz
UploadFiles/xwzx/2026/4/202604281615082457.jpg	1519516	b80e2ce49c337142c4a8af106fd4d0b2e0c604a8e29d3c479274a19be888c32a	archive-xwzx-2026-part-004.tar.gz
UploadFiles/xwzx/2026/4/202604281615087912.jpg	615240	4deae1c872b3f497ffcfb068559fac131b819e731a8b6f2d8aa058173ee0cdb8	archive-xwzx-2026-part-004.tar.gz
UploadFiles/xwzx/2026/4/202604291026505533.jpg	11029637	361810b455d41ef18223da415b1479c0b6ab23730431bece020595f2a1525f7b	archive-xwzx-2026-part-004.tar.gz
UploadFiles/xwzx/2026/4/202604291027100786.png	61716	0daa20bea909719ecd9ac7ee886cfca584f35e774e482d1476e31df450a2b52b	archive-xwzx-2026-part-004.tar.gz
UploadFiles/xwzx/2026/4/202604291027265972.png	209405	c6ed2f59031a9882bd85bec054496ed1ce44099c5c281c3e789a18577f153f17	archive-xwzx-2026-part-004.tar.gz
UploadFiles/xwzx/2026/4/202604291028109058.jpg	112920	397b4b3404e95a0a02c64638bc8152b1fce1f2ed7a43e175fbaedff1370fdd24	archive-xwzx-2026-part-004.tar.gz
UploadFiles/xwzx/2026/4/202604291028117637.png	2886004	919edfe436bf98d56d9be29ef1ffaf0e83a55e61b382e127efa640f1555c6e06	archive-xwzx-2026-part-004.tar.gz
UploadFiles/xwzx/2026/4/202604291028133607.png	4777738	7314d541c3aafc309ea96aa48d0cd72a99171cb26425cb09aff0ef0d64aac9d9	archive-xwzx-2026-part-004.tar.gz
UploadFiles/xwzx/2026/4/202604291028161825.png	5452960	4c05c84cd9370d2555ed76815d07d4e9df712ee0fa7ed8a69f3b59fefa6656f0	archive-xwzx-2026-part-004.tar.gz
UploadFiles/xwzx/2026/4/202604291028163798.JPG	6070207	9d6300eb82fb8873c4b15d08363f1b0514acad43aa479a1b82dbb87298a91d73	archive-xwzx-2026-part-004.tar.gz
UploadFiles/xwzx/2026/4/202604291244367178.png	73743	1912fa76d3dcccfc4b2d4415212fc9f8543991a5fb11f661469febd0f7282125	archive-xwzx-2026-part-004.tar.gz
UploadFiles/xwzx/2026/4/202604291614405512.jpg	6425310	76a31fa3e028c42d3da4d0e14f855f884a7c41acab3d4a7e245c9a6bb1081cc3	archive-xwzx-2026-part-004.tar.gz
UploadFiles/xwzx/2026/4/202604291614425338.jpg	6067206	d7f5b619d0f5eb527c4e28d201474cc4723da470bb2860368b640318931ce4c5	archive-xwzx-2026-part-004.tar.gz
UploadFiles/xwzx/2026/4/202604291614430959.jpg	2821489	123993d7e49be1b301b785ae4cfe665c9155251e8fe5da8faac0e98d1e6f5676	archive-xwzx-2026-part-004.tar.gz
UploadFiles/xwzx/2026/4/202604291614478880.jpg	6201224	bcbe3a2b8f6795e4ec7e0d2d31d1bcd0d639b30393d7c13fdfada9ddff149675	archive-xwzx-2026-part-004.tar.gz
UploadFiles/xwzx/2026/4/202604291614499676.jpg	6770699	cef8bacd17e6b670cd8036aa37abbbdd5e1299a7fa5fb0d651924e8144ecf237	archive-xwzx-2026-part-004.tar.gz
UploadFiles/xwzx/2026/4/202604291614526352.jpg	6010195	8b514081932e91535de483a572d275b30e2d65bd28f3da7034c4aa4f04ca5de2	archive-xwzx-2026-part-004.tar.gz
UploadFiles/xwzx/2026/4/202604291614533481.jpg	7008477	89cfd82aa6a99f4b7a7ea270391c5e753a6d5218d7a3b39de52e80eb75a1268e	archive-xwzx-2026-part-004.tar.gz
UploadFiles/xwzx/2026/4/202604291614564416.jpg	5608804	4f2b1f0e4fb2d81d9416583ca9731ccb49d58be9cccbac656af42f578ca8b590	archive-xwzx-2026-part-004.tar.gz
UploadFiles/xwzx/2026/4/202604291615002313.jpg	6656139	7282f0b3b3e052883c95634be9b38512b898da740f576f3a944bcedd12434fae	archive-xwzx-2026-part-004.tar.gz
UploadFiles/xwzx/2026/4/202604291615065426.jpg	12633207	a4ef9aceb2bbd810250ba43552d914faa9864b47143c67b18b8ceb82a47f069e	archive-xwzx-2026-part-004.tar.gz
UploadFiles/xwzx/2026/4/202604291615074152.jpg	10598749	e8c2c06639a0f4860c3808536cb0370343d8d29df5ea45a402e5a6c0c759ed90	archive-xwzx-2026-part-004.tar.gz
UploadFiles/xwzx/2026/4/202604291615304598.jpg	8466507	d027f8af02e24a72fb2f3ac7171d7ac1f5516398c113aedde6324ec8508b347e	archive-xwzx-2026-part-004.tar.gz
UploadFiles/xwzx/2026/4/202604291615343250.jpg	8019696	56688efda1cefa1174a72034f2a632347826e1338002812a75d0dd6f8f460942	archive-xwzx-2026-part-004.tar.gz
UploadFiles/xwzx/2026/4/202604291615370880.jpg	9629176	7f134ea7baa94db0291cf866777f0341d6efce14d0750b94df2f5469a6834cca	archive-xwzx-2026-part-004.tar.gz
UploadFiles/xwzx/2026/4/202604291615373111.jpg	11365732	740a8ee4bbe01d49746193cd1e865c2c0c4ce0980c13d344d563e9cc1b883aa4	archive-xwzx-2026-part-004.tar.gz
UploadFiles/xwzx/2026/4/202604291615444136.jpg	7378476	625bee4c78c65981f1c1d04e922f7d312899802d1022fe4fd883bfad2827953b	archive-xwzx-2026-part-004.tar.gz
UploadFiles/xwzx/2026/4/202604291615458964.jpg	7077052	11bae7d65d6e9d3ceea8e0f3e70f09bb9db51d967c53bec197cbb0b30349c746	archive-xwzx-2026-part-004.tar.gz
UploadFiles/xwzx/2026/4/202604291615476554.jpg	10965338	c0e9d223e3c29ee1caf4fce59b0e16106afe9532aeb67b86328656cf0c214f3a	archive-xwzx-2026-part-004.tar.gz
UploadFiles/xwzx/2026/4/202604291615524024.jpg	12266363	da13aaf342344b3d0db38028e4a4d73b45c3bdfd1593a2ffe7402f5488f827b1	archive-xwzx-2026-part-004.tar.gz
UploadFiles/xwzx/2026/4/202604291615548288.jpg	11748040	51554cb7eb3d8d933edf59abc72024468fdc9d27b6f8a0b1767d01432ff2ac60	archive-xwzx-2026-part-004.tar.gz
UploadFiles/xwzx/2026/4/202604291616244982.jpg	11390054	f117ae08f1f8afdc8cd73ba952dd55f98108b2b031295a5aa576e6697e84aa09	archive-xwzx-2026-part-004.tar.gz
UploadFiles/xwzx/2026/4/202604291616279021.jpg	11698625	0ff7e82402da6d00e7db226f8e16a702f5b9d509d91cac0353652646b1875da5	archive-xwzx-2026-part-004.tar.gz
UploadFiles/xwzx/2026/4/202604291616291926.jpg	8561673	f04dee5f0d2ac533f993d390463f06b69783dfcf16071e2723d67d22f52759c9	archive-xwzx-2026-part-004.tar.gz
UploadFiles/xwzx/2026/4/202604291616316122.jpg	3588341	3efd30d60492dad8a6b260168b6e88803e4d3cc35c4ce20918a53f5e006382c6	archive-xwzx-2026-part-004.tar.gz
UploadFiles/xwzx/2026/4/202604291616327944.jpg	3688843	c9c7a951d9c71dd639649c2a4cf67bcacfeb3833978dc2e01bd4dcba4aad3207	archive-xwzx-2026-part-004.tar.gz
UploadFiles/xwzx/2026/4/202604291616458518.jpg	11673283	8ab563e3bfccaf0668347f1bb4a89f7c2d155ad8708d7398bc3b1d8991ac2fa2	archive-xwzx-2026-part-004.tar.gz
UploadFiles/xwzx/2026/4/202604291616477052.jpg	16460050	f5654500a9297687044c1cf50c4ef3b05b1a6fb63a70931c18c11897d5c7cbc5	archive-xwzx-2026-part-004.tar.gz
UploadFiles/xwzx/2026/4/202604291616499638.jpg	4523262	df35dee0a4654e7edc8705721f27c7041b792af76b654ec18848c40b0f495930	archive-xwzx-2026-part-004.tar.gz
UploadFiles/xwzx/2026/4/202604291616530964.jpg	16293573	63900fcf71c2b85759143cdc863d5a1fe49e45ad4378f5defb8b57a07a66f6fe	archive-xwzx-2026-part-004.tar.gz
UploadFiles/xwzx/2026/4/202604291616563167.jpg	8586716	24cb1e665283ecab843669af66faed9464f3ea02068a3e303c8a24dba561faf3	archive-xwzx-2026-part-004.tar.gz
UploadFiles/xwzx/2026/4/202604291616586526.jpg	3732183	fdd47220075e2acc959d2fdaebdebfbf294fe0e8921bc05162b655e9d6db2340	archive-xwzx-2026-part-004.tar.gz
UploadFiles/xwzx/2026/4/202604291616592883.jpg	9709158	a80a7f52c81a92deb8fdbcf4228c52d4aac835c6f9f1753886118f9c3708ccda	archive-xwzx-2026-part-004.tar.gz
UploadFiles/xwzx/2026/4/202604291617008968.jpg	7641129	ed5cce3533d49ccb8c9028b3e6c6dccb2d7861e4087312ab8d50bc142ee9d08f	archive-xwzx-2026-part-004.tar.gz
UploadFiles/xwzx/2026/4/202604291617038309.jpg	4357467	0274b1d47c2eeb0259bf709bbb0fead4220f2b09090cc8622a238a2051438a90	archive-xwzx-2026-part-004.tar.gz
UploadFiles/xwzx/2026/4/202604291617068058.jpg	4765027	bcc8cb8a2a24447b291dde2636ac9e8e30b90384679170a195b15edb20ecace2	archive-xwzx-2026-part-004.tar.gz
UploadFiles/xwzx/2026/4/202604291617074014.jpg	12495780	93d780e2f9f2bde2fa524a05304f3909ecfea8e18b5a12b54d2d6428bc800794	archive-xwzx-2026-part-004.tar.gz
UploadFiles/xwzx/2026/4/202604291617086466.jpg	7594012	46055f7cc7e809fb1bb2c2503f2206b878f39b4654241c50d2ed977fe32e41d4	archive-xwzx-2026-part-004.tar.gz
UploadFiles/xwzx/2026/4/202604291643215503.png	38076	34c7508a257d2610aa3b9110caa71f46b2eb914549191713fb2e0e263768be19	archive-xwzx-2026-part-004.tar.gz
UploadFiles/xwzx/2026/4/202604300831557070.png	234336	b7ea1126d8c4c5ff02fedc6ef72fba02865ae2a7cee0ef9aa2fe04540c775436	archive-xwzx-2026-part-004.tar.gz
UploadFiles/xwzx/2026/4/202604301447514830.png	34213	31521423c3bd4369ca1950ed334890ea51d7eb4aa2cfb84c43362bea82b4c9ce	archive-xwzx-2026-part-004.tar.gz
UploadFiles/xwzx/2026/4/202604301524455428.png	39294	6cf572d76e97ccf0964d693c1eede43c992218ddd989379301d9b014361841a7	archive-xwzx-2026-part-004.tar.gz
UploadFiles/xwzx/2026/5/202605061308591813.png	192553	73774f84169ec7893aeefd4c55fc72cd10b7249323bab56c9de30647e1808722	archive-xwzx-2026-part-004.tar.gz
UploadFiles/xwzx/2026/5/202605061308597235.png	127622	831b2a9f074ccb186898b7d30e7c7f8ff1b929a496576d2df3db7fa70647b1b3	archive-xwzx-2026-part-004.tar.gz
UploadFiles/xwzx/2026/5/202605061428105246.png	38349	d77b8f061359e087b9d7ab4faf1c2707f869020cbf01391c541498d5d31aa8dd	archive-xwzx-2026-part-004.tar.gz
UploadFiles/xwzx/2026/5/202605061442082977.xlsx	10262	11f7138cc687d32490bbb79478eb3a029d1fd1f108dfea2e7c7dccd7f8a79b4b	archive-xwzx-2026-part-004.tar.gz
UploadFiles/xwzx/2026/5/202605071509308991.png	37295	837b2f8fad3798ab5c39a5d9551f33335d213baf2c5ad560fc4d46b480b70fb8	archive-xwzx-2026-part-004.tar.gz
UploadFiles/xwzx/2026/5/202605071515419564.docx	15736	064574b326c1236204fe5d6ab44a5d3efbefec46cc9a678a0533584170625cc9	archive-xwzx-2026-part-004.tar.gz
UploadFiles/xwzx/2026/5/202605071516247864.docx	16211	075facb8891c356286b21a66ab60a245ac8de3f61ddf2d7a6d74726311d2b158	archive-xwzx-2026-part-004.tar.gz
UploadFiles/xwzx/2026/5/202605071516410550.docx	19528	0c9ee23dff4d61770c01648ebe056a1b914cad0a8c91f2ffa39aa66158079922	archive-xwzx-2026-part-004.tar.gz
UploadFiles/xwzx/2026/5/202605071517007274.docx	16068	a562fef3fdc933e024591b13e3c2301ea62de6f96f6de658cd3e9e9b5b64299c	archive-xwzx-2026-part-004.tar.gz
UploadFiles/xwzx/2026/5/202605071517209061.docx	16090	9e8142a7f4a02ac3e3ab3ee749e255ea62ec00f2b99a5d0e9c8562317fa982b7	archive-xwzx-2026-part-004.tar.gz
UploadFiles/xwzx/2026/5/202605071526090263.png	32693	18adf7f0e738f0e75afc9fa4e2409ed801ef553db55faead6e491ddcfa90c78f	archive-xwzx-2026-part-004.tar.gz
UploadFiles/xwzx/2026/5/202605071526274382.png	43059	b6e2597a88615443a9f3ca8a48fa84e3dd067ee74b50dc70d37591768422a2ed	archive-xwzx-2026-part-004.tar.gz
UploadFiles/xwzx/2026/5/202605071529210138.jpg	430532	5bf0baf97262d83a36b1f374907ee87c2b38a36b5e7ebf01ab84d2cc32dd9a1b	archive-xwzx-2026-part-004.tar.gz
UploadFiles/xwzx/2026/5/202605071529363791.jpg	305896	c17ca9b46f0d613084b4ced11f43c4d2dd562bba25e9bcceda23b59b2bdb18ba	archive-xwzx-2026-part-004.tar.gz
UploadFiles/xwzx/2026/5/202605071529378942.jpg	2483823	f9fd379467b222e3b264eec2591c702f62d60ce17be37a24d4ae320ad7af2b3d	archive-xwzx-2026-part-004.tar.gz
UploadFiles/xwzx/2026/5/202605071529379369.jpg	3420061	507bfd4f2468d804cae661e25dc6d6071e9ccbbc001b02d7829291a776f39a33	archive-xwzx-2026-part-004.tar.gz
UploadFiles/xwzx/2026/5/202605071529505244.jpg	1399926	598b6e48abb5bcbeafc65cc21561c8328792c3b8c53a56a560bf73fa40fdf857	archive-xwzx-2026-part-004.tar.gz
UploadFiles/xwzx/2026/5/202605071537246344.png	161228	eda42ed6ccc70c4ba2ecd48cb742cad62939eb8b507c8ab33afe59e7e58607b8	archive-xwzx-2026-part-004.tar.gz
UploadFiles/xwzx/2026/5/202605080850377520.jpg	88065	76370720332d1bd8bf8ba9d571afb557bb10921a6aa816d6bedb16091244f733	archive-xwzx-2026-part-004.tar.gz
UploadFiles/xwzx/2026/5/202605080930249727.png	40040	675acfb7c210c7984febd85b06944284c7ccf313e5dcd17d1e8cdc4e242961f1	archive-xwzx-2026-part-004.tar.gz
UploadFiles/xwzx/2026/5/202605081044300240.png	378130	2ec204b4a53733e1aa0f50caa6745f1c1a9fb0c707361c12c9a1c43f293d4dc8	archive-xwzx-2026-part-004.tar.gz
UploadFiles/xwzx/2026/5/202605081044301219.png	394318	ceb346c578f5cf643eb3fde10fdd831c10ff339da849a7f7112b7d336ac2442a	archive-xwzx-2026-part-004.tar.gz
UploadFiles/xwzx/2026/5/202605081044302005.png	372865	bdbc0cd1d3e388310affebe32c8d12a0a31dbfcd9c0f0a8e4c48af9c614b1a4b	archive-xwzx-2026-part-004.tar.gz
UploadFiles/xwzx/2026/5/202605081521556660.png	37593	8f7cd6f5c8e7fbc2897759ac3046904bb663d4a192710352eca138d5ba7ccbb3	archive-xwzx-2026-part-004.tar.gz
UploadFiles/xwzx/2026/5/202605081558371475.png	36890	c75d31d69fb66d70147ad11ff83148df8f4d36d74c80be7ad0d70354bbb52ca9	archive-xwzx-2026-part-004.tar.gz
UploadFiles/xwzx/2026/5/202605081628212571.png	37624	fd9e0254a69cf8de24746b6eaf9c05e95dc99b54b0d7a88f73b728aaa4d88266	archive-xwzx-2026-part-004.tar.gz
UploadFiles/xwzx/2026/5/202605091428394570.png	37093	eff1455a9a6d339aefc76db7655a39e216aefe103a54f171ada706374fd7036d	archive-xwzx-2026-part-004.tar.gz
UploadFiles/xwzx/2026/5/202605091429557983.png	36859	79d20a94704afd38fcdad5c84aa1deead66c3a9e7e89276b9cfa395da87bf765	archive-xwzx-2026-part-004.tar.gz
UploadFiles/xwzx/2026/5/202605111101399031.jpg	133151	68b0b5bb07d1c5a891dad2eaa23a345ecff1e6692e26a9edb52409c920e9371d	archive-xwzx-2026-part-004.tar.gz
UploadFiles/xwzx/2026/5/202605111547557898.png	34762	12a7ccc7484de68edc1cdd39193ce238e94248ef6e5cf210240bc941f4b973d5	archive-xwzx-2026-part-004.tar.gz
UploadFiles/xwzx/2026/5/202605130848517954.png	25175	1092c5ccdf97789820898918f234b2d951fadaa0e9a4e35e3c0e47864d11d044	archive-xwzx-2026-part-004.tar.gz
UploadFiles/xwzx/2026/5/202605131246372614.doc	151552	8d373bc82212ee2208e494225d354c7a88819ff3512cc397d5d78f472a72b521	archive-xwzx-2026-part-004.tar.gz
UploadFiles/xwzx/2026/5/202605131553584150.png	37608	b6dccf3dd683c27cceaa99ca7e8cfebd025ff56f6756628058e6acd4f3f0b3ef	archive-xwzx-2026-part-004.tar.gz
UploadFiles/xwzx/2026/5/202605151129417648.png	70440	de226bead39ee364ba861edf38bb1b52868cb9f518ff16e1320204cf66a4fa8c	archive-xwzx-2026-part-004.tar.gz
UploadFiles/xwzx/2026/5/202605151131569926.jpg	93691	29a97cc308677b4d13243d4849c7c51f3fcbe3c44833eed5ffc3165a96049cbe	archive-xwzx-2026-part-004.tar.gz
UploadFiles/xwzx/2026/5/202605151414410000.png	37465	30362a2047d60666b96627708aa0cac15905e049e6a22de4dc61b5bd885cc03f	archive-xwzx-2026-part-004.tar.gz
UploadFiles/xwzx/2026/5/202605151415492956.png	32107	8fe0725fc99b3f97fdde3a63b24556c2d021b057b82206cc0cc6ae01c5a4f301	archive-xwzx-2026-part-004.tar.gz
UploadFiles/xwzx/2026/5/202605151613396053.png	36973	06f3c15a0b90dd8fb1ab4fd5fb80c524f6cdb427581ee2c4899574c9b166852a	archive-xwzx-2026-part-004.tar.gz
UploadFiles/xwzx/2026/5/202605151629020906.xls	646656	28b646b83d20d01178f944cc69a7e433f32f1d3625e1e93be0947585bbe99b65	archive-xwzx-2026-part-004.tar.gz
UploadFiles/xwzx/2026/5/202605151629341559.png	31546	6d7d7dd7b6ff9c35e81457bf8f200ee326d60f8ddfe2f338ab0b609459d756da	archive-xwzx-2026-part-004.tar.gz
UploadFiles/xwzx/2026/5/202605151632342732.xlsx	829016	78f9dca658c0ca15d5c9bf6e279f617734bd5ab4c73030a3a769ec482cb03c6d	archive-xwzx-2026-part-004.tar.gz
UploadFiles/xwzx/2026/5/202605151637520082.png	33620	afd14724eb89bfaab38c3eb191c31247e186dd53d88bc8c3882ffea00d3f75ea	archive-xwzx-2026-part-004.tar.gz
UploadFiles/xwzx/2026/5/202605160803380934.png	16623	f2292a41d822692487476924be9a527fa25744687ee86c576bb41ed53c1d28e5	archive-xwzx-2026-part-004.tar.gz
UploadFiles/xwzx/2026/5/202605160804072139.png	15383	86489134795bdb30c5ec9d682498ced3c71b8498b0d98afd8b8efd1e2483891b	archive-xwzx-2026-part-004.tar.gz
UploadFiles/xwzx/2026/5/202605180829059785.png	41287	8409bb9e0f050fc9c48a9e6a12e79e63509a694b27c38ca93964521f08088c38	archive-xwzx-2026-part-004.tar.gz
UploadFiles/xwzx/2026/5/202605180834269772.png	10056	d0095c7c32187a4265ba1f4463eae1f3920cac330264536d26b1260f314a6396	archive-xwzx-2026-part-004.tar.gz
UploadFiles/xwzx/2026/5/202605180959104093.png	31728	19c1cfb8f31ffad48cb232a663fb6f70d9d208fa6e30fb4397667eaa80e1c59e	archive-xwzx-2026-part-004.tar.gz
UploadFiles/xwzx/2026/5/202605181008034183.png	37330	bc9e8253593f05daa79724a01521341ae5624f805aab9c0b649af9eaa956065e	archive-xwzx-2026-part-004.tar.gz
UploadFiles/xwzx/2026/5/202605181012508500.JPG	270563	98fd788a1f46f19a0d0364027953710ae91d267e2cb04c563c94079abac59a86	archive-xwzx-2026-part-004.tar.gz
UploadFiles/xwzx/2026/5/202605181519496484.jpg	3929254	6e096c81f76e4b933c080f40a480f2281b90c661d542f4cb556813614a019c2c	archive-xwzx-2026-part-004.tar.gz
UploadFiles/xwzx/2026/5/202605181519520804.jpg	2259309	566f90eb31409c8521423214fb030a1e011e7dbd330d21af7a80e332c8af53a7	archive-xwzx-2026-part-004.tar.gz
UploadFiles/xwzx/2026/5/202605181519523130.jpg	4134849	c94c34ed29cf571405ab587ebca1930c739050e46d713f9e64301d41702e306b	archive-xwzx-2026-part-004.tar.gz
UploadFiles/xwzx/2026/5/202605181519527965.jpg	6022067	a5f9d8a4313d63081e1b0a69ef76eeeb55941dca7d8272d96101ec7d9d274e97	archive-xwzx-2026-part-004.tar.gz
UploadFiles/xwzx/2026/5/202605181519531082.jpg	3680807	a11fb3fede74191d1a4714c429e6b1802c1f7bd4cbbb7649ea9d7de1a48049a0	archive-xwzx-2026-part-004.tar.gz
UploadFiles/xwzx/2026/5/202605181519531956.jpg	1018334	810471e9a35ef7ca224d0c2b10c9a52c92c88846d31bde1bbcf166a681a7630e	archive-xwzx-2026-part-004.tar.gz
UploadFiles/xwzx/2026/5/202605181519532446.jpg	4267211	761393bbbcdb3d80ee6ac73e55ad0a091774758abdc01a7b3d10674d6488078e	archive-xwzx-2026-part-004.tar.gz
UploadFiles/xwzx/2026/5/202605181519533142.jpg	3700207	814bb601bb4f7598e2b8a3078cc011f02a48799c4bc7a2d87a98920fd7f1f5cb	archive-xwzx-2026-part-004.tar.gz
UploadFiles/xwzx/2026/5/202605181520410495.jpg	2413846	46d9ed75a80ff314deabef3bac5bdfc1c412a5f35738b9438e1681a5b69fdf5d	archive-xwzx-2026-part-004.tar.gz
UploadFiles/xwzx/2026/5/202605181520536714.jpg	77444	e94c11a9abfec6fde94a5b4655988d6b9d1dc0b960408ea53f70c0eb9685bb2e	archive-xwzx-2026-part-004.tar.gz
UploadFiles/xwzx/2026/5/202605181521047157.jpg	455996	18a5db032cd8869b265452b85b6d888e5cf15d81f67b0cf38d5ab83aa9bc740b	archive-xwzx-2026-part-004.tar.gz
UploadFiles/xwzx/2026/5/202605181521163363.jpg	427715	a0404670d74abc01031e3b43b89ebbfaa93a9b1f8109fb9237fee6f5175d3b14	archive-xwzx-2026-part-004.tar.gz
UploadFiles/xwzx/2026/5/202605181521178439.jpg	4658081	e8e5889a9079844f31cc1bf071073ad46ec8ced61e2950198dbdfe7d2cc0c2bb	archive-xwzx-2026-part-004.tar.gz
UploadFiles/xwzx/2026/5/202605181521496512.jpg	79031	49f4a18ea32317ab3a404dbf60345b2bb07f497ed0782418bc750e2ee65788a5	archive-xwzx-2026-part-004.tar.gz
UploadFiles/xwzx/2026/5/202605181522037182.jpg	455481	bea8c9d89fef0a7bffa8233cac7fdaba17c7afc4523629df204dc43c9304605d	archive-xwzx-2026-part-004.tar.gz
UploadFiles/xwzx/2026/5/202605181524214955.png	138146	06a09d9e2eaaa78b949b4bb942161586acfbdc7163fe491977c9cf3472cd9c72	archive-xwzx-2026-part-004.tar.gz
UploadFiles/xwzx/2026/5/202605181524215099.png	299910	260bd583fa126885267fc5e3b92f8ff42c45c0b3474cda6c198be8969284f520	archive-xwzx-2026-part-004.tar.gz
UploadFiles/xwzx/2026/5/202605181524218189.png	179166	d514d33e8af1aea5bf1a6940f4586db0d0a7d14ea7354135cd94f2e24e016b11	archive-xwzx-2026-part-004.tar.gz
UploadFiles/xwzx/2026/5/202605181524218473.png	434242	9dbd0ab6bc00118fe4871b458f5bfa0c273d4ae6e85cde1ecc0426009807936f	archive-xwzx-2026-part-004.tar.gz
UploadFiles/xwzx/2026/5/202605181524221554.png	549807	2d3171c43422ce90b6210eb60c9ae39ad96d453e77d5ff4d345a5af42afcd2e1	archive-xwzx-2026-part-004.tar.gz
UploadFiles/xwzx/2026/5/202605181524224048.png	395651	1bdff88b4d62b01a2229b54155ba6f90d308c0b5c0939e30a67704fdfbbeb20a	archive-xwzx-2026-part-004.tar.gz
UploadFiles/xwzx/2026/5/202605181524226866.png	412120	3c12174942b16b5bb35f53418cad5ee2ce0c6cbb21d98efe0859d9d9e216f7e5	archive-xwzx-2026-part-004.tar.gz
UploadFiles/xwzx/2026/5/202605181524229391.png	462778	cf52a1aebca11dfb8a4fce378a6b7d947999890052d18644da9d07616fe2c8cb	archive-xwzx-2026-part-004.tar.gz
UploadFiles/xwzx/2026/5/202605181621093233.png	32511	8d91413ff4b9e9b9db06ae26cea3255591dfa03c35638a02add3a65335d9ea65	archive-xwzx-2026-part-004.tar.gz
UploadFiles/xwzx/2026/5/202605191306194864.png	59510	60baf1bef6de006053b915339702495a129e26d6cd8846e7d51aac5020025174	archive-xwzx-2026-part-004.tar.gz
UploadFiles/xwzx/2026/5/202605200922013790.png	373729	f5ec93c9247d5b318bf4eb8487b909bb9f548f26ab13d0a9f3cb4940b0ba3a9a	archive-xwzx-2026-part-004.tar.gz
UploadFiles/xwzx/2026/5/202605210903192444.png	127266	5f46f8c065e6decf54aaf190f9ef58853c03fe85ac3a711fd9e52ed762daf277	archive-xwzx-2026-part-004.tar.gz
UploadFiles/xwzx/2026/5/202605210903194700.png	162037	51ad0dc221f64273f5dad6bfed3e9c55975d88003bc5941729fd743a3d365184	archive-xwzx-2026-part-004.tar.gz
UploadFiles/xwzx/2026/5/202605210903194984.png	143687	f1c3da6317e9d11fdcb80884c63fbfd5e6eb8dbfafd53f9f525ae6e52801c7b2	archive-xwzx-2026-part-004.tar.gz
UploadFiles/xwzx/2026/5/202605210903204884.png	72024	bb6855fdb98b717e4f660c5cfc4901c1d3d0eb29228844d859c8013f239e8b81	archive-xwzx-2026-part-004.tar.gz
UploadFiles/xwzx/2026/5/202605211640433233.png	193961	4830a2a883eee01b589569edb1b72682517488105cfabddafe98b5c1ec0a24ba	archive-xwzx-2026-part-004.tar.gz
UploadFiles/xwzx/2026/5/202605221535391907.png	37390	4a7c2b74d88cff3a04257449d67927e51c620626e39bac77f3a70d2f26e01ea1	archive-xwzx-2026-part-004.tar.gz
UploadFiles/xwzx/2026/5/202605250951495875.png	24642	9bc47b0eb80b21201ffa25b5d6cd023e081414716097b893646ed768439b277e	archive-xwzx-2026-part-004.tar.gz
UploadFiles/xwzx/2026/5/202605251057094530.png	314050	47b3c8309452b97314c9dde0bd978bca0800d2d0a0238fec2edf14ccdffdb0c4	archive-xwzx-2026-part-004.tar.gz
UploadFiles/xwzx/2026/5/202605251057595847.png	32673	1a9848ee3017976bf1517d8e0878cd869037ba6a977958a33d7a79c8d6e106f6	archive-xwzx-2026-part-004.tar.gz
UploadFiles/xwzx/2026/5/202605251104153389.png	42132	e49d92cf00573a411c84219e19ae8008c915ef81920fbfbada807921de899216	archive-xwzx-2026-part-004.tar.gz
UploadFiles/xwzx/2026/5/202605251353252571.png	344487	6c23fb85bd0958215374134ee20264a3242264f26202f2eccc7685ecf3571978	archive-xwzx-2026-part-004.tar.gz
UploadFiles/xwzx/2026/5/202605260836427061.png	21233	887327de693c3b1270148b09106b3f42cb22509007d9a5021143077b614d0829	archive-xwzx-2026-part-004.tar.gz
UploadFiles/xwzx/2026/5/202605261449037265.xls	667136	297d5f7b14f638b89290eaa41381449e466c52942b4095a67ad20e70443c89f7	archive-xwzx-2026-part-004.tar.gz
UploadFiles/xwzx/2026/5/202605261505306439.JPG	1917058	2f8f7641a35d76af7757d187084aa5f2571cbfcdb59b6e215c003ad935dbf0be	archive-xwzx-2026-part-004.tar.gz
UploadFiles/xwzx/2026/5/202605261506331462.png	426465	6cd440ccb3555e8da0ec0483849e9c16aa93e4aadca76aae622f2c4937d68d9e	archive-xwzx-2026-part-004.tar.gz
UploadFiles/xwzx/2026/5/202605261506336780.jpg	408352	c9370cb03dd99092df696b9a1c1da5e081678597520781e5e746958a9b60ead6	archive-xwzx-2026-part-004.tar.gz
UploadFiles/xwzx/2026/5/202605261506352308.png	2024560	eaf7c042b1f6708d8ef59ed07db04e4811855d6eee4af4a3c3fd21da05ba545f	archive-xwzx-2026-part-004.tar.gz
UploadFiles/xwzx/2026/5/202605261506360320.jpg	344291	0afd1b48dfa59bce51a57013e2f21674af60a32353851d36e796680257535769	archive-xwzx-2026-part-004.tar.gz
UploadFiles/xwzx/2026/5/202605261506360622.JPG	2411265	f3a31775eba40d97bd4732762e531aa87eae71cd51f3f5efb866e98911f6b1eb	archive-xwzx-2026-part-004.tar.gz
UploadFiles/xwzx/2026/5/202605261506361012.JPG	3097234	4652c070a251d48bad0e7012ee7b5cb46fdeb22b20e78d970ca632fc54566712	archive-xwzx-2026-part-004.tar.gz
UploadFiles/xwzx/2026/5/202605261506361568.jpg	457781	992a3c978b21190bc134d396ae27a63446b5567218e3ca44b932be0375fe3e84	archive-xwzx-2026-part-004.tar.gz
UploadFiles/xwzx/2026/5/202605261506362800.JPG	519628	256fb77667a85f8aed78029a9542ec7f6cb58113b1d03346935f7012ec322ccb	archive-xwzx-2026-part-004.tar.gz
UploadFiles/xwzx/2026/5/202605261506364566.jpg	224443	7c1218dfb9830559ad20ac56a0844ba5acd51ebeca37d35cbb5b3c64b886d747	archive-xwzx-2026-part-004.tar.gz
UploadFiles/xwzx/2026/5/202605261506371993.JPG	1085441	e17e12dc6bbcd639d1e912d9643e381f1bb70a05b7e2403e8a56996f8159aede	archive-xwzx-2026-part-004.tar.gz
UploadFiles/xwzx/2026/5/202605261506384749.JPG	2774987	7cd967188d8a4b8b385a8a1b164ac0ce2d65e661b167e7c0aaf1b38d01f6b560	archive-xwzx-2026-part-004.tar.gz
UploadFiles/xwzx/2026/5/202605261506389323.JPG	2254667	1d8347bbc83c615434519cab047d9b1b85e9d5546efc332067c630da2e798c86	archive-xwzx-2026-part-004.tar.gz
UploadFiles/xwzx/2026/5/202605261507580089.jpg	12725127	672f0c9b9d63f855a844fd650e4af8d859a4984307976ba6b5950a6057858a5d	archive-xwzx-2026-part-004.tar.gz
UploadFiles/xwzx/2026/5/202605261508012185.JPG	14915933	04f9045134bf52a29a7621cbfa2721b34e3acd11f2284120fb90f46c729c88ef	archive-xwzx-2026-part-004.tar.gz
UploadFiles/xwzx/2026/5/202605261508035665.jpg	1518251	dd5ee46a7d475ebb00a36f950fea27bcc350ba6164dba8eefca3126c096cf642	archive-xwzx-2026-part-004.tar.gz
UploadFiles/xwzx/2026/5/202605261508077903.jpg	20413234	f6793108b8a0e5643b2c9298b598e75bf86087e316569b0eb6d885de7b8e3e02	archive-xwzx-2026-part-004.tar.gz
UploadFiles/xwzx/2026/5/202605261508113964.jpg	7390957	7c66ed3036883a450bcd4666a945a7fc559153ba8d8c241058687cb7c653d2a8	archive-xwzx-2026-part-004.tar.gz
UploadFiles/xwzx/2026/5/202605261508137391.jpg	2097426	7f962e177e42b0341e161e87faa3cae15a98af4fe45bf225117bb895b18aef21	archive-xwzx-2026-part-004.tar.gz
UploadFiles/xwzx/2026/5/202605261508147838.jpg	421627	191a54150b40b0412db698fe10b9914dcb685192fd4c522812acf06d6b0d3b5c	archive-xwzx-2026-part-004.tar.gz
UploadFiles/xwzx/2026/5/202605261508178876.jpg	19321597	734520139873fb39b5b4414606d088c5cfb576019aac6894bbab2a8f64b758ba	archive-xwzx-2026-part-004.tar.gz
UploadFiles/xwzx/2026/5/202605261508241652.jpg	18410962	2c9da45809d4db6412867520a5b9cc8731410f06dba59b766203bc79f0659542	archive-xwzx-2026-part-004.tar.gz
UploadFiles/xwzx/2026/5/202605261508260080.jpg	18219533	9c8f23679262069561cd70c7f712087be4401a34cfe5bcf9f1e9558593d305ba	archive-xwzx-2026-part-004.tar.gz
UploadFiles/xwzx/2026/5/202605261511399940.JPG	14403195	3f2e134d0de94fd4e4f89436afff24372e893b413a7f302b6222663e2070eec1	archive-xwzx-2026-part-004.tar.gz
UploadFiles/xwzx/2026/5/202605261511404732.JPG	14564007	fdfc1ed0ecc2e23ff48ebedb0252330c31795a39bedacf6c7367277b8004fe8f	archive-xwzx-2026-part-004.tar.gz
UploadFiles/xwzx/2026/5/202605261511431676.JPG	17755759	a7ade655144c7c7c822f41f7bc0e164a1893d596820a0ef12a702181adb52344	archive-xwzx-2026-part-004.tar.gz
UploadFiles/xwzx/2026/5/202605261511541484.JPG	14331152	b31800e588de56a39c3d22f15055dbf62138734796c5e45430b75fcc056200a0	archive-xwzx-2026-part-004.tar.gz
UploadFiles/xwzx/2026/5/202605261511561450.JPG	15161595	12b34349501bdbfc1883e120fa6be1a13ef8afe8cbc86e0b106bcc85e78ec31a	archive-xwzx-2026-part-004.tar.gz
UploadFiles/xwzx/2026/5/202605261512027261.JPG	16145861	e36d6ebd1f1e2603beba4d9a13e8823e76868248eb5275c9bb9a9a3a8e4dddf1	archive-xwzx-2026-part-004.tar.gz
UploadFiles/xwzx/2026/5/202605261512134823.JPG	14885277	424ff115ca6c8f20584a435b04514a3614fb8362bbaf13053827dccf869afc93	archive-xwzx-2026-part-004.tar.gz
UploadFiles/xwzx/2026/5/202605261512148326.JPG	14802090	10f24cb397a1ab7a63f857e4772bc006480008521d3f85209b8a9979ed6f4d13	archive-xwzx-2026-part-004.tar.gz
UploadFiles/xwzx/2026/5/202605261512183453.JPG	15355223	0aac010fce61a473a057950eef2b2aa7c37fb34caa027b93fd1dedd009ddf85e	archive-xwzx-2026-part-004.tar.gz
UploadFiles/xwzx/2026/5/202605261512268545.JPG	15363970	bfbae863b9520d062392f22ecc0431e488a2f6c5fde42bc30216d11fcbebf7a0	archive-xwzx-2026-part-004.tar.gz
UploadFiles/xwzx/2026/5/202605261512294744.JPG	15895855	33225cfea8644cf2a997455095e709a2f789f2c38d3f4659dbee29890b2ed725	archive-xwzx-2026-part-004.tar.gz
UploadFiles/xwzx/2026/5/202605261512322555.JPG	16478184	6ed34be465884bc38a6b08ffcd501d35b658b6018449403cda0f0a7304b2bdf4	archive-xwzx-2026-part-004.tar.gz
UploadFiles/xwzx/2026/5/202605261512408723.JPG	16048543	8b67d62d18713bbe53c13ca4881058aa52928d2d00fb2b26de0c929a241d14dd	archive-xwzx-2026-part-004.tar.gz
UploadFiles/xwzx/2026/5/202605261512465696.JPG	16634580	1213a13d0080aaf7a09eb59b7d79f6eb0127b4d938a1b37da822af0cd857dc24	archive-xwzx-2026-part-004.tar.gz
UploadFiles/xwzx/2026/5/202605261512483365.JPG	16603038	0d5107906496511e83367d8e69c074a8f6ebb1e098464037b14f3c288a0f1ca1	archive-xwzx-2026-part-004.tar.gz
UploadFiles/xwzx/2026/5/202605261512565037.JPG	16371081	400a39cd222ba2a4e141379a0f4918dd82e9d9b1f0936a16540d582ea06377c0	archive-xwzx-2026-part-004.tar.gz
UploadFiles/xwzx/2026/5/202605261513023037.JPG	16840476	d29a2aaf4847685d7c831b96131ec348c4630af57f57edbfde020ab92fa1937f	archive-xwzx-2026-part-004.tar.gz
UploadFiles/xwzx/2026/5/202605261513028465.JPG	15022341	82277ef25aa0cccebb4efdd5f128956e4ccd51e6c203322f71fbe4eb7a3a2129	archive-xwzx-2026-part-004.tar.gz
UploadFiles/xwzx/2026/5/202605261513119950.JPG	16008339	db971f0eb86a557d8b10d36d42b235e2a1e80a9f6f7c1446e06de5cf7b73d83e	archive-xwzx-2026-part-004.tar.gz
UploadFiles/xwzx/2026/5/202605261513168298.JPG	15665428	c6e2f2ad8914b0ed3ea5404b17a11e6c7854eef05ebd80aac5aeff5043df3b8e	archive-xwzx-2026-part-004.tar.gz
UploadFiles/xwzx/2026/5/202605261513173641.JPG	15766830	50a7961d689c6c794217b63a6b28c45347586e1bd4066f4930ded0c9aa91fd23	archive-xwzx-2026-part-004.tar.gz
UploadFiles/xwzx/2026/5/202605261513240916.JPG	15348234	472cfbf131b0e51c27944a2782c59de798a85628dd0ce053ca5f37c77a35e5c6	archive-xwzx-2026-part-004.tar.gz
UploadFiles/xwzx/2026/5/202605261513300745.JPG	238063	b19bf825877fd15b7fd36ee7eb13869062006c56cad0e0a48eaa885f777c13bd	archive-xwzx-2026-part-004.tar.gz
UploadFiles/xwzx/2026/5/202605261513301774.JPG	214939	7efe55f48c559b353e9b10411c94183b43a23d9c7d2155202f2c325c4a50606d	archive-xwzx-2026-part-004.tar.gz
UploadFiles/xwzx/2026/5/202605261513301981.JPG	160214	df39a42daf9cd88509adec1a843b71df8c29f5a702c4fc63ffb3b7cb0dde3834	archive-xwzx-2026-part-004.tar.gz
UploadFiles/xwzx/2026/5/202605261513303601.JPG	15782185	b2910ed45da7027a6b3f0534bb05c1a275b0c4cd49f1a697bb5bd7383eb8c892	archive-xwzx-2026-part-004.tar.gz
UploadFiles/xwzx/2026/5/202605261513304729.JPG	260766	bcb5ecd45d997d1465b1e93e51d5a84969317f2258c3415e570d39b763423eb6	archive-xwzx-2026-part-004.tar.gz
UploadFiles/xwzx/2026/5/202605261513304904.JPG	16092945	ee9e2f58a75f3f8499ea32182e407f3143f357aff6618c29866e1ae9306cbaec	archive-xwzx-2026-part-004.tar.gz
UploadFiles/xwzx/2026/5/202605261513305263.JPG	569027	a8052eb34791338572a85c9d75117b75ab29e32db8d3503364a511a53096952b	archive-xwzx-2026-part-004.tar.gz
UploadFiles/xwzx/2026/5/202605261513309994.JPG	194543	f8d5a24637fb50c79898d0f2b8b13437bfc1cfb124ced55487146f4a3198fdb5	archive-xwzx-2026-part-004.tar.gz
UploadFiles/xwzx/2026/5/202605261513310161.JPG	186448	808331161fa70945c0a898786452e8493976b9663d633ebece472d98fe2544e2	archive-xwzx-2026-part-004.tar.gz
UploadFiles/xwzx/2026/5/202605261513311865.JPG	179320	ffe9dd8ddf351fe8101033b7a468490c0e79008a27938ee41a4019096a677755	archive-xwzx-2026-part-004.tar.gz
UploadFiles/xwzx/2026/5/202605261513314160.JPG	260585	9ad9e815340ca96b495e4cce05cfb81f39a7439690666c90d4a5a6141e841a35	archive-xwzx-2026-part-004.tar.gz
UploadFiles/xwzx/2026/5/202605261513318729.JPG	185024	cd97b7adad981098f7065ade8ee71a60c7954d3f70a52a9ed413e372298e391f	archive-xwzx-2026-part-004.tar.gz
UploadFiles/xwzx/2026/5/202605261513339003.JPG	15153828	4dd6fbf7c342cca4eeca0b66e1a6d47c16826b63c34705d5c14ce1339b3d5344	archive-xwzx-2026-part-004.tar.gz
UploadFiles/xwzx/2026/5/202605271501374893.png	33539	29aa8eea05f2f17d5077f29966128c56ee066d829bcb5ae8fc7330a1b7d821f3	archive-xwzx-2026-part-004.tar.gz
UploadFiles/xwzx/2026/5/202605271626133759.JPG	130743	ecfe2eaf81aa6f1c6d241a4d632e7da1c718a098562198a02a9eeebfd7fb37ad	archive-xwzx-2026-part-004.tar.gz
UploadFiles/xwzx/2026/5/202605271626136513.jpg	402875	36ac9f76d91b45f64427838abe29a1faffa7e846fd966aee6f932efd0c8fe285	archive-xwzx-2026-part-004.tar.gz
UploadFiles/xwzx/2026/5/202605271626152286.JPG	5525904	02ee134b0d6b4f76e381fb3f2fdda94277f937bed9429ede8dc76d9673e78eed	archive-xwzx-2026-part-004.tar.gz
UploadFiles/xwzx/2026/5/202605271626158914.JPG	3372915	c34d385417ef7df6cb4aa68938f4400ba90560f2a900e9d2b348e6abca2ffff3	archive-xwzx-2026-part-004.tar.gz
UploadFiles/xwzx/2026/5/202605271626160788.JPG	2476734	9e6864fea9470c29b3be5b8b3a26dce894d9b280f0519c76312eda8044fdb575	archive-xwzx-2026-part-004.tar.gz
UploadFiles/xwzx/2026/5/202605271626162081.JPG	2448534	cda86455c7105ecdc5b8c689b0e5ac004aec28385dc1454485962a376d3c87be	archive-xwzx-2026-part-004.tar.gz
UploadFiles/xwzx/2026/5/202605271626171470.JPG	1874487	5d06fd8a5f81b4bd8f15ac798b53eff4fd45bdb2e3ecaa397d4c6cab5e63acd7	archive-xwzx-2026-part-004.tar.gz
UploadFiles/xwzx/2026/5/202605271626173191.JPG	4901705	080a37728e046e80d851fa304837968f21531944f4f927e09a54237efac795c2	archive-xwzx-2026-part-004.tar.gz
UploadFiles/xwzx/2026/5/202605271626174209.JPG	5264472	34ff0e5ea3998d70003a804868bb0232befb69e940359d3e57bc6fed60daba8c	archive-xwzx-2026-part-004.tar.gz
UploadFiles/xwzx/2026/5/202605271626179185.jpg	2552209	9d354df14cc3dd122a8a7922453562f073dcc399a717aa6ec9f9c18214b0b078	archive-xwzx-2026-part-004.tar.gz
UploadFiles/xwzx/2026/5/202605271626180937.png	424845	e7dc307944061793b575bd3894021a9c7825d3345033f9f7ea3f08fc739edddf	archive-xwzx-2026-part-004.tar.gz
UploadFiles/xwzx/2026/5/202605271626182113.png	588776	b6f789a794924bb08734f1a20427621ee1b2d1460fbfa01113e7cead5e70510e	archive-xwzx-2026-part-004.tar.gz
UploadFiles/xwzx/2026/5/202605271626185042.png	656684	0a037ccb7c51482b284e3f6fca4c7648b7886111728889f89811539a513bb38b	archive-xwzx-2026-part-004.tar.gz
UploadFiles/xwzx/2026/5/202605271626185197.JPG	2661633	970c98b8455ccce4818a57f0bedf97df2ee37c5682f84bf621f407c0d603735c	archive-xwzx-2026-part-005.tar.gz
UploadFiles/xwzx/2026/5/202605271626186876.png	402129	24dd450ffda898be403fcac2da7c73dd535b4fb53cf5203054cab5d39fa0a5f4	archive-xwzx-2026-part-005.tar.gz
UploadFiles/xwzx/2026/5/202605271626187312.JPG	3539719	508e70b7c50e3b91806ecd792b2c3d6e5ea164b6320e4847aea9842723ee94aa	archive-xwzx-2026-part-005.tar.gz
UploadFiles/xwzx/2026/5/202605271626188354.png	798800	9a38308b77d5f5d47e88202c095b2e194005303031abcad15b96b3e876766e5e	archive-xwzx-2026-part-005.tar.gz
UploadFiles/xwzx/2026/5/202605271626190725.PNG	1203411	8fe6296c0cab9e95d1704389f92e7eb80bf87c4cd6cd35e122f663cdfe31142b	archive-xwzx-2026-part-005.tar.gz
UploadFiles/xwzx/2026/5/202605271626195769.JPG	110037	20dc424b8f812635d202985c3e7e41b60b3f8038df31e3313ea9cd46dc811850	archive-xwzx-2026-part-005.tar.gz
UploadFiles/xwzx/2026/5/202605271626198692.JPG	3716281	22e45ebe386bbcda52b079af9c1a36cb99ed7faef509e9724753981985962ac0	archive-xwzx-2026-part-005.tar.gz
UploadFiles/xwzx/2026/5/202605271626199209.JPG	4084810	87db063af102cee31027ecc509ebedfe09951f27cabaf1366f6506ae6d014703	archive-xwzx-2026-part-005.tar.gz
UploadFiles/xwzx/2026/5/202605271626200425.JPG	99512	8db2e5584738a3b3228413e99dc6edd6b6abc1536b21c2b8546ad12952138ee4	archive-xwzx-2026-part-005.tar.gz
UploadFiles/xwzx/2026/5/202605271626201763.jpg	1608045	bb5257a514026c483c6bce67b2f0e77c3d8a30c333469e631113df17f018eba6	archive-xwzx-2026-part-005.tar.gz
UploadFiles/xwzx/2026/5/202605271626203322.png	1340293	7e22c719b58d5de83f1e4bf3c75ea187a96d028d2a726c1dc46e867a79279d19	archive-xwzx-2026-part-005.tar.gz
UploadFiles/xwzx/2026/5/202605271626203360.PNG	1322048	157ad9680a2e9f93c93a6639339d53b7fd4d7cdfed98d7fc3fe72b36b5393181	archive-xwzx-2026-part-005.tar.gz
UploadFiles/xwzx/2026/5/202605271626205305.JPG	185983	7f93cba290119bceda93c7de049e7cf485541f0074431af11e8ec0ed08256134	archive-xwzx-2026-part-005.tar.gz
UploadFiles/xwzx/2026/5/202605271626208388.JPG	208905	c531fbe51c8c12da7363b9e7cc1e917404673e0520f5747429f1d4564b1cb1d3	archive-xwzx-2026-part-005.tar.gz
UploadFiles/xwzx/2026/5/202605271626214248.jpg	732815	a10a34ade11846e8333714ba9868cd48ad6689dcdb049bfbe39fdab2223354b7	archive-xwzx-2026-part-005.tar.gz
UploadFiles/xwzx/2026/5/202605271626219532.JPG	2119501	27eb4f8088b782a83a65285dc7e17693d8e45188fc68732014d4c581350d3312	archive-xwzx-2026-part-005.tar.gz
UploadFiles/xwzx/2026/5/202605271626229436.jpg	8759513	337024c93fd1ad5811d5c6bca758e11765ecf9e93ff0ecd45f6ee286226ee237	archive-xwzx-2026-part-005.tar.gz
UploadFiles/xwzx/2026/5/202605280651163270.png	18807	de8eaff8a1d26367c4d5b06b254b39b9559613ccc04a7c0e93dce6bb042012a0	archive-xwzx-2026-part-005.tar.gz
UploadFiles/xwzx/2026/5/202605280916425477.rar	5978750	1589e8fb84bcb75853aaf6156a7fc5ffc8019999a36aa9d652be5cbaa2eb340b	archive-xwzx-2026-part-005.tar.gz
UploadFiles/xwzx/2026/5/202605280916562432.docx	21003	29d5e4ea6cb85a8cf1a5f183398eb5ed7c25314af78c22562d56f9d7153db261	archive-xwzx-2026-part-005.tar.gz
UploadFiles/xwzx/2026/5/202605290814427378.png	55567	51c98cc0a34d46897cfbee4a350d3045defb38d754610bc82628c804327982e8	archive-xwzx-2026-part-005.tar.gz
UploadFiles/xwzx/2026/5/202605290828363415.png	83059	59d0363cd1a81843fcce97c028c1f5eb936395464ee7ab848da848f002f604a1	archive-xwzx-2026-part-005.tar.gz
UploadFiles/xwzx/2026/5/202605291450102666.png	31874	875c86e8ac77c94d518f5148cbbb9c905769387f8278ae6e8dc33948e257aa97	archive-xwzx-2026-part-005.tar.gz
UploadFiles/xwzx/2026/5/202605291812116839.png	126041	c5083cfd55d8d8e1dd5da4bdc79c396d7f5f79b706054ff7091a1a75516dffd4	archive-xwzx-2026-part-005.tar.gz
UploadFiles/xwzx/2026/5/202605301221318096.jpg	516324	9ab916dad4340c0229efd73a7ad5a48004eb3c3cb9ee3eaa8661753aff5309ff	archive-xwzx-2026-part-005.tar.gz
UploadFiles/xwzx/2026/5/202605311825189809.png	605429	c254429c182850ad094b7553c824226a54015c3e878b5d0722a0989048717f86	archive-xwzx-2026-part-005.tar.gz
UploadFiles/xwzx/2026/6/202606010828251489.png	232715	83aaf483c6087e0694cebd23573b71343ce6e2b6029db4a011b55dcaee639c07	archive-xwzx-2026-part-005.tar.gz
UploadFiles/xwzx/2026/6/202606011148013127.doc	173056	e2a3c1a38e663ac6cc77402e78d00686f1d51383da9028e78208d83692b71b67	archive-xwzx-2026-part-005.tar.gz
UploadFiles/xwzx/2026/6/202606011446262045.png	32791	6bf9df99b7aa2edcd89507653409a983856eeda984f5185c1ec3323f4530c850	archive-xwzx-2026-part-005.tar.gz
UploadFiles/xwzx/2026/6/202606011451574322.png	31233	00a30e526ec6c0d60f343b9bd1d3e89a341716fd0c25b60b7c0ab54ca2b2a32d	archive-xwzx-2026-part-005.tar.gz
UploadFiles/xwzx/2026/6/202606011507105083.png	31291	9e95222b890eca41c6d68ada90630e2a3fede5c9706be031a84ca84eb641819c	archive-xwzx-2026-part-005.tar.gz
UploadFiles/xwzx/2026/6/202606021608572214.png	31078	ca38cc6563d3ba9851e8d96312b985ab689e4f5be4e210c3ad0a133d3c421c6c	archive-xwzx-2026-part-005.tar.gz
UploadFiles/xwzx/2026/6/202606031117001071.png	1321672	0d289b0bc5f508c4f4481cbf869b8eb28316426543b4e9159291914d1ee54f20	archive-xwzx-2026-part-005.tar.gz
UploadFiles/xwzx/2026/6/202606031117004459.png	1552106	1d39c5eb2912763e737778f7727596cec6ec2bea73988ac8b1aabacd4977d858	archive-xwzx-2026-part-005.tar.gz
UploadFiles/xwzx/2026/6/202606031117006217.png	921489	21b746487e8cfa9576462c7dbdd91100445e7a9fd02168874d1bd86540b87319	archive-xwzx-2026-part-005.tar.gz
UploadFiles/xwzx/2026/6/202606031117010118.png	1713473	c47b41cf772051722aac5e8d696a1a2d26f0c94526430025e315aafddb5f61e8	archive-xwzx-2026-part-005.tar.gz
UploadFiles/xwzx/2026/6/202606031117010331.png	977493	59263055edb57cf073381e5c8bd77b3b92c76d9f7d8620b78899864aafc003d6	archive-xwzx-2026-part-005.tar.gz
UploadFiles/xwzx/2026/6/202606031117012089.png	1604017	20c1b1812e5591faa628a2c1cdef5dc09e2dc97e2989cd865dc3ead1bfe7428a	archive-xwzx-2026-part-005.tar.gz
UploadFiles/xwzx/2026/6/202606031117012419.png	1297065	f3a959bf60fe56a738a89c57f031c78ae43407069e4c472f2b85f6de75a8874f	archive-xwzx-2026-part-005.tar.gz
UploadFiles/xwzx/2026/6/202606031117018355.png	2194287	ff50c71c273eb97b5d35e42fc1c727dd89be951e84993961729ddcea5fb353e0	archive-xwzx-2026-part-005.tar.gz
UploadFiles/xwzx/2026/6/202606031117020756.png	1299984	05e3032b1d825286f58b36ad67b5ea6aed8dbdf240112d257d997c3c35791050	archive-xwzx-2026-part-005.tar.gz
UploadFiles/xwzx/2026/6/202606031117024066.png	789036	4c7ff30390f4ac056664b7e2ad24e75bf3624d50099d6d8ee3f6b8125245b3d1	archive-xwzx-2026-part-005.tar.gz
UploadFiles/xwzx/2026/6/202606031117026762.png	2131918	36634abdb08110b3cbaff3979239a32893a7174767d7f2c48098f66047ffd4d3	archive-xwzx-2026-part-005.tar.gz
UploadFiles/xwzx/2026/6/202606031117026773.png	537309	2fc1e767006f269fb96e8b631f2e414b48231c960d3e3090db08f4e897d574e1	archive-xwzx-2026-part-005.tar.gz
UploadFiles/xwzx/2026/6/202606031434555247.png	37433	487f8d8727136353911cc0ac554ab4aa703fb43c11782e4e47f3ce485d244855	archive-xwzx-2026-part-005.tar.gz
UploadFiles/xwzx/2026/6/202606031435542162.png	34890	e9fa532384cf70228263af9c0e5ef13dc6421414dd2679d2e567f97470b8f965	archive-xwzx-2026-part-005.tar.gz
UploadFiles/xwzx/2026/6/202606031441083242.png	37741	303ac31302dfc8174b49f32026d9ad2c38ae747a4fbf74b72b9ff8e93536e6e8	archive-xwzx-2026-part-005.tar.gz
UploadFiles/xwzx/2026/6/202606031452502683.png	35647	31a3fe796e32250eb2597966fff0ad1dc7eea60dde95422e87e40e1a79674457	archive-xwzx-2026-part-005.tar.gz
UploadFiles/xwzx/2026/6/202606031455103266.png	32141	b10128a0e5e260725d473162e54eb352e6ebc4f250e07315a05a9011b232a3a9	archive-xwzx-2026-part-005.tar.gz
UploadFiles/xwzx/2026/6/202606031457021491.png	33985	931cc9b9e85f2211b751624336f0557a6ebfd7d855122cb300d729b4ea1effaa	archive-xwzx-2026-part-005.tar.gz
UploadFiles/xwzx/2026/6/202606031458080455.png	32510	f53d2d66a6c1d248e73a70aa172a6c7029797da4fc4e7bc5a20b544ba23b134c	archive-xwzx-2026-part-005.tar.gz
UploadFiles/xwzx/2026/6/202606031459294603.png	33635	8032a9ff45c96ca67e6c96c638e9bc57b0cac69b880f7381bb6789cd804c0ecd	archive-xwzx-2026-part-005.tar.gz
UploadFiles/xwzx/2026/6/202606031500357020.png	37090	30567d195815b34905f31553dc0f629f14a60828316d57a649b391915b2695c0	archive-xwzx-2026-part-005.tar.gz
UploadFiles/xwzx/2026/6/202606031633249459.png	31047	6718e1605268383799157fc4882c891616b70bf39d30f5b122730cc33c86e9b8	archive-xwzx-2026-part-005.tar.gz
UploadFiles/xwzx/2026/6/202606040845341381.docx	289224	5596163deca02667d1ae0f208b36870a61ca5b43905281b6954a59ee0759f6ea	archive-xwzx-2026-part-005.tar.gz
UploadFiles/xwzx/2026/6/202606040847444559.docx	316274	ae657f798635745c0cd11f11de2f28263ec94c4061d6ef3d262d9175956013b4	archive-xwzx-2026-part-005.tar.gz
UploadFiles/xwzx/2026/6/202606040849054422.docx	322296	a3c6d31a344ba449968bc3d651c039754d68cb8a19eef01653edf75fc3521e99	archive-xwzx-2026-part-005.tar.gz
UploadFiles/xwzx/2026/6/202606040849563393.docx	282345	0b52227b815266ce520d610ab755ab43588fd56726488735387e5a33b9040837	archive-xwzx-2026-part-005.tar.gz
UploadFiles/xwzx/2026/6/202606041122486884.png	11766	be6105bc206aecbf898ef145a2c8e74794f55fc158a86f10eada24903dbf6bbb	archive-xwzx-2026-part-005.tar.gz
UploadFiles/xwzx/2026/6/202606050840112716.JPG	16783977	bc4022603344b56a6b2d7fd78f32fe0cc32a0a44ab127a5e8d4eb80e6480ff33	archive-xwzx-2026-part-005.tar.gz
UploadFiles/xwzx/2026/6/202606050840130490.JPG	17054967	2c3c621358f72262edc55cbdec73abdcf2e576be969c07732ae111285dda8c61	archive-xwzx-2026-part-005.tar.gz
UploadFiles/xwzx/2026/6/202606050840135491.JPG	13547767	6a1e7a1e9735dd8f3043dfbb5267712b2532cae3d8862a86db9842094ca4b0ce	archive-xwzx-2026-part-005.tar.gz
UploadFiles/xwzx/2026/6/202606050840301711.JPG	5684449	59996e857cf2b34e5d7f67d2fdc7b5ad6b4cc4e1086909be2557df8db5d0f44f	archive-xwzx-2026-part-005.tar.gz
UploadFiles/xwzx/2026/6/202606050840315228.JPG	6615712	de4b626156d1130ea0d2131891871fd9acc12a034cf2c4fc18bb5610bb19148e	archive-xwzx-2026-part-005.tar.gz
UploadFiles/xwzx/2026/6/202606050840316115.JPG	5525753	cc8e3cb5de4fab2bb8c7ead82291fb97dec6b926db89f6c4791a21c73bffbd78	archive-xwzx-2026-part-005.tar.gz
UploadFiles/xwzx/2026/6/202606050840319293.JPG	5616913	7f9c46b21df8c5d33ce37be69dc375ef1dd59882c0411decad63ee56ecdcae45	archive-xwzx-2026-part-005.tar.gz
UploadFiles/xwzx/2026/6/202606050840325914.JPG	6715864	d491d83d0d48efa7cd9833a0542a874aab9827188ecdb06410144047eebbe914	archive-xwzx-2026-part-005.tar.gz
UploadFiles/xwzx/2026/6/202606050840334610.JPG	6995977	1cde5069a421875c47a3a872df568e59e69f1682cc1f21f495e8e50dc60f610f	archive-xwzx-2026-part-005.tar.gz
UploadFiles/xwzx/2026/6/202606050840337594.JPG	6714130	0441c3cda7862571970ee05943c8c5fef71c0b3c0ce036beb58eea9a4c7609bc	archive-xwzx-2026-part-005.tar.gz
UploadFiles/xwzx/2026/6/202606050840344270.JPG	6503829	d103ce95734201fe65df4d4dff72f0a9be1e7fa28fef2c57592f09df49dde18e	archive-xwzx-2026-part-005.tar.gz
UploadFiles/xwzx/2026/6/202606050840349421.JPG	7246177	2a27a7cdd6527185f30a0a3c85de9d95294bea03fd5813851a3f7160f83f83e7	archive-xwzx-2026-part-005.tar.gz
UploadFiles/xwzx/2026/6/202606050840352621.JPG	6972874	bffcf43acf898c74f0bd1db381b833c7977d0a693b1236ee9e07ebe23a5bd47a	archive-xwzx-2026-part-005.tar.gz
UploadFiles/xwzx/2026/6/202606050840359209.JPG	5811359	758a48055655b62edd8b48acdc4d78ab355568a83d80951e4157886ae6bbd981	archive-xwzx-2026-part-005.tar.gz
UploadFiles/xwzx/2026/6/202606050840367813.JPG	5510676	bd5f3616f37ab93a18c858143b9c24185b4217e2a5221b356447ec78c96c5b64	archive-xwzx-2026-part-005.tar.gz
UploadFiles/xwzx/2026/6/202606050840371060.JPG	6893423	cc5e11853fbf0346861f4124c963a944d0af913fdb2e04a19b3fc636c54ebd92	archive-xwzx-2026-part-005.tar.gz
UploadFiles/xwzx/2026/6/202606050840382525.JPG	6305353	c5f6eceee6fd07616ee9670244fff01feef1b492c7b1e333106bfa41accf23cb	archive-xwzx-2026-part-005.tar.gz
UploadFiles/xwzx/2026/6/202606050840388779.JPG	13103607	ccf90e3e969d225f748ba4a33af21f3f4c2f7c1b3b3eb8de9f7db6766d2c533a	archive-xwzx-2026-part-005.tar.gz
UploadFiles/xwzx/2026/6/202606050840390165.JPG	6602803	97a0ea44c127369bb5120b91ed12c9c2f0736e4ddc8375c51a00c7e37642494f	archive-xwzx-2026-part-005.tar.gz
UploadFiles/xwzx/2026/6/202606050841019883.JPG	7715525	2a3b8af08682f20eca3c116833417dfa8e96f9af4bb23a3d22ecf74bf2d670e4	archive-xwzx-2026-part-005.tar.gz
UploadFiles/xwzx/2026/6/202606050841025258.JPG	6338730	7099ffdf8b858d8288473c3ec7b8e4d1d5bc3fadcc51ba1036640b7a13d7fdfe	archive-xwzx-2026-part-005.tar.gz
UploadFiles/xwzx/2026/6/202606050841026954.JPG	6588273	1ed9f3a5a1c262d6e053ef05ec9378ccbca1ea9c3f657e46332a6032a977b2e8	archive-xwzx-2026-part-005.tar.gz
UploadFiles/xwzx/2026/6/202606050841034965.JPG	6626487	e8d8aa4bc27cfcfaab156d9c43e5f9bb9032e37d1833167737f486fc78baf1cd	archive-xwzx-2026-part-005.tar.gz
UploadFiles/xwzx/2026/6/202606050841035798.JPG	6950820	0a0c230c88726362662a30560e62c214791d2ad15b50bb5e2e1df8b9da1ddafa	archive-xwzx-2026-part-005.tar.gz
UploadFiles/xwzx/2026/6/202606050841226599.jpg	625739	fefca2d89248ea00cb3cc8c632ce8584a38bb2ab59d6e65168299ee586990083	archive-xwzx-2026-part-005.tar.gz
UploadFiles/xwzx/2026/6/202606050841227288.png	616153	41c6b22538ac02df8b36fcdbfc2bdea129c22d1aa6f737d745538d37114e710e	archive-xwzx-2026-part-005.tar.gz
UploadFiles/xwzx/2026/6/202606050841229124.jpg	748001	e00ab1f623010a8c48fa3effcef18ff69b1f23c9dcca3e8f04a7a4791e1ea652	archive-xwzx-2026-part-005.tar.gz
UploadFiles/xwzx/2026/6/202606050841229318.jpg	1658799	b22692077c3dc5ccccb7af508752ce3eb1dbb2983223dbc2087efabc20e2413d	archive-xwzx-2026-part-005.tar.gz
UploadFiles/xwzx/2026/6/202606050841229878.jpg	2394235	534ecff781b55dbfc6ab912f65309c0fec825ed8a3e99c129cf4fe4649df6b69	archive-xwzx-2026-part-005.tar.gz
UploadFiles/xwzx/2026/6/202606050841234842.jpg	5903255	31c78ddafee927709fa77d410aaee472a8d0ab1c70f1c399f2f287e3bd2a449a	archive-xwzx-2026-part-005.tar.gz
UploadFiles/xwzx/2026/6/202606050841400808.png	490647	ae7e605bc25aefc77b0d720877477df36fa74b4e953c32423ad285f19eb81ae8	archive-xwzx-2026-part-005.tar.gz
UploadFiles/xwzx/2026/6/202606050858229039.png	34038	16da68a8db614c74879acaa0a5c40087edb57b0cdd26ee1ace2fc33fe03d4c31	archive-xwzx-2026-part-005.tar.gz
UploadFiles/xwzx/2026/6/202606060947375025.png	267086	0f7dae5ba60b7eca3c504cbd5040484c8a4cb24d1e6b30047daaf462372c0b42	archive-xwzx-2026-part-005.tar.gz
UploadFiles/xwzx/2026/6/202606110929425263.png	17140	c8f47f2b5e2f1983f7f3067dc0cc329a776f9b478d2fa67816b7811f23687d9b	archive-xwzx-2026-part-005.tar.gz
UploadFiles/xwzx/2026/6/202606111037060405.png	2029527	0d455c22f814b9e0ae8802f088183b8d120fa74593b5b0f481ffc26667927c97	archive-xwzx-2026-part-005.tar.gz
UploadFiles/xwzx/2026/6/202606111037095536.png	2151170	043d76a3d1b38210215f6706e9a7f5fdacbac5023089585c7e6bd5a1c73d7505	archive-xwzx-2026-part-005.tar.gz
UploadFiles/xwzx/2026/6/202606111037103164.png	1155124	a7b922085d120f4b6b4a5606781e81ef80789e824cf77cadb9a5a5303b39070f	archive-xwzx-2026-part-005.tar.gz
UploadFiles/xwzx/2026/6/202606111037108085.png	2636812	e6b31203a7d7e599b18ff4989e4f2b32421119106edbafcad386174d31d1b81d	archive-xwzx-2026-part-005.tar.gz
UploadFiles/xwzx/2026/6/202606111442555357.docx	16291	fdf0e6d6bb3eb0f9de9e0fae331a8924860cd67bbab2524ad439dffee16e9a8d	archive-xwzx-2026-part-005.tar.gz
UploadFiles/xwzx/2026/6/202606111521155702.png	30703	02ddef1e97af8aba546ea00ef931734268b01adf2943a824a363acad1bf5b2b0	archive-xwzx-2026-part-005.tar.gz
UploadFiles/xwzx/2026/6/202606111523108828.png	31144	b711c199bb65ac9194b2780e2eb32d80986868a6bb0c21c57e7b33e5b814048c	archive-xwzx-2026-part-005.tar.gz
UploadFiles/xwzx/2026/6/202606111523385714.png	36800	08d5afee61d7ec62a9a313aa3d09ee8d236c726ce76578a65c7d2912d04777d8	archive-xwzx-2026-part-005.tar.gz
UploadFiles/xwzx/2026/6/202606111657584131.xls	170496	d14060f3ef91790e11cb13de52dcf3f8ad5c255b0ce1cbd6f59fa7a483fe8217	archive-xwzx-2026-part-005.tar.gz
UploadFiles/xwzx/2026/6/202606120839367424.png	24007	de34e8889dd86174d78154e0ed110dddd1114fb37ce8dbd4d722dde92b08d6d6	archive-xwzx-2026-part-005.tar.gz
UploadFiles/xwzx/2026/6/202606120844389153.xls	562176	359d4ec25a856b26f814da4408cc06b8eff37fc6cbb07b95ccee2a242f13fed8	archive-xwzx-2026-part-005.tar.gz
UploadFiles/xwzx/2026/6/202606120850119626.png	15622	907e1cd73eb22a9ca952133c019cc679d9367521e7ee31682dd874c5bab0299c	archive-xwzx-2026-part-005.tar.gz
UploadFiles/xwzx/2026/6/202606120854550148.JPG	9080310	9ec2078b963f242187b1abed2541d030f9119123a8b35eb6d7d8e69d96f5fbee	archive-xwzx-2026-part-005.tar.gz
UploadFiles/xwzx/2026/6/202606120854566246.png	1786366	c9d7ac830f7ac86ccaeb8a2887e17483cdf504cd9c5569569e5779df512f5fb6	archive-xwzx-2026-part-005.tar.gz
UploadFiles/xwzx/2026/6/202606120854585601.jpg	3958108	972b701a3f7f61cb9880600cbe5c64747d8f47d746426fdac754e4f13759906f	archive-xwzx-2026-part-005.tar.gz
UploadFiles/xwzx/2026/6/202606120854594416.png	11910489	d0e018a48202db4abdd8144ba8a77ac9832dda18bf26901a6c77fab9c585562e	archive-xwzx-2026-part-005.tar.gz
UploadFiles/xwzx/2026/6/202606120855015518.jpg	8184853	1334e38271d094287651bc4740d3410ec695aa9cae0a3599888fe9ee3c972e3e	archive-xwzx-2026-part-005.tar.gz
UploadFiles/xwzx/2026/6/202606120855045039.jpg	21328744	cb36ea7482115d74a64973dcc4b49ac8bdf0c5f76e74a5d1e3e11816f998b438	archive-xwzx-2026-part-005.tar.gz
UploadFiles/xwzx/2026/6/202606120911285241.png	229693	074fdb941445d0ed0aed8d3d9ebac053c7a6d1cdec41b80b6abb7ffe753f59fc	archive-xwzx-2026-part-005.tar.gz
UploadFiles/xwzx/2026/6/202606121011246969.png	15020	263e3b5945e2b3393b40df14bfcda363ed60018b6a77a2e8bedd1ed3f357c8de	archive-xwzx-2026-part-005.tar.gz
UploadFiles/xwzx/2026/6/202606121013022111.png	47990	cdefb83e04919e687c4c99fa1565e43a9be72c5da1c753087bd614a923565c78	archive-xwzx-2026-part-005.tar.gz
UploadFiles/xwzx/2026/6/202606121427154674.png	230911	eaf85cb5ad2104f673feea1680d34d1bcf5cabd06ffa935314f6b7ff7874d065	archive-xwzx-2026-part-005.tar.gz
UploadFiles/xwzx/2026/6/202606121509062704.png	80732	bdf4887babd2eb56863a5c0244fa4aa76652126a5b282f7e4306ef6edee30db5	archive-xwzx-2026-part-005.tar.gz
UploadFiles/xwzx/2026/6/202606121528121476.png	56986	a5c39984509812c4a63d5070386655c0710f6a70a43de16c2af540bfa12212ab	archive-xwzx-2026-part-005.tar.gz
UploadFiles/xwzx/2026/6/202606151252048289.png	50304	2508d1d482dfa07e7b1f2588a2e58f84fa1a95e013e5e8896b1f8f29f1d08133	archive-xwzx-2026-part-005.tar.gz
UploadFiles/xwzx/2026/6/202606151252050591.png	48743	3241c003e5fe2d597613870bc298525eda0923c76c9e627097411a3eb3dc8c8c	archive-xwzx-2026-part-005.tar.gz
UploadFiles/xwzx/2026/6/202606151438150206.png	32897	b168431790e08eb892def4f323368915cdf28ff389153e384c8bb2fa22c80a34	archive-xwzx-2026-part-005.tar.gz
UploadFiles/xwzx/2026/6/202606151440230468.png	32600	92fb236f55778601837fd48c63f4e92565d4950e426ceb2cec1ecc7cd1d42dd1	archive-xwzx-2026-part-005.tar.gz
UploadFiles/xwzx/2026/6/202606151554071236.png	33891	787df35e28c3b8ef5ff33e7ea9a0995524399336c6379fa91183daf88eb85038	archive-xwzx-2026-part-005.tar.gz
UploadFiles/xwzx/2026/6/202606151608060125.png	292319	149ac7fd17f72b482579f901a4f8167ef334e9edf0c8353fa3109adf8cb47d43	archive-xwzx-2026-part-005.tar.gz
UploadFiles/xwzx/2026/6/202606151608062136.jpg	261602	c3f9304b9e81b216d7d4c8d688ba516f35f25da09cc2536c563c30249620338b	archive-xwzx-2026-part-005.tar.gz
UploadFiles/xwzx/2026/6/202606151608065177.png	722610	ee54f6e8320cc2b1739d63950cc5c32514c878bc7414148b02e423a922b6fb6d	archive-xwzx-2026-part-005.tar.gz
UploadFiles/xwzx/2026/6/202606151608075692.png	613902	5b61a81fbe6a03d460a1226431674a8361fb7786ecc8e16c1c58f406d7df3e6e	archive-xwzx-2026-part-005.tar.gz
UploadFiles/xwzx/2026/6/202606151608103881.JPG	11858899	970ec1582d6c4fe0a02e1ab053c003f727fc744a355db92d0444709fcfa899aa	archive-xwzx-2026-part-005.tar.gz
UploadFiles/xwzx/2026/6/202606151608130023.JPG	8137346	41040d58e36112eebe5b6c1bae12a46c3a13cc7a5e3da0fd8dbd0dc540f2aca2	archive-xwzx-2026-part-005.tar.gz
UploadFiles/xwzx/2026/6/202606151608166566.JPG	8748455	e3af5cddd08482e88c735d91c969533cafd011036d4244c04b96c7009f53ad18	archive-xwzx-2026-part-005.tar.gz
UploadFiles/xwzx/2026/6/202606151608203757.JPG	9204920	2ba0216404b18792c6313f27b0268c9df10e89e57b81e125c6b390621df2c294	archive-xwzx-2026-part-005.tar.gz
UploadFiles/xwzx/2026/6/202606151608209714.JPG	8913843	3f2548523d754fba81998332d3c3f261ac71de93b21dd1fb14210438091e0248	archive-xwzx-2026-part-005.tar.gz
UploadFiles/xwzx/2026/6/202606151608253105.JPG	9793293	43b835d79df7304d2abbf5f1aff97914d3e283ddf1e66d426a66439d55bf7f6d	archive-xwzx-2026-part-005.tar.gz
UploadFiles/xwzx/2026/6/202606151608264139.png	554787	a58a07f989d9db14de455f023970749cef4592888c24b8086eec440511064551	archive-xwzx-2026-part-005.tar.gz
UploadFiles/xwzx/2026/6/202606151608270503.png	577742	9de81a3ebc01fe7d1569392b89e9e3dc97530207c532aa0a4105446d7f3b76e2	archive-xwzx-2026-part-005.tar.gz
UploadFiles/xwzx/2026/6/202606151608273152.png	444951	45fafd77459ef1366c2f2120fe57c2e1863a1581b6992fe0a5244e5a2f9fc3da	archive-xwzx-2026-part-005.tar.gz
UploadFiles/xwzx/2026/6/202606151608274133.png	278455	ebc5b5d8f061f7a15f792c4451760eca54386543c8a7a3a16a5f35c04a25728f	archive-xwzx-2026-part-005.tar.gz
UploadFiles/xwzx/2026/6/202606151608275343.JPG	14684150	77d660373ec4047a24e2948e1274811712631176e649a8fe675d6bf573790f68	archive-xwzx-2026-part-005.tar.gz
UploadFiles/xwzx/2026/6/202606151608279000.png	533047	49a0f64e69de62756ffe9af971ed61a032e9267176d4d8ebb4fd227ddfe30ee2	archive-xwzx-2026-part-005.tar.gz
UploadFiles/xwzx/2026/6/202606151608284492.png	393014	9333107e91f28a33907c30da02f7edfb289ca62d5cfb574bae62c910c2ded368	archive-xwzx-2026-part-005.tar.gz
UploadFiles/xwzx/2026/6/202606151608285457.png	634938	b46949262e40edbc7aad8cb41b40b3b702f931be6d198109880c3b71209c056b	archive-xwzx-2026-part-005.tar.gz
UploadFiles/xwzx/2026/6/202606151608288369.JPG	9014379	268117a1aa4c624904251d0fd27806b7b23e28d842e834a718cff96c5550abf2	archive-xwzx-2026-part-005.tar.gz
UploadFiles/xwzx/2026/6/202606151609035300.jpg	502139	4917a0f67cc33f620ea62ba3932b792e5792aab7282f61bd01e34b3aa9cb5235	archive-xwzx-2026-part-005.tar.gz
UploadFiles/xwzx/2026/6/202606151609037330.jpg	11829248	d597c5343f1f5b98fcb52c4de6f9eddcb771ff76c937c7bf40ac7874bf3a81dc	archive-xwzx-2026-part-005.tar.gz
UploadFiles/xwzx/2026/6/202606151609042148.jpg	10715136	2af98480126902645b601f38b166c957aec0d1f37522a59990bddfb578667cc7	archive-xwzx-2026-part-005.tar.gz
UploadFiles/xwzx/2026/6/202606151609052953.jpg	10584064	ea56ae7a7e0ebb6f112583de5643b023e175ed1b2d7e5f6464f8dd9a5899148d	archive-xwzx-2026-part-005.tar.gz
UploadFiles/xwzx/2026/6/202606151609221913.png	1234132	06720609b27996d3662e1aceb65745cbc67ca6d572ddc0993730e09f22cce6ec	archive-xwzx-2026-part-005.tar.gz
UploadFiles/xwzx/2026/6/202606151609227035.png	1449053	342818fcc1f75f859210edd62db41e1bc23922f134f89292893f588b8bf263c7	archive-xwzx-2026-part-005.tar.gz
UploadFiles/xwzx/2026/6/202606151609380391.png	737688	84b2dbe917521ba86c14593e231c57b0c712a771aea5b0bb3f1da8612e07f099	archive-xwzx-2026-part-005.tar.gz
UploadFiles/xwzx/2026/6/202606151609384249.png	846782	195adbbbffbfd4628fbef0799a3f30f9df97fdffd28a90e6baf490982f1ca704	archive-xwzx-2026-part-005.tar.gz
UploadFiles/xwzx/2026/6/202606151609384645.png	945668	a34e18553c43d5d9cab0f9a3ad020ffbce52dfb0110f68ea07af51f3c20b833e	archive-xwzx-2026-part-005.tar.gz
UploadFiles/xwzx/2026/6/202606151609390304.png	916661	ca35809232bd6f39e256d1e6dd0fa29fb5e62e012e57e1dea80b7b2176293e61	archive-xwzx-2026-part-005.tar.gz
UploadFiles/xwzx/2026/6/202606151609390745.JPG	2651672	169d4f620d031c434aeb8b63504c0571ff66bed542355d527a8c1ac653ecc584	archive-xwzx-2026-part-005.tar.gz
UploadFiles/xwzx/2026/6/202606151609396950.png	986787	28e8e3e6840537e3939b9384b2953cfb0ea4e5645a538986268a2c69e4540c48	archive-xwzx-2026-part-005.tar.gz
UploadFiles/xwzx/2026/6/202606151609572316.PNG	260097	b685a7b5618b1bbc2c5838b3d3dbdfd39c3d39b4e180b6db6de32cc78859d73f	archive-xwzx-2026-part-005.tar.gz
UploadFiles/xwzx/2026/6/202606151609579618.jpg	2761610	e6847682f4e4b58343b500c20b8cb479c4541c9c5a0d9aff667b4b1c2b3edd06	archive-xwzx-2026-part-005.tar.gz
UploadFiles/xwzx/2026/6/202606151609580701.JPG	2077000	225ebfcde9ef36f03eaad1e076718b312845f0ca3bfc652ea3a5cb48d155b90f	archive-xwzx-2026-part-005.tar.gz
UploadFiles/xwzx/2026/6/202606151609584950.jpg	3746758	0b6580c816b701c74d00e098e6945b5a311c8e70d2b200bac983cbb9b7cf1c1a	archive-xwzx-2026-part-005.tar.gz
UploadFiles/xwzx/2026/6/202606161048286436.png	428060	746c594c1b7388179214442da31f3b080650665ab90f4596796f162fdc4f5a1f	archive-xwzx-2026-part-005.tar.gz
UploadFiles/xwzx/2026/6/202606161428503914.png	91484	c9b7894ac7f6c4125ed7d33be7a361c94533216d5d4e8d400be8471059f0ac55	archive-xwzx-2026-part-005.tar.gz
UploadFiles/xwzx/2026/6/202606161429101052.png	91273	3931e1937bbf952981bbecb60edc2cf2337aec6129569bbbc4eb7547ca425f11	archive-xwzx-2026-part-005.tar.gz
UploadFiles/xwzx/2026/6/202606161432320855.png	89307	0f865bab89f7d0556d1860e49b8a87b7ce5f3ab2a230d72dbdd4adbfe61f7421	archive-xwzx-2026-part-005.tar.gz
UploadFiles/xwzx/2026/6/202606161503096754.png	31434	83dc046c48542f4bbf88f91a69d3c9d9ae3bad5b35a63ce752389ae8fd5f1c2f	archive-xwzx-2026-part-005.tar.gz
UploadFiles/xwzx/2026/6/202606171600063247.png	32334	09cf7baad8326880d9d3803144d50c419bbfce23a299a70d9f367b21976b455f	archive-xwzx-2026-part-005.tar.gz
UploadFiles/xwzx/2026/6/202606180815347259.png	67430	78231e3c0c6f3c40cbd76319bde67f0f19f34badb455d6eea794fbba170060b7	archive-xwzx-2026-part-005.tar.gz
UploadFiles/xwzx/2026/6/202606180852045980.png	51958	91aa0be4f0fefc299b1384019f6b445e40962bb41e97f51a8eefbfb5ddb61729	archive-xwzx-2026-part-005.tar.gz
UploadFiles/xwzx/2026/6/202606181247260457.png	93006	96dfa152e2ef216f604fd0b3b29b6ac372d50d804f1172da2b2cd46237038036	archive-xwzx-2026-part-005.tar.gz
UploadFiles/xwzx/2026/6/202606181247261304.png	141563	9b87a43bf203266ea518ccea083ee9acf2956b4120e1c705540c4cf829a6cc2f	archive-xwzx-2026-part-005.tar.gz
UploadFiles/xwzx/2026/6/202606181247268606.png	107280	17a7bd1857aea0d650701efc611dfef33b0fb0e06dc3040d358de796af3f2125	archive-xwzx-2026-part-005.tar.gz
UploadFiles/xwzx/2026/6/202606181603532060.png	30871	4ac468d8fb3af95b205e79540216fd0055274b64de785c786c1e72855eecc691	archive-xwzx-2026-part-005.tar.gz
UploadFiles/xwzx/2026/6/202606211004342652.jpg	202640	e871c457549466f339f74b43e2c08b17eb794a727c16e1df34e9351b2f5e9b9a	archive-xwzx-2026-part-005.tar.gz
UploadFiles/xwzx/2026/6/202606211004344885.jpg	592009	7c7e6713720a50d997cdd72e688f65caa5b9af8505f06bc97200eae803801ca6	archive-xwzx-2026-part-005.tar.gz
UploadFiles/xwzx/2026/6/202606211004346194.jpg	2825729	cf0bf6eb355c72f56a4b040eb5b38ce149aea8a31830c5b35754258d86a4292e	archive-xwzx-2026-part-005.tar.gz
UploadFiles/xwzx/2026/6/202606211004354467.jpg	3899470	2752cbb8e87483f2c3f3d8bdcf4b8550027eba4044b4a897a6d950d80d6ea85e	archive-xwzx-2026-part-005.tar.gz
UploadFiles/xwzx/2026/6/202606211004359611.jpg	304437	318d58dafb0781afb8db9ec23976746e17a9d64b1cfb46b07eec50c32a0bad92	archive-xwzx-2026-part-005.tar.gz
UploadFiles/xwzx/2026/6/202606211004361759.jpg	4287354	5308f4dd485255596b6903b34513898c9ef7cd5e853dd2d0ff054c9d644fd239	archive-xwzx-2026-part-005.tar.gz
UploadFiles/xwzx/2026/6/202606211004365808.jpg	3266870	46c38aad776022448c8a113c91009f4b210775cf8cbe0b0613337e10594ffe92	archive-xwzx-2026-part-005.tar.gz
UploadFiles/xwzx/2026/6/202606211004370566.jpg	3652022	31107877d74f10429fbe5128b270ebc98a52ab244f951d30768df9fbea62b5c3	archive-xwzx-2026-part-005.tar.gz
UploadFiles/xwzx/2026/6/202606211004371839.jpg	4213792	8f037a2b7b75c2551cf04fc7421654b7af3cf0128d941fe8d6b9cb49ff6caeb2	archive-xwzx-2026-part-005.tar.gz
UploadFiles/xwzx/2026/6/202606211004377763.jpg	4384963	d627411061a7385fcfcf9247195d0ddbe603ae2a19ab25eca7b4165f39eafe1e	archive-xwzx-2026-part-005.tar.gz
UploadFiles/xwzx/2026/6/202606211004382996.jpg	3572584	24ce73703526e8f0602757bed677bcd8390f08db3d81eb1d8f84928df24727dd	archive-xwzx-2026-part-005.tar.gz
UploadFiles/xwzx/2026/6/202606211004384250.jpg	4377496	2e0f59de912a28136339856f2b9a91d8dd90b0d07c15b35543b6de7576228567	archive-xwzx-2026-part-005.tar.gz
UploadFiles/xwzx/2026/6/202606211004386633.jpg	4336492	dc99292f8f1ded4f93294a451f5141ef2686854caca2abbae29e6073dd360977	archive-xwzx-2026-part-005.tar.gz
UploadFiles/xwzx/2026/6/202606211004391675.jpg	3608125	77355a07b26a389ff9043c13dc1e0995787a7f7350e457f3c3b34da1ffea9e30	archive-xwzx-2026-part-005.tar.gz
UploadFiles/xwzx/2026/6/202606211004394504.jpg	3823535	7d1643a9cff5e92ef075a78fe5a2adda946459bb5fd2896a3c49e30ff04626ab	archive-xwzx-2026-part-005.tar.gz
UploadFiles/xwzx/2026/6/202606211004400405.jpg	3692649	dedbb32e1ac499a9f32e8587a4a92ab3b95f6568759cca5346011d16984c3f06	archive-xwzx-2026-part-005.tar.gz
UploadFiles/xwzx/2026/6/202606211004401741.jpg	3469141	3802d3f289b69e9763fa928876b2070bbdc770662602db35fd0c7167d356c571	archive-xwzx-2026-part-005.tar.gz
UploadFiles/xwzx/2026/6/202606211004404643.jpg	3864674	6939f03636fabdebbc5dca9c5e4011169ab3778b1061c11635fe4d5a58eeecb5	archive-xwzx-2026-part-005.tar.gz
UploadFiles/xwzx/2026/6/202606211004407978.jpg	4507644	e0983b7fb7335a3b0e26225f295998520339c7ebe9c778630f4c9f417cb80542	archive-xwzx-2026-part-005.tar.gz
UploadFiles/xwzx/2026/6/202606211004413020.jpg	4094343	69f6baaf3b2ccac295d68b2aa3a41ead827b832326bd3653bcc7b31867ac5f73	archive-xwzx-2026-part-005.tar.gz
UploadFiles/xwzx/2026/6/202606211004418952.jpg	3852339	a43351c13c6a79fda605fdc0bf17dcf001f425cdf4af9660f844b46fe092e622	archive-xwzx-2026-part-005.tar.gz
UploadFiles/xwzx/2026/6/202606211004433385.jpg	26856749	7682944a506c61a27533023df77653e1e4755b58aaad477e9462169b134a0b18	archive-xwzx-2026-part-005.tar.gz
UploadFiles/xwzx/2026/6/202606211006071018.jpg	3995704	cce6403b3460cdd423cbdf89cf8ae2b43b802e4ecd92a1c4b8de9521d02f8a8a	archive-xwzx-2026-part-005.tar.gz
UploadFiles/xwzx/2026/6/202606211006071713.jpg	4275311	e1969845e54fca8cc64773400dbcb31612309f04b2018a499d0a340dac1a0800	archive-xwzx-2026-part-005.tar.gz
UploadFiles/xwzx/2026/6/202606211006075255.jpg	3788096	b7ce008fa232463571a76bc6b8a0ff88742b90d70df85a1b07db387ba0a0b775	archive-xwzx-2026-part-005.tar.gz
UploadFiles/xwzx/2026/6/202606211006086727.jpg	4364975	ae0e187400d3cb2c435ae65276d719b1fecddef16b3a26c1c0c158ed3466b6d4	archive-xwzx-2026-part-005.tar.gz
UploadFiles/xwzx/2026/6/202606211006088101.jpg	3749971	1c97b97774351a50eee48d95fed85bf2de49381b4c2a201fa468451968ca0180	archive-xwzx-2026-part-005.tar.gz
UploadFiles/xwzx/2026/6/202606211006090427.jpg	4303069	38c42225940bafb224067ddf4d54ca7f0d2062663b38570e5b61c40490fd7729	archive-xwzx-2026-part-005.tar.gz
UploadFiles/xwzx/2026/6/202606211006090951.jpg	3702633	1bcdf85cc7e0f115d0493014a9065f9e7e39175a6cb4c71697511b2c50288b55	archive-xwzx-2026-part-005.tar.gz
UploadFiles/xwzx/2026/6/202606211006096751.jpg	4533229	45d35266c1f69660c32d4747a44d17934a31e485656cdd7e62cc338243cb93ec	archive-xwzx-2026-part-005.tar.gz
UploadFiles/xwzx/2026/6/202606211006105197.jpg	3572584	24ce73703526e8f0602757bed677bcd8390f08db3d81eb1d8f84928df24727dd	archive-xwzx-2026-part-005.tar.gz
UploadFiles/xwzx/2026/6/202606211006107887.jpg	3267191	21f4be3538aa171fc1a9b6e5b1229faf0b6ceed3cc654ded4c73d84253924df7	archive-xwzx-2026-part-005.tar.gz
UploadFiles/xwzx/2026/6/202606211006109543.jpg	4336492	dc99292f8f1ded4f93294a451f5141ef2686854caca2abbae29e6073dd360977	archive-xwzx-2026-part-005.tar.gz
UploadFiles/xwzx/2026/6/202606211006111046.jpg	4384963	d627411061a7385fcfcf9247195d0ddbe603ae2a19ab25eca7b4165f39eafe1e	archive-xwzx-2026-part-005.tar.gz
UploadFiles/xwzx/2026/6/202606211006116446.jpg	3652022	31107877d74f10429fbe5128b270ebc98a52ab244f951d30768df9fbea62b5c3	archive-xwzx-2026-part-005.tar.gz
UploadFiles/xwzx/2026/6/202606211006118731.jpg	3266870	46c38aad776022448c8a113c91009f4b210775cf8cbe0b0613337e10594ffe92	archive-xwzx-2026-part-005.tar.gz
UploadFiles/xwzx/2026/6/202606211006119135.jpg	4287354	5308f4dd485255596b6903b34513898c9ef7cd5e853dd2d0ff054c9d644fd239	archive-xwzx-2026-part-005.tar.gz
UploadFiles/xwzx/2026/6/202606211006125464.jpg	3608125	77355a07b26a389ff9043c13dc1e0995787a7f7350e457f3c3b34da1ffea9e30	archive-xwzx-2026-part-005.tar.gz
UploadFiles/xwzx/2026/6/202606211006132311.jpg	3692649	dedbb32e1ac499a9f32e8587a4a92ab3b95f6568759cca5346011d16984c3f06	archive-xwzx-2026-part-005.tar.gz
UploadFiles/xwzx/2026/6/202606211006133929.jpg	4507644	e0983b7fb7335a3b0e26225f295998520339c7ebe9c778630f4c9f417cb80542	archive-xwzx-2026-part-005.tar.gz
UploadFiles/xwzx/2026/6/202606211006135009.jpg	3864674	6939f03636fabdebbc5dca9c5e4011169ab3778b1061c11635fe4d5a58eeecb5	archive-xwzx-2026-part-005.tar.gz
UploadFiles/xwzx/2026/6/202606211006139833.jpg	3852339	a43351c13c6a79fda605fdc0bf17dcf001f425cdf4af9660f844b46fe092e622	archive-xwzx-2026-part-005.tar.gz
UploadFiles/xwzx/2026/6/202606211006141085.jpg	4149631	542955c48002bc3db95c897c02e679af67cd01872bde7aef4c6d79062a7cc893	archive-xwzx-2026-part-005.tar.gz
UploadFiles/xwzx/2026/6/202606211006143907.jpg	3469141	3802d3f289b69e9763fa928876b2070bbdc770662602db35fd0c7167d356c571	archive-xwzx-2026-part-005.tar.gz
UploadFiles/xwzx/2026/6/202606211006144204.jpg	3421561	0b93c0f56c2dd21e27219061a62c5582286982dee7200e1d8a835aae674135d6	archive-xwzx-2026-part-005.tar.gz
UploadFiles/xwzx/2026/6/202606211006150871.jpg	3651201	cc05a7453046a8e5489c0432d7b973a3fb9fe46b05f6ddac12b43de89911925c	archive-xwzx-2026-part-005.tar.gz
UploadFiles/xwzx/2026/6/202606211006154527.jpg	3248267	c6330f86f6d789441491539051a079837f533e031d956b7c23175a5e995e3121	archive-xwzx-2026-part-005.tar.gz
UploadFiles/xwzx/2026/6/202606211006157386.jpg	4094343	69f6baaf3b2ccac295d68b2aa3a41ead827b832326bd3653bcc7b31867ac5f73	archive-xwzx-2026-part-005.tar.gz
UploadFiles/xwzx/2026/6/202606211006159221.jpg	3742227	fe710118dd5a6d55f65d43f6823cfb6a19be2447b30ec8b032f0f44539b6f4bb	archive-xwzx-2026-part-005.tar.gz
UploadFiles/xwzx/2026/6/202606211006160054.jpg	3693279	8538f86c13114bccf95d80f394e779a415e3ff375c1a7ac5e85e74bcbb81f4f5	archive-xwzx-2026-part-005.tar.gz
UploadFiles/xwzx/2026/6/202606211006168468.jpg	4104813	d397ad0433666f8b7e7d156443b8f23a4d3efe881d4c4c35fc93c8ac31bfc95e	archive-xwzx-2026-part-005.tar.gz
UploadFiles/xwzx/2026/6/202606211006176105.jpg	3701362	02a9c9352fc5066c11e8dddead08dcd069ec642abc8f62f360cd8e1c4f0795dd	archive-xwzx-2026-part-005.tar.gz
UploadFiles/xwzx/2026/6/202606211552443724.png	31482	fdf1b7a5907d314847bae8992a6ba83766cddc12a4a0be2f39b98cd81c97f180	archive-xwzx-2026-part-005.tar.gz
UploadFiles/xwzx/2026/6/202606221408094027.png	363035	66cfdf2c7dfc3ce6c7215163ed0508fb56120d64f5108356239f8b70f77e013c	archive-xwzx-2026-part-005.tar.gz
UploadFiles/xwzx/2026/6/202606221444409926.png	31587	5165c3ef78a66c34f3c385f5d06dbba90445e174321d1fecf778ee046f6be7f7	archive-xwzx-2026-part-005.tar.gz
UploadFiles/xwzx/2026/6/202606221701164126.png	28896	aee96a1a8abcb1334fdfa967382f5978f0caa273e2414c710da9f8ee3e5df596	archive-xwzx-2026-part-005.tar.gz
UploadFiles/xwzx/2026/6/202606231045452235.xls	705536	4e2dee1a0254c5e2ae769cb126609bb166ec1ab8527cd8ddf68f4d26c870b079	archive-xwzx-2026-part-005.tar.gz
UploadFiles/xwzx/2026/6/202606231219184810.xls	963072	9898292633f0c4526e72df76b612bb7585f396a6a8cd7f305cc2107027e41b63	archive-xwzx-2026-part-005.tar.gz
UploadFiles/xwzx/2026/6/202606231514113491.png	31162	905cc8ef52a83591a8bd50fb05ed53db3398b6b90f692ab165a051405f4ab7d3	archive-xwzx-2026-part-005.tar.gz
UploadFiles/xwzx/2026/6/202606240914120770.JPG	1935890	cef6a4260e171e8d6ffdb416cddfd3c8688210a0035ab62d154e0229bfdf0cb8	archive-xwzx-2026-part-005.tar.gz
UploadFiles/xwzx/2026/6/202606240914125877.jpeg	911426	b4bd03cf8777b2ae660d2718e7f03a59cf1917b554d1982a689cce938a150459	archive-xwzx-2026-part-005.tar.gz
UploadFiles/xwzx/2026/6/202606240914153855.JPG	15084731	06ecb89554989860d78aa099fe21188c749093223487ad746d3036371a1b0cea	archive-xwzx-2026-part-005.tar.gz
UploadFiles/xwzx/2026/6/202606240914154393.JPG	14808913	55fa05cbab29f3d041fc872ef58656064abf2e2b2e3d1c151f66fca5cd2bff83	archive-xwzx-2026-part-005.tar.gz
UploadFiles/xwzx/2026/6/202606240914172184.JPG	1559796	855f83b7e2d08bc5eadc90e503aff2cc9e8dcb0ef81a96bf4fe59248816ad4e5	archive-xwzx-2026-part-005.tar.gz
UploadFiles/xwzx/2026/6/202606240914175875.JPG	1313750	cd7fca850e0904594f606ff724c7c34f5ddbd42963419b46a3bc9b538df52f58	archive-xwzx-2026-part-005.tar.gz
UploadFiles/xwzx/2026/6/202606240914179099.JPG	1285135	d5851d09c766d3626c2633a5091293c5b039ee111ba9b71311cc813c23e62d7e	archive-xwzx-2026-part-005.tar.gz
UploadFiles/xwzx/2026/6/202606240914179252.JPG	16020904	246fd1614290fd6d43d84dd7a617926d444fd9755080c20dcda2e76d17294605	archive-xwzx-2026-part-005.tar.gz
UploadFiles/xwzx/2026/6/202606240914183961.jpg	265602	e71b427ff17b44939022beb8cbde6d848650f95b6ef0a610315f7a3bded563e8	archive-xwzx-2026-part-005.tar.gz
UploadFiles/xwzx/2026/6/202606240914185707.JPG	1621587	191431f21d307fe8db3307a84413ce6df64d24940545784df3859da6b8ceac5d	archive-xwzx-2026-part-005.tar.gz
UploadFiles/xwzx/2026/6/202606240914187934.JPG	14636119	7351a22c95828cd11b346cf916eea56154629dba74d0701b0f8a4257e2c7cdfe	archive-xwzx-2026-part-005.tar.gz
UploadFiles/xwzx/2026/6/202606240914189010.JPG	1649943	07a39e1ff977bfeb9515605c08d93a0b0fcd4eb169f5f5af6109ef30fe1a42b6	archive-xwzx-2026-part-005.tar.gz
UploadFiles/xwzx/2026/6/202606240914190125.JPG	821606	96f7881a4d4b667fc7b0e7d43bf2a5edd17fe507cc85236f6958ebbefbd83227	archive-xwzx-2026-part-005.tar.gz
UploadFiles/xwzx/2026/6/202606240914190572.JPG	2336283	7369ddd767570c1c83b7f137f04c802c4874e6ad5adc3e3e5217d68b3e9c648e	archive-xwzx-2026-part-005.tar.gz
UploadFiles/xwzx/2026/6/202606240914191151.JPG	2103624	7432b49be10ca6b1bde56b4c70b67c8f4d8ea5ffefa5a6b9f8c1aab5a05fe4ac	archive-xwzx-2026-part-005.tar.gz
UploadFiles/xwzx/2026/6/202606240914192000.jpg	125316	31fde5578018b8b94779760fe25598fe3e13b2f930a44d76397449d641c9ffff	archive-xwzx-2026-part-005.tar.gz
UploadFiles/xwzx/2026/6/202606240914195060.jpg	23725	8cff936a52d092cfe5b80880a6e6ca88d6678ee7b4b9d082d323af95591ac9fb	archive-xwzx-2026-part-005.tar.gz
UploadFiles/xwzx/2026/6/202606240914196748.jpg	2199132	04b639f428e0c471afda1efbe0d7bddfd45e933d66106b16c2baf301b063a065	archive-xwzx-2026-part-005.tar.gz
UploadFiles/xwzx/2026/6/202606240914198846.JPG	16514466	c52d48aca6643c3b861207b3e79f79355aedc9c4ae4bef53f15a8055d7cfb602	archive-xwzx-2026-part-005.tar.gz
UploadFiles/xwzx/2026/6/202606240914199226.JPG	2996477	cf45f43c2bd5d0ed85887ca7b252fd457504bf2c15542825f3b04f0aef4c73fa	archive-xwzx-2026-part-005.tar.gz
UploadFiles/xwzx/2026/6/202606241558465392.png	32658	c4f797c0fd8f346d18725defc9565fbbca6b9a81331bc313bd58e532830e7e76	archive-xwzx-2026-part-005.tar.gz
UploadFiles/xwzx/2026/6/202606251628226621.png	31073	b23b72b2f4fc7909f0423cb8c35c956b2379b74a735e725632275103d1c6a9c5	archive-xwzx-2026-part-005.tar.gz
UploadFiles/xwzx/2026/6/202606260834317560.png	236750	1286b55f176cf8f5ca06b9fe540ddf1c3b6a45678ddfbd98ae88c91247c97e9a	archive-xwzx-2026-part-005.tar.gz
UploadFiles/xwzx/2026/6/202606260835557230.png	228390	9b691eaa04c58966cdbad16b1a85297a012bedbe6d29df6ab40386fd2a6f0d27	archive-xwzx-2026-part-005.tar.gz
UploadFiles/xwzx/2026/6/202606260838591300.png	234352	315bf8c864e385e6f3f535f6642e61a258bd226012a2535675218bcb88a9ae72	archive-xwzx-2026-part-005.tar.gz
UploadFiles/xwzx/2026/6/202606260840234508.png	235380	435eee708f8809efb7cced248629eb9958317f4b95d29cd6e9e3ed87038df046	archive-xwzx-2026-part-005.tar.gz
UploadFiles/xwzx/2026/6/202606260841193145.png	3245	f4a75ec657f43378c8673bd0cad568c0882ab750bf44e23b7516fa18db865131	archive-xwzx-2026-part-005.tar.gz
UploadFiles/xwzx/2026/6/202606260841504401.png	8731	4bca0f7ea87d3adf0fef1bbdefe83eeda77115bc98ca344286d225d54d5ce1ef	archive-xwzx-2026-part-005.tar.gz
UploadFiles/xwzx/2026/6/202606260850482481.png	256417	69499de405190c6e36aa003ea07f94a7640f8141ea70f5488e5e8c50f8f63ca2	archive-xwzx-2026-part-005.tar.gz
UploadFiles/xwzx/2026/6/202606260852146136.png	255109	56469e17d409798e9cea4f30445fbe191247502e15de8ab6c1f111d96d40304b	archive-xwzx-2026-part-005.tar.gz
UploadFiles/xwzx/2026/6/202606260853253365.png	248740	e8932eed797aaddd1f98028d394d07cab42029f4237f34dfc65d63a69a0d44db	archive-xwzx-2026-part-005.tar.gz
UploadFiles/xwzx/2026/6/202606260856434977.png	256695	631f7eab90b23a49318dec07a4d4cc302c885e57571d2f8252a30080faab5447	archive-xwzx-2026-part-005.tar.gz
UploadFiles/xwzx/2026/6/202606260857574464.png	18992	d24748271108551cfcb00abbf7071c696c518a2286d7828322e664ef0fd0e05b	archive-xwzx-2026-part-005.tar.gz
UploadFiles/xwzx/2026/6/202606260928177428.png	38104	0ea7b25e3092e02556e5fa44b3c8cf93c3ddf29381ba8cad596fff3bd2377649	archive-xwzx-2026-part-005.tar.gz
UploadFiles/xwzx/2026/6/202606260928202272.png	92228	28127db2ae70b83af656da7bb4216e3a4f879e2f131bed3e5eb69832cd67995d	archive-xwzx-2026-part-005.tar.gz
UploadFiles/xwzx/2026/6/202606260928334476.png	203302	93a4ed58a38fd437fd4a2d62e62ea6393b2bd584f9643aaa117f0a87df584b80	archive-xwzx-2026-part-005.tar.gz
UploadFiles/xwzx/2026/6/202606260928444842.png	149904	2b61e48da2a59bfddfa23804827ef0989cb5406529f205be060918e7a9abc87f	archive-xwzx-2026-part-005.tar.gz
UploadFiles/xwzx/2026/6/202606260948312459.png	40736	3cdfa2c69f3cbebbc3be81767b7a670470c3a8ec266a1a9f8539d5c1e3c9e0b0	archive-xwzx-2026-part-005.tar.gz
UploadFiles/xwzx/2026/6/202606260948345904.png	160602	2f8aa6727ee7902eb892ba0662aaf545ac5f41f06c469a23f1393211fbf617cf	archive-xwzx-2026-part-005.tar.gz
UploadFiles/xwzx/2026/6/202606260948376378.png	129489	7895184c936c954d15be760a422bc6d73261bf2f50b745413009bddbbe250a5c	archive-xwzx-2026-part-005.tar.gz
UploadFiles/xwzx/2026/6/202606261019263028.png	193082	41168384707f11c8e77225f3c80d351b29bbaaa8ad53f88c9e5c0cfa6c0cab2b	archive-xwzx-2026-part-005.tar.gz
UploadFiles/xwzx/2026/6/202606261028106946.png	108742	4640d5a677e3b577b685f0e56b2a0391ec91f5b11192df60bd6085eb817065c7	archive-xwzx-2026-part-005.tar.gz
UploadFiles/xwzx/2026/6/202606261045270025.png	30754	924b36a7cdfbd5c8533c12074b9245780683819b542c75e4af2ce38ec1e0f645	archive-xwzx-2026-part-005.tar.gz
UploadFiles/xwzx/2026/6/202606261210020423.png	81236	36a474c9e13e64d21510a66bece1c83dc809665320f90aa86a8f488a4ed1c493	archive-xwzx-2026-part-005.tar.gz
UploadFiles/xwzx/2026/6/202606261630269223.jpg	109929	2a096294546d590a73d31ef6a7b286bc7858831f427d6982db6ae2dc2abf6a41	archive-xwzx-2026-part-005.tar.gz
UploadFiles/xwzx/2026/6/202606291004314107.docx	16250	6d3da6ef4cf9d79745b9835bb73e02895a1c3cb161ffa750d9d8a4809239f934	archive-xwzx-2026-part-005.tar.gz
UploadFiles/xwzx/2026/6/202606291004444177.docx	18457	3f7a0b3bdca2e05dfca00e3ba11b7fc8359c548f6785b4065502d7bbe76c252f	archive-xwzx-2026-part-005.tar.gz
UploadFiles/xwzx/2026/6/202606291005037586.docx	16653	6451ed8b216ad6855fec9491d4e919a53e64a74d5f1733eb8a8fe81f9411848f	archive-xwzx-2026-part-005.tar.gz
UploadFiles/xwzx/2026/6/202606291005188707.docx	15775	32c7a0f12f1ef00c3cc54f1b274c281214c986c6e8bc86cd910c44284e5d6a6b	archive-xwzx-2026-part-005.tar.gz
UploadFiles/xwzx/2026/6/202606291027074278.png	9078	29dc26f5d612f119c81da4c40dd06bd9724644caa20ab91ad2171f99fffd6c44	archive-xwzx-2026-part-005.tar.gz
UploadFiles/xwzx/2026/6/202606291041440560.png	1318922	f326ff9c1c3ac719834c48d980d8fbfceeb3ced118069d7fe75302785aaab691	archive-xwzx-2026-part-005.tar.gz
UploadFiles/xwzx/2026/6/202606291209275841.png	29557	81ca93cac59bb2a8ceb8cbf29d0dc5a66a3d289fef649f8f968ea97cadea4d30	archive-xwzx-2026-part-005.tar.gz
UploadFiles/xwzx/2026/6/202606291209286971.png	26041	052088b83fba22bd50dd2d86e193088e43af915f7c5e31663c397ff3bcd4957b	archive-xwzx-2026-part-005.tar.gz
UploadFiles/xwzx/2026/6/202606291445586917.png	31050	f0e2f3e102b191e155d0d4d62e06a11d139cbbfdc90f4cbf7869fcc40aaeccda	archive-xwzx-2026-part-005.tar.gz
UploadFiles/xwzx/2026/6/202606291446208725.png	31389	81d26c2295bbfca2379a6d2f3f356af6f61bd4619fcca0cab79af69e0af675b9	archive-xwzx-2026-part-005.tar.gz
UploadFiles/xwzx/2026/6/202606300838217534.png	180608	c80d99559a2dd46b027aca57fd9f8f0a71f7dfdd397b506131cb7a439567a10f	archive-xwzx-2026-part-005.tar.gz
UploadFiles/xwzx/2026/6/202606301035463319.JPG	15828322	27ef63a0f0b48cae2e4faec4e811cd9614ae449afeb40de45ac4ec93d67e983f	archive-xwzx-2026-part-005.tar.gz
UploadFiles/xwzx/2026/6/202606301035482731.JPG	16021031	f2346efece4e30223a4a0440a25191031e18f06ea3eb6aff6750b09f359a784d	archive-xwzx-2026-part-005.tar.gz
UploadFiles/xwzx/2026/6/202606301035509574.JPG	15980000	f26865c00eeeb4018d72272e1d2a4e0a6067fe5ba12d92c5b59a3dba067f7800	archive-xwzx-2026-part-005.tar.gz
UploadFiles/xwzx/2026/6/202606301035511787.JPG	16440615	c7198f29514acddfd59233ef9d5c91bd72466e6fd2ca891a96e25905003e381a	archive-xwzx-2026-part-005.tar.gz
UploadFiles/xwzx/2026/6/202606301035528405.JPG	16117711	a537472c9ad3d6483da8e11394492084dd769f126ca8f62c3f0b1e42495a49f7	archive-xwzx-2026-part-005.tar.gz
UploadFiles/xwzx/2026/6/202606301035529286.JPG	16276609	a41ce8c7903338780ef2397c84c3fcc1ac2d4ca7f69f430c80f1451bf20debfa	archive-xwzx-2026-part-005.tar.gz
UploadFiles/xwzx/2026/6/202606301035530799.JPG	16767246	6d5c9ad41202dc21842b1f3cb55f1fc1add2e011ec1b27b7d85543fc32628b34	archive-xwzx-2026-part-005.tar.gz
UploadFiles/xwzx/2026/6/202606301035552004.JPG	16756241	f9bebacd4224fd87238c49ed0621fde74b634315fe32ca4fba7be2127f1d704e	archive-xwzx-2026-part-005.tar.gz
UploadFiles/xwzx/2026/6/202606301035573036.JPG	15824964	c50464f1cddb46667a406fa5a172d1fdbb64f284a44232a2b7de86f41b82a547	archive-xwzx-2026-part-005.tar.gz
UploadFiles/xwzx/2026/6/202606301035576216.JPG	16386849	7f8772da90288e53758ea394f26f9c8b5e4bb8a1cf046cb24a65c49bacb6f9a2	archive-xwzx-2026-part-005.tar.gz
UploadFiles/xwzx/2026/7/202607010821510777.png	42235	1d668f43991fc1c6ea69737ccb499d8852e3bd7fee79ef5ff60d77b96f29825d	archive-xwzx-2026-part-005.tar.gz
UploadFiles/xwzx/2026/7/202607011520426492.png	31279	afce4cb9c86faeeb2afb165905fb4c109f721850bae5086f002c42b4a5d6cd5e	archive-xwzx-2026-part-005.tar.gz
UploadFiles/xwzx/2026/7/202607011550522921.png	30924	5354ce6141360e05952fdb53f7978b71263ecc7b8aff3e2eac83469c2fd7c125	archive-xwzx-2026-part-005.tar.gz
UploadFiles/xwzx/2026/7/202607020909214679.png	31069	1b9f0d6b31492bb9ccf64092c2370987b3d9a5e81350b25a310cc0a17ca0527c	archive-xwzx-2026-part-005.tar.gz
UploadFiles/xwzx/2026/7/202607021052130459.png	1142974	f2a04b94236fc034ffc705690c0f5d1c3330e7c86cf82ac33d573fc94abcd8b2	archive-xwzx-2026-part-005.tar.gz
UploadFiles/xwzx/2026/7/202607021052136210.png	422875	766bd650e765082807c5b8806a84860f3fa6e9cf6b68b318e131e7adbf3837a2	archive-xwzx-2026-part-005.tar.gz
UploadFiles/xwzx/2026/7/202607021052137679.png	1695232	b2f12928ab6fe8289b95b14f1adb7cd07e079b2baca720cec506960479c3226d	archive-xwzx-2026-part-005.tar.gz
UploadFiles/xwzx/2026/7/202607021052137709.png	1476202	dbbb280f8422f58b0c13f11128ff1fb28cb81f1ba658ddfc475d528e8699ef4c	archive-xwzx-2026-part-005.tar.gz
UploadFiles/xwzx/2026/7/202607021052139024.png	1062755	ff80aa43e64dcf2f67ce53bd6070dd670abb638721a0b3c926b354bd95b711e0	archive-xwzx-2026-part-005.tar.gz
UploadFiles/xwzx/2026/7/202607021445288632.png	30742	d835c1094117832ba7d57557e0ff3f05171eb309554219e32c79db24fef2e4a1	archive-xwzx-2026-part-005.tar.gz
UploadFiles/xwzx/2026/7/202607030754095883.doc	16896	38a313cb8edc857003cc2d2ce6042f55c62fb9eae09e1b62bffe52d9bef63615	archive-xwzx-2026-part-005.tar.gz
UploadFiles/xwzx/2026/7/202607031609405489.jpg	1168086	27ee64b9dac489ad549982b4cfbd0716dee8f5ea65c91f5be5c9ff3685f9e702	archive-xwzx-2026-part-005.tar.gz
UploadFiles/xwzx/2026/7/202607031609409316.jpg	2126428	0f561ea51a0d186b40c5065d5db4a2445a412cbe5769356e9e7b16fa3504fd1c	archive-xwzx-2026-part-005.tar.gz
UploadFiles/xwzx/2026/7/202607031609412873.jpg	3984433	6b505af0cc8cd7c498d7bcf29a130ae1caccb3e3dee89f2b75196758ce41fd71	archive-xwzx-2026-part-005.tar.gz
UploadFiles/xwzx/2026/7/202607031609415274.jpg	3842535	490e2a274b78e552ac27d35c3f1e6132ced033ed2368b5ae9a13298f7b98d328	archive-xwzx-2026-part-005.tar.gz
UploadFiles/xwzx/2026/7/202607031609436012.jpg	1724048	ed3ad3c8a9d1f3fdb63112fb5acd24ff88fb05422786b86eae96bb8102c64c02	archive-xwzx-2026-part-005.tar.gz
UploadFiles/xwzx/2026/7/202607031609439878.jpg	3083445	aa422ee7d5e358573a473a204322349092f6a3d3fccc75878b8888de7fa95ffe	archive-xwzx-2026-part-005.tar.gz
UploadFiles/xwzx/2026/7/202607031609442372.jpg	4303989	5378dd5cc064756ee91d7ad765680059059a50ca37daefb2e7fa993f78cf6ef3	archive-xwzx-2026-part-005.tar.gz
UploadFiles/xwzx/2026/7/202607031609449488.jpg	159762	72db3fded8ddad5051cee393461e12f850050695a66bc124ef04591a5923b0f6	archive-xwzx-2026-part-005.tar.gz
UploadFiles/xwzx/2026/7/202607031609451541.jpg	102682	90dabb809dab7487101e28e965738ca74dc253149feb4e21e12979ab260760ff	archive-xwzx-2026-part-005.tar.gz
UploadFiles/xwzx/2026/7/202607031609456677.jpg	3435738	1e02d71ac66a795e26e8ef6ccbf082b76b37a7ebfbb06d299bf0f5a376584204	archive-xwzx-2026-part-005.tar.gz
UploadFiles/xwzx/2026/7/202607031609457566.jpg	98694	9f71a51c23a203779dc0c09da649e1609a196b49a6ab98a3d1475d04fcab98cc	archive-xwzx-2026-part-005.tar.gz
UploadFiles/xwzx/2026/7/202607031609457813.jpg	193903	a8f09560c40c641e40c734dde307c89825fd2f7117b37bc6de7589f23360d007	archive-xwzx-2026-part-005.tar.gz
UploadFiles/xwzx/2026/7/202607031609457816.jpg	2123232	6765a1071cebf2ddaf560cbba37044a45c84ad0c2405c36e5f41d79c84c44bc2	archive-xwzx-2026-part-005.tar.gz
UploadFiles/xwzx/2026/7/202607031609458481.JPG	137639	6aa5b3ba81469475865f9655c21e0a075902062da973389dc93ede6c7d11241c	archive-xwzx-2026-part-005.tar.gz
UploadFiles/xwzx/2026/7/202607031647404867.png	16349	347d2e4ba116fdf6b2c3f0bc76e00dd3ca6d30ab0c80981127b2a197a8b8cfd3	archive-xwzx-2026-part-005.tar.gz
UploadFiles/xwzx/2026/7/202607051504527447.png	48641	3d2fce5c7d2e05910ca962eb6e4849c818afb31bd59b4414ed2fe248ee52972a	archive-xwzx-2026-part-005.tar.gz
UploadFiles/xwzx/2026/7/202607051506030397.png	895024	d646172cdc246c0810b1ed0c3ccdad5365a321c2ca0e76617cfb6895f2f864f6	archive-xwzx-2026-part-005.tar.gz
UploadFiles/xwzx/2026/7/202607071139168983.png	80842	df07f798a5a14df7fd581f8abdec6fde2ed011fd48f1e06caa375c52e2d3e291	archive-xwzx-2026-part-005.tar.gz
UploadFiles/xwzx/2026/7/202607071141106244.pdf	2112706	5236f31c8167cf408d28a6dbd266496c065fbacd7c0acdd22d4a21a07b7f50fe	archive-xwzx-2026-part-005.tar.gz
UploadFiles/xwzx/2026/7/202607071141356087.docx	64533	4a0bc209468328477c2e61d1643399605e569822d26933a05e7efc3e2c3dfd1d	archive-xwzx-2026-part-005.tar.gz
UploadFiles/xwzx/2026/7/202607071141521706.xls	29184	eda9f21831d6ebef5b041b0a717a30ce7d1b3d4e67dab860255baf5a95cc8f74	archive-xwzx-2026-part-005.tar.gz
UploadFiles/xwzx/2026/7/202607071145344348.pdf	6131488	08e1bfa5b9faa04248026ba64a44f91997da4f24d3ca0af5f438ade6f58fefa9	archive-xwzx-2026-part-005.tar.gz
UploadFiles/xwzx/2026/7/202607071146072292.xlsx	11057	7b9e0d004ef1458f7a72e2cdecdd170202200ff145ebb89a8999d54a518110f5	archive-xwzx-2026-part-005.tar.gz
UploadFiles/xwzx/2026/7/202607071352052500.png	61251	485044eb6bf72bcf5285abbfbf592f6090e2cf7dfded36c1d92f3de8179c4a1d	archive-xwzx-2026-part-005.tar.gz
UploadFiles/xwzx/2026/7/202607071352542074.png	61524	9c47d89ec6a007fa094dc05581218683ff8a8b2df122f01211ebf2545b5f4ce6	archive-xwzx-2026-part-005.tar.gz
UploadFiles/xwzx/2026/7/202607081222298710.doc	29696	152bc581de431fa7e8b526bc0c9b302215725ba8f5628c2fee5f8d335c63b75b	archive-xwzx-2026-part-005.tar.gz
UploadFiles/xwzx/2026/7/202607081229259360.pdf	3045003	6b5602373198f0519dcdacf704b949cb1389766a16d2250c5c7370ae84b1b4c7	archive-xwzx-2026-part-005.tar.gz
UploadFiles/xwzx/2026/8/202608110854229228.png	320036	be2271af5eed7104dc0624cbde53865b776d72afe2876ada651bbb579e75259a	archive-xwzx-2026-part-005.tar.gz
UploadFiles/xwzx/2026/8/202608120810322165.png	155654	8721eb0e1614fa9f198d0ea517c990fbeff612a2ae50014a9e611688dc9f7b26	archive-xwzx-2026-part-005.tar.gz
UploadFiles/xwzx/2026/8/202608120957011102.png	20153	fb257b87508e808afc859555c1d0f09faf6cadfba5c31d66df63d90cfeb08a94	archive-xwzx-2026-part-005.tar.gz
UploadFiles/xwzx/2026/8/202608131653136788.png	37709	764807673782ee6e4b909ae00f0053193d9e9d6400dabaadfb62fe51238d112f	archive-xwzx-2026-part-005.tar.gz
UploadFiles/xwzx/2026/8/202608141105378118.png	304538	fe3c9d5a3ce4c2463de25169abec4c8996d1801e807fc10ffb90b111fc770c47	archive-xwzx-2026-part-005.tar.gz
UploadFiles/xwzx/2026/8/202608141105378587.png	509802	aabaac70d69ca760a6f6c85b66e90028fbb4a5dcd21fa323152a76de158d0200	archive-xwzx-2026-part-005.tar.gz
UploadFiles/xwzx/2026/8/202608171807303924.png	38589	327ae47035f77045303100b4895077fcbabe88ff96ad9d7d10fa2f14ed2207f6	archive-xwzx-2026-part-005.tar.gz
UploadFiles/xwzx/2026/8/202608171808265878.png	21366	d05ec2d768b457a30fabb6f7adf2707e279c02d96dd90ff70615350cf5b0ef2f	archive-xwzx-2026-part-005.tar.gz
UploadFiles/xwzx/2026/8/202608171808554239.png	132334	3417745a7fac590155fc41184e404834523e6c8441ab3d2a5ef330091b83cc4c	archive-xwzx-2026-part-005.tar.gz
UploadFiles/xwzx/2026/8/202608171809168065.png	19355	1c496fe0c4dc82e29b53a0e020d55cfbd998df21308b3a4ce9538d584c509e6a	archive-xwzx-2026-part-005.tar.gz
UploadFiles/xwzx/2026/8/202608171809339414.png	53617	4796141d7c07e135596c1339cb53e67c8d698452604918f6a134d97c19f068ac	archive-xwzx-2026-part-005.tar.gz
UploadFiles/xwzx/2026/8/202608191041288934.jpg	47916	c03e59712cb0e590cea3535be9858fd9856a73c3d717de323a156ac478e7a447	archive-xwzx-2026-part-005.tar.gz
UploadFiles/xwzx/2026/8/202608191041292158.jpg	124721	b48ddef8fa62b4fc03a1a5562fd89ebd0185b293fc778734607f2499b5d355ad	archive-xwzx-2026-part-005.tar.gz
UploadFiles/xwzx/2026/8/202608191041294328.jpg	122933	7a159ab10ae112fd924b33e84e4a60254493c6e2652c4e114e8f0179d4e5694d	archive-xwzx-2026-part-005.tar.gz
UploadFiles/xwzx/2026/8/202608191047263368.JPG	8406092	04056a637dbf14143a1d936830d80fbde3799052ee2df9df3770e1e504c2d93f	archive-xwzx-2026-part-005.tar.gz
UploadFiles/xwzx/2026/8/202608191050401523.jpg	37500	e2b0abd3f3f2d86ad054f9ff358402987e946dcb4cc119c05397d1bd668327a5	archive-xwzx-2026-part-005.tar.gz
UploadFiles/xwzx/2026/8/202608191050402190.jpg	93753	504ece36b9a4bb1e91e969f6d1d0f0858c27c12a7cd61e4a4d5331772c48dbc6	archive-xwzx-2026-part-005.tar.gz
UploadFiles/xwzx/2026/8/202608191050406078.jpg	56522	0141e70e1ebad8a87d10c0085dc90b090cd349f48eae0d159b60f8445e7a5140	archive-xwzx-2026-part-005.tar.gz
UploadFiles/xwzx/2026/8/202608191050406282.jpg	267670	65fbd6bc599f23e4d99a39775c8de1624afa812491c5c48afb120d84c04a79d8	archive-xwzx-2026-part-005.tar.gz
UploadFiles/xwzx/2026/8/202608191731104587.png	62134	cb7398c561462088d708e60dac5afa5e11ada16438a879204d40eda51a8a8dcc	archive-xwzx-2026-part-005.tar.gz
